group,a,b,metric,n_rows,n_days,gain,lo,hi,unit,experiment
overall,H,D,rmse,41418,15,1.266620609454833,-2.0519341836251686,5.746598361627404,E1,E1
overall,H,D,mae,41418,15,-0.2847627133485844,-2.867698091387289,2.30056924160497,E1,E1
overall,A,B,rmse,41418,15,-7.491485023345632,-14.019237770745264,-2.277284176401972,E1,E1
overall,A,B,mae,41418,15,-2.6884998195711205,-8.173155329099016,2.2597263128751117,E1,E1
overall,A,R,rmse,41418,15,-0.5234276349432321,-1.599739381193195,0.19151875942300597,E1,E1
overall,A,R,mae,41418,15,-0.6861059736793038,-1.4840529054430838,0.15327663264150476,E1,E1
overall,R,B,rmse,41418,15,-6.9680573884024,-12.59796994480956,-2.2967844938606743,E1,E1
overall,R,B,mae,41418,15,-2.0023938458918167,-6.874777353374977,2.4004101703555882,E1,E1
overall,H,A,rmse,41418,15,138.28949090830127,74.7917303701515,196.57698518020857,E1,E1
overall,H,A,mae,41418,15,101.48286540846861,51.779451096990826,160.8615897392609,E1,E1
overall,P-sim,P-cs,rmse,41418,15,2.1352490383432183,-0.7825036307189431,6.776776145404833,E1,E1
overall,P-sim,P-cs,mae,41418,15,1.0573285093057478,-1.736212718209259,4.1650012413626385,E1,E1
overall,H,C,rmse,41418,15,0.675384932404512,-4.38008919960822,5.999949355088943,E1,E1
overall,H,C,mae,41418,15,-0.11433440509861725,-4.092387210784194,3.488193078887376,E1,E1
overall,H,P-sim,rmse,41418,15,-5.9340413569488675,-10.622354326879059,-1.5307404103995461,E1,E1
overall,H,P-sim,mae,41418,15,-9.590985739755197,-14.688798513979734,-5.109024252480256,E1,E1
overall,S-geo,R,rmse,41418,15,147.10784948839557,80.64520500117155,208.1818326586569,E1,E1
overall,S-geo,R,mae,41418,15,112.26000871984922,62.35058083704562,172.0036711118459,E1,E1
overall,S-geo,A,rmse,41418,15,147.6312771233388,82.27807948806232,208.36709215381157,E1,E1
overall,S-geo,A,mae,41418,15,112.94611469352853,62.86504514759374,173.16775665914892,E1,E1
overall,S-geo,P-sim,rmse,41418,15,3.4077448580886482,0.6410820009755075,6.177888484755373,E1,E1
overall,S-geo,P-sim,mae,41418,15,1.8722635453047118,-0.8737507804967956,4.91045530403903,E1,E1
overall,S-geo,H,rmse,41418,15,9.341786215037516,5.3639471577328335,13.779239958284855,E1,E1
overall,S-geo,H,mae,41418,15,11.46324928505991,7.226384634134123,15.843732064914992,E1,E1
overall,S-geo,D,rmse,41418,15,10.608406824492349,4.890856068749194,17.488941823678733,E1,E1
overall,S-geo,D,mae,41418,15,11.178486571711325,5.65086300037238,16.929855617698102,E1,E1
sensor:P0,H,D,rmse,4602,15,-0.5032287593554514,-1.287896902410863,0.3099074427820755,E1,E1
sensor:P0,H,D,mae,4602,15,-0.6669442369392158,-1.6759571345468518,0.30573108866468857,E1,E1
sensor:P0,A,B,rmse,4602,15,1.6721573995133951,0.7551150713048969,2.3727556734137667,E1,E1
sensor:P0,A,B,mae,4602,15,0.3488504185571344,-0.34049255617552915,1.0218557351655142,E1,E1
sensor:P0,A,R,rmse,4602,15,1.2118396369071718,0.2786615496195445,1.87316692116354,E1,E1
sensor:P0,A,R,mae,4602,15,-0.0007440872952031441,-0.7018256403198627,0.7179601050790595,E1,E1
sensor:P0,R,B,rmse,4602,15,0.46031776260622337,0.35438848025144837,0.5663331037437,E1,E1
sensor:P0,R,B,mae,4602,15,0.34959450585233753,0.11324206347152953,0.565417601461329,E1,E1
sensor:P0,H,A,rmse,4602,15,129.61943741751492,63.84857820906288,189.46884266654513,E1,E1
sensor:P0,H,A,mae,4602,15,95.97794880276165,46.321381215220676,155.4891705574883,E1,E1
sensor:P0,P-sim,P-cs,rmse,4602,15,-0.591933913321455,-1.1372439383959485,0.00835001208853789,E1,E1
sensor:P0,P-sim,P-cs,mae,4602,15,-0.13129904471690423,-0.8599390932544185,0.5929737426642568,E1,E1
sensor:P0,H,C,rmse,4602,15,0.09180707211393724,-3.8323657994936626,4.496315512923094,E1,E1
sensor:P0,H,C,mae,4602,15,0.4108433807422216,-5.705590965831864,5.843060443081674,E1,E1
sensor:P0,H,P-sim,rmse,4602,15,-5.680423067033956,-10.338325506743054,-1.3206973760068368,E1,E1
sensor:P0,H,P-sim,mae,4602,15,-10.351412697842541,-15.160556284640567,-5.660220431371534,E1,E1
sensor:P0,H,S,rmse,4602,15,-8.493825784073877,-13.083753475347287,-3.525877288388091,E1,E1
sensor:P0,H,S,mae,4602,15,-9.996538817360083,-15.971148358696668,-4.378537931114187,E1,E1
sensor:P0,S-geo,S,rmse,4602,15,0.026991458613537134,-0.19517990411592728,0.29864442941906083,E1,E1
sensor:P0,S-geo,S,mae,4602,15,0.46613876387802833,-0.041630297068008915,1.2216450556395086,E1,E1
sensor:P0,S-geo,R,rmse,4602,15,139.3520942971095,72.44700525290021,199.98714939463872,E1,E1
sensor:P0,S-geo,R,mae,4602,15,106.43988229670455,57.60384770462251,164.56426202781628,E1,E1
sensor:P0,S-geo,A,rmse,4602,15,138.14025466020234,71.67780893660074,198.37579056127018,E1,E1
sensor:P0,S-geo,A,mae,4602,15,106.44062638399976,57.14149160632102,164.5737965164983,E1,E1
sensor:P0,S-geo,P-sim,rmse,4602,15,2.840394175653458,-0.8875057793999904,6.343268936376312,E1,E1
sensor:P0,S-geo,P-sim,mae,4602,15,0.11126488339557028,-4.272999730800063,4.845029727783866,E1,E1
sensor:P0,S-geo,H,rmse,4602,15,8.520817242687414,3.743383133945109,13.016014677090505,E1,E1
sensor:P0,S-geo,H,mae,4602,15,10.462677581238111,4.711980006603442,16.88811787227261,E1,E1
sensor:P0,S-geo,D,rmse,4602,15,8.017588483331963,3.4712478256437294,12.17497220367005,E1,E1
sensor:P0,S-geo,D,mae,4602,15,9.795733344298895,4.514412191692071,15.612626425919881,E1,E1
sensor:P1,H,D,rmse,4602,15,-0.0711773411622687,-0.8979276061676927,0.9644246561432787,E1,E1
sensor:P1,H,D,mae,4602,15,-0.3442477292824293,-1.304713492645756,0.668567196290676,E1,E1
sensor:P1,A,B,rmse,4602,15,2.824969658641919,2.120620716621084,3.4977972008026907,E1,E1
sensor:P1,A,B,mae,4602,15,2.3556036274380006,1.5340011335550863,3.2936564281512433,E1,E1
sensor:P1,A,R,rmse,4602,15,1.4007608961962603,0.6508119403357376,1.9682379163148538,E1,E1
sensor:P1,A,R,mae,4602,15,0.2523947804431259,-0.44316339519146336,0.9291663247676494,E1,E1
sensor:P1,R,B,rmse,4602,15,1.4242087624456587,1.102338002800471,1.8703434441445288,E1,E1
sensor:P1,R,B,mae,4602,15,2.1032088469948746,1.2588959861482287,3.1190396406240843,E1,E1
sensor:P1,H,A,rmse,4602,15,128.03987142838875,63.40609862961659,187.23198087777794,E1,E1
sensor:P1,H,A,mae,4602,15,95.18851412596187,47.43368516224021,153.17396031274697,E1,E1
sensor:P1,P-sim,P-cs,rmse,4602,15,-0.3639434152826908,-1.2069806365965454,0.8742423337425737,E1,E1
sensor:P1,P-sim,P-cs,mae,4602,15,-0.016334767712990583,-1.250809400415759,1.1114149236003361,E1,E1
sensor:P1,H,C,rmse,4602,15,0.14356480702238628,-3.104048784557158,3.9506921858858846,E1,E1
sensor:P1,H,C,mae,4602,15,-0.9988494678807314,-5.151353617855867,3.091705163387434,E1,E1
sensor:P1,H,P-sim,rmse,4602,15,-4.281451347095313,-8.85243701315212,0.011896266272044296,E1,E1
sensor:P1,H,P-sim,mae,4602,15,-8.371250544478002,-13.444725747571416,-3.4426045304146036,E1,E1
sensor:P1,H,S,rmse,4602,15,-6.699777936675545,-11.076669402367239,-1.584471054720328,E1,E1
sensor:P1,H,S,mae,4602,15,-7.919645799403277,-12.436821034003842,-3.2305044303260755,E1,E1
sensor:P1,S-geo,S,rmse,4602,15,0.7140987031477408,-0.20915133977393055,2.779903590291747,E1,E1
sensor:P1,S-geo,S,mae,4602,15,1.4568948203317262,0.17238285640147666,3.7717683569203775,E1,E1
sensor:P1,S-geo,R,rmse,4602,15,136.8545089644083,70.63941025767527,198.11923229143238,E1,E1
sensor:P1,S-geo,R,mae,4602,15,104.81744952614,56.62559462863609,162.2512570481156,E1,E1
sensor:P1,S-geo,A,rmse,4602,15,135.45374806821204,69.64800444558304,196.21518921842394,E1,E1
sensor:P1,S-geo,A,mae,4602,15,104.56505474569687,56.14762782240038,161.76406791720248,E1,E1
sensor:P1,S-geo,P-sim,rmse,4602,15,3.132425292727973,-0.6544094133334404,6.719395865320523,E1,E1
sensor:P1,S-geo,P-sim,mae,4602,15,1.005290075257001,-2.322607983031767,4.711219922271686,E1,E1
sensor:P1,S-geo,H,rmse,4602,15,7.413876639823286,2.770303455135955,11.70473544977524,E1,E1
sensor:P1,S-geo,H,mae,4602,15,9.376540619735003,4.253851931101172,15.037791035361515,E1,E1
sensor:P1,S-geo,D,rmse,4602,15,7.342699298661017,2.790449900006334,11.736215026884665,E1,E1
sensor:P1,S-geo,D,mae,4602,15,9.032292890452574,3.825250881372634,14.790601144622686,E1,E1
sensor:P3,H,D,rmse,4602,15,-0.43397152607175826,-1.4035099600225913,0.5786879790814441,E1,E1
sensor:P3,H,D,mae,4602,15,-0.6438104270042686,-1.8634801797154334,0.5087033578451762,E1,E1
sensor:P3,A,B,rmse,4602,15,2.3530260773805196,1.4224321144926393,3.102144873586392,E1,E1
sensor:P3,A,B,mae,4602,15,1.4353615810756253,0.49886226221736507,2.265828992878737,E1,E1
sensor:P3,A,R,rmse,4602,15,1.6869288825710385,0.8065460790908894,2.353867756273874,E1,E1
sensor:P3,A,R,mae,4602,15,0.5960464106541394,-0.10479422531038976,1.290613421580736,E1,E1
sensor:P3,R,B,rmse,4602,15,0.6660971948094812,0.5465743790686843,0.7868458341526022,E1,E1
sensor:P3,R,B,mae,4602,15,0.8393151704214858,0.4480870339435796,1.2344116145326902,E1,E1
sensor:P3,H,A,rmse,4602,15,129.4107055086394,64.48153551278476,188.71006725836335,E1,E1
sensor:P3,H,A,mae,4602,15,96.41284942629007,47.6209932925833,154.73785065869447,E1,E1
sensor:P3,P-sim,P-cs,rmse,4602,15,-0.6304441529682236,-1.3231619608466367,0.14565145519283443,E1,E1
sensor:P3,P-sim,P-cs,mae,4602,15,-0.22032780826849319,-1.2299124896109819,0.8226176202215181,E1,E1
sensor:P3,H,C,rmse,4602,15,-0.1365534166814797,-3.666324406190261,3.7926216436549134,E1,E1
sensor:P3,H,C,mae,4602,15,-0.08972799748724469,-5.242458866443814,4.460717678252177,E1,E1
sensor:P3,H,P-sim,rmse,4602,15,-4.732347573116172,-9.508296086308919,-0.2504107633068477,E1,E1
sensor:P3,H,P-sim,mae,4602,15,-8.929147322060558,-14.02590280277874,-3.9684587487156855,E1,E1
sensor:P3,H,S,rmse,4602,15,-7.359356039609764,-12.081577226970378,-2.3057884950869973,E1,E1
sensor:P3,H,S,mae,4602,15,-8.473721587448146,-13.760463092460549,-3.4318394898484046,E1,E1
sensor:P3,S-geo,S,rmse,4602,15,0.12602659256189952,-0.15515971500525474,0.5096981562522191,E1,E1
sensor:P3,S-geo,S,mae,4602,15,0.8004298019991154,0.21545723972707903,1.659521364004385,E1,E1
sensor:P3,S-geo,R,rmse,4602,15,138.5830170233821,71.78691658736624,200.2961407327707,E1,E1
sensor:P3,S-geo,R,mae,4602,15,106.28304722639146,57.6384900872329,163.95988210506442,E1,E1
sensor:P3,S-geo,A,rmse,4602,15,136.89608814081106,70.58045736602031,198.00053535705345,E1,E1
sensor:P3,S-geo,A,mae,4602,15,105.68700081573732,56.891845381621216,163.4014768650517,E1,E1
sensor:P3,S-geo,P-sim,rmse,4602,15,2.7530350590554917,-1.087492423645148,6.372181516807268,E1,E1
sensor:P3,S-geo,P-sim,mae,4602,15,0.34500406738670364,-3.191892302434636,4.320855165667219,E1,E1
sensor:P3,S-geo,H,rmse,4602,15,7.485382632171664,2.64272890307477,12.036014394073456,E1,E1
sensor:P3,S-geo,H,mae,4602,15,9.274151389447262,4.114239738285168,15.040043916878364,E1,E1
sensor:P3,S-geo,D,rmse,4602,15,7.051411106099906,2.4719922249724298,11.552431883864186,E1,E1
sensor:P3,S-geo,D,mae,4602,15,8.630340962442993,3.7307926302756718,13.861229400800589,E1,E1
sensor:P4,H,D,rmse,4602,15,0.12896231942065128,-0.5708238318896331,1.0800011034578656,E1,E1
sensor:P4,H,D,mae,4602,15,-0.08222388101314948,-1.1993484308163842,0.8653108398444098,E1,E1
sensor:P4,A,B,rmse,4602,15,1.8509719546553924,1.0388927508268282,2.48696132529993,E1,E1
sensor:P4,A,B,mae,4602,15,0.9433250580496804,0.1699329681070168,1.8222256783073691,E1,E1
sensor:P4,A,R,rmse,4602,15,1.4337053909593749,0.6034500139836773,2.034652895977419,E1,E1
sensor:P4,A,R,mae,4602,15,0.5176188328139233,-0.2904190421334533,1.446264372939403,E1,E1
sensor:P4,R,B,rmse,4602,15,0.41726656369601756,0.3404530288541444,0.5004341617125654,E1,E1
sensor:P4,R,B,mae,4602,15,0.4257062252357571,0.3027698155014093,0.5480114036580843,E1,E1
sensor:P4,H,A,rmse,4602,15,132.87016989398055,69.06770056447714,191.86214039651645,E1,E1
sensor:P4,H,A,mae,4602,15,100.96556620354514,53.29550217537539,157.3414516677691,E1,E1
sensor:P4,P-sim,P-cs,rmse,4602,15,-0.25443004515473433,-0.872017478431799,0.49191578597469066,E1,E1
sensor:P4,P-sim,P-cs,mae,4602,15,0.37677913345328307,-0.49581501288703844,1.346325037856648,E1,E1
sensor:P4,H,C,rmse,4602,15,0.3079586692063856,-3.3629134938302543,4.593090259409731,E1,E1
sensor:P4,H,C,mae,4602,15,2.0251270559596577,-2.1343940862328776,6.691182351890555,E1,E1
sensor:P4,H,P-sim,rmse,4602,15,-3.7890488176575445,-8.671403139509122,0.6715860152753549,E1,E1
sensor:P4,H,P-sim,mae,4602,15,-6.104954393633811,-11.761258314945254,-0.43427898212897864,E1,E1
sensor:P4,H,S,rmse,4602,15,-4.923526507662146,-9.834304231255505,0.9963441623849164,E1,E1
sensor:P4,H,S,mae,4602,15,-3.3181153989875085,-9.770355019525239,4.238483818300047,E1,E1
sensor:P4,S-geo,S,rmse,4602,15,0.2423100692274005,-0.0683108271947841,0.8090596291279758,E1,E1
sensor:P4,S-geo,S,mae,4602,15,0.6177448175213556,0.0994361366753557,1.4137597486138382,E1,E1
sensor:P4,S-geo,R,rmse,4602,15,139.46971186182947,71.57971927544787,200.60385965237978,E1,E1
sensor:P4,S-geo,R,mae,4602,15,105.41904525286793,56.508248290928535,163.9388545123465,E1,E1
sensor:P4,S-geo,A,rmse,4602,15,138.0360064708701,70.64475130497222,198.50154297343767,E1,E1
sensor:P4,S-geo,A,mae,4602,15,104.90142642005401,55.72726373144348,164.00593222913773,E1,E1
sensor:P4,S-geo,P-sim,rmse,4602,15,1.376787759232002,-3.132382436121284,5.1448935400357785,E1,E1
sensor:P4,S-geo,P-sim,mae,4602,15,-2.169094177124947,-8.205105671388173,2.804972589911688,E1,E1
sensor:P4,S-geo,H,rmse,4602,15,5.1658365768895464,-0.4094580215140578,9.902482364159974,E1,E1
sensor:P4,S-geo,H,mae,4602,15,3.935860216508864,-2.9794188270910587,10.021436519724555,E1,E1
sensor:P4,S-geo,D,rmse,4602,15,5.294798896310198,-0.059625015065333985,9.838630739930652,E1,E1
sensor:P4,S-geo,D,mae,4602,15,3.8536363354957146,-3.505319287916897,10.012509199840062,E1,E1
sensor:P5,H,D,rmse,4602,15,-0.3845117994781333,-1.1884908091306294,0.5402578739598975,E1,E1
sensor:P5,H,D,mae,4602,15,-0.524332518688766,-1.461952867709055,0.36774650107276446,E1,E1
sensor:P5,A,B,rmse,4602,15,3.3045756551954355,2.5268322397114056,4.016137225006891,E1,E1
sensor:P5,A,B,mae,4602,15,3.343927358559455,2.2487217504349117,4.43278344142191,E1,E1
sensor:P5,A,R,rmse,4602,15,1.6076720017296395,0.9279745127351958,2.1619167559398016,E1,E1
sensor:P5,A,R,mae,4602,15,0.8741852707488533,0.1926681218492412,1.5378297933723157,E1,E1
sensor:P5,R,B,rmse,4602,15,1.696903653465796,1.3147795730304501,2.163347512285734,E1,E1
sensor:P5,R,B,mae,4602,15,2.4697420878106016,1.3213359507466695,3.735566415766268,E1,E1
sensor:P5,H,A,rmse,4602,15,128.40528864102689,63.97484352743057,187.69072402307899,E1,E1
sensor:P5,H,A,mae,4602,15,95.73627108803132,48.47656483704397,152.9878387508737,E1,E1
sensor:P5,P-sim,P-cs,rmse,4602,15,-0.7363253097237674,-1.562149766111777,0.3420990271372977,E1,E1
sensor:P5,P-sim,P-cs,mae,4602,15,-0.3976805205098728,-1.7996270891800303,1.0715569452958897,E1,E1
sensor:P5,H,C,rmse,4602,15,-0.37773366912028905,-3.627521676972651,3.3781881454503497,E1,E1
sensor:P5,H,C,mae,4602,15,-1.1008516490922773,-4.971427668297422,2.841466762119491,E1,E1
sensor:P5,H,P-sim,rmse,4602,15,-4.446156254197021,-9.029019997712467,-0.10433725599879559,E1,E1
sensor:P5,H,P-sim,mae,4602,15,-7.944278965995849,-13.109190463004566,-3.027121948753637,E1,E1
sensor:P5,H,S,rmse,4602,15,-6.89118113122052,-11.16899196335234,-2.1021737432322323,E1,E1
sensor:P5,H,S,mae,4602,15,-8.078215035953022,-12.507260063349888,-3.335635032698479,E1,E1
sensor:P5,S-geo,S,rmse,4602,15,0.7210887242204933,-0.08300100366823102,2.463695929561272,E1,E1
sensor:P5,S-geo,S,mae,4602,15,1.6322282864769093,0.40726989125496293,3.669721686613001,E1,E1
sensor:P5,S-geo,R,rmse,4602,15,137.62523049819754,71.032771428521,199.26605000429768,E1,E1
sensor:P5,S-geo,R,mae,4602,15,106.32089968121011,59.1913799603778,163.1411660639565,E1,E1
sensor:P5,S-geo,A,rmse,4602,15,136.0175584964679,69.83406831446727,196.9369311412479,E1,E1
sensor:P5,S-geo,A,mae,4602,15,105.44671441046125,58.07302038573768,162.33264398004607,E1,E1
sensor:P5,S-geo,P-sim,rmse,4602,15,3.1661136012439925,-0.25137338080073873,6.382140449829496,E1,E1
sensor:P5,S-geo,P-sim,mae,4602,15,1.766164356434082,-1.7001294240353506,5.221071893400435,E1,E1
sensor:P5,S-geo,H,rmse,4602,15,7.6122698554410135,3.267388287003172,11.827308236809285,E1,E1
sensor:P5,S-geo,H,mae,4602,15,9.710443322429931,4.979440744489998,14.62308144525786,E1,E1
sensor:P5,S-geo,D,rmse,4602,15,7.22775805596288,2.955386116329319,11.381737120306965,E1,E1
sensor:P5,S-geo,D,mae,4602,15,9.186110803741165,4.601871222869583,13.809641336981333,E1,E1
sensor:P6,H,D,rmse,4602,15,-0.15166661749923094,-0.8837902685319637,0.7207150366805357,E1,E1
sensor:P6,H,D,mae,4602,15,-0.46130832011823486,-1.5138437232823283,0.5424148093383634,E1,E1
sensor:P6,A,B,rmse,4602,15,1.7513950803573834,0.9116009646463425,2.3953675890173383,E1,E1
sensor:P6,A,B,mae,4602,15,0.646340576504258,-0.01649635358459988,1.3183769900763678,E1,E1
sensor:P6,A,R,rmse,4602,15,1.1704110218468315,0.328552540361509,1.761368233512877,E1,E1
sensor:P6,A,R,mae,4602,15,0.14431171388184794,-0.5948249491064537,0.8589553476344375,E1,E1
sensor:P6,R,B,rmse,4602,15,0.5809840585105519,0.4648286349973283,0.6983981158812835,E1,E1
sensor:P6,R,B,mae,4602,15,0.5020288626224101,0.2863856367691916,0.7041008870858553,E1,E1
sensor:P6,H,A,rmse,4602,15,130.01249216202393,66.22680700578378,188.7547950274731,E1,E1
sensor:P6,H,A,mae,4602,15,97.05815444737843,49.11903159951864,155.08588269987308,E1,E1
sensor:P6,P-sim,P-cs,rmse,4602,15,-0.39906017983742004,-1.0091570744728735,0.3170644363242016,E1,E1
sensor:P6,P-sim,P-cs,mae,4602,15,0.11421844196161857,-0.6851335647271624,0.8871972903320922,E1,E1
sensor:P6,H,C,rmse,4602,15,-0.37757925571047224,-3.699087747275785,3.5064957715549974,E1,E1
sensor:P6,H,C,mae,4602,15,-0.6335346935590138,-4.757541272814725,3.5755961734557515,E1,E1
sensor:P6,H,P-sim,rmse,4602,15,-4.182696170160554,-8.758247013354275,0.19597473485954045,E1,E1
sensor:P6,H,P-sim,mae,4602,15,-8.227241228579416,-13.38420206753458,-3.2637536253489468,E1,E1
sensor:P6,H,S,rmse,4602,15,-6.690973326016746,-11.139479222183608,-1.7663360364547718,E1,E1
sensor:P6,H,S,mae,4602,15,-7.681749295109093,-12.459075178322971,-2.626574351914085,E1,E1
sensor:P6,S-geo,S,rmse,4602,15,0.10618245284072714,-0.17967843440258696,0.5278697721994255,E1,E1
sensor:P6,S-geo,S,mae,4602,15,0.5860343218093149,0.024476447638324926,1.441137776602093,E1,E1
sensor:P6,S-geo,R,rmse,4602,15,137.9800589627282,71.77379046556804,198.6273283797474,E1,E1
sensor:P6,S-geo,R,mae,4602,15,105.47024977817868,57.919143046593895,162.78698572909457,E1,E1
sensor:P6,S-geo,A,rmse,4602,15,136.8096479408814,70.93573187475982,196.9397029069318,E1,E1
sensor:P6,S-geo,A,mae,4602,15,105.32593806429684,57.32599733738397,163.02536642310181,E1,E1
sensor:P6,S-geo,P-sim,rmse,4602,15,2.6144596086969187,-1.2416359920237816,6.051290265696269,E1,E1
sensor:P6,S-geo,P-sim,mae,4602,15,0.040542388338991486,-3.8116017843180896,3.937894627450935,E1,E1
sensor:P6,S-geo,H,rmse,4602,15,6.797155778857473,2.1349723446213056,11.122387263348733,E1,E1
sensor:P6,S-geo,H,mae,4602,15,8.267783616918408,3.3916595612927996,12.964489608949435,E1,E1
sensor:P6,S-geo,D,rmse,4602,15,6.645489161358242,2.162398561804604,10.803586851687236,E1,E1
sensor:P6,S-geo,D,mae,4602,15,7.806475296800173,2.9711534743767554,12.359180621223725,E1,E1
sensor:P7,H,D,rmse,4602,15,-0.232077107022036,-1.026584939355032,0.6785422393774487,E1,E1
sensor:P7,H,D,mae,4602,15,-0.4382904853674603,-1.4962786195108817,0.6191262088640851,E1,E1
sensor:P7,A,B,rmse,4602,15,3.3035972431909784,2.4761942248736717,4.037312248149664,E1,E1
sensor:P7,A,B,mae,4602,15,3.5040049481378333,2.467092996843923,4.575952328685738,E1,E1
sensor:P7,A,R,rmse,4602,15,1.4724760142257765,0.7387564906367594,2.0379052344155606,E1,E1
sensor:P7,A,R,mae,4602,15,0.6357479187914237,-0.036691425476700346,1.2824301689422877,E1,E1
sensor:P7,R,B,rmse,4602,15,1.831121228965202,1.5135070434987696,2.2147736347270714,E1,E1
sensor:P7,R,B,mae,4602,15,2.8682570293464096,1.9488106038901976,3.876578388713083,E1,E1
sensor:P7,H,A,rmse,4602,15,129.67776682543104,65.40076834639018,189.30117202154864,E1,E1
sensor:P7,H,A,mae,4602,15,95.17143650337857,47.323824330989154,152.60802065312222,E1,E1
sensor:P7,P-sim,P-cs,rmse,4602,15,-0.5631191524983308,-1.3529511146211182,0.3601778730021939,E1,E1
sensor:P7,P-sim,P-cs,mae,4602,15,-0.2220195288315594,-1.6335801572334232,1.2011650200267605,E1,E1
sensor:P7,H,C,rmse,4602,15,0.5496906797332031,-2.869337236690683,4.505210139238907,E1,E1
sensor:P7,H,C,mae,4602,15,0.8535935896447739,-3.1641790567292705,4.583575252573824,E1,E1
sensor:P7,H,P-sim,rmse,4602,15,-4.508529261665927,-9.132059846020507,-0.18933939712245934,E1,E1
sensor:P7,H,P-sim,mae,4602,15,-8.732078058386449,-13.852280993735771,-3.756884545598268,E1,E1
sensor:P7,H,S,rmse,4602,15,-6.254809413625139,-10.808989890961131,-1.1475603480064778,E1,E1
sensor:P7,H,S,mae,4602,15,-6.450185011180999,-10.790933840703767,-1.874204066606849,E1,E1
sensor:P7,S-geo,S,rmse,4602,15,0.7674318168074166,0.10268174078654653,2.1029088207055904,E1,E1
sensor:P7,S-geo,S,mae,4602,15,1.8711401908300758,0.648411230265781,3.6915224100308377,E1,E1
sensor:P7,S-geo,R,rmse,4602,15,138.17248407008935,71.47634729875354,199.26134036993412,E1,E1
sensor:P7,S-geo,R,mae,4602,15,104.12850962418108,55.8104150309611,162.02677944800405,E1,E1
sensor:P7,S-geo,A,rmse,4602,15,136.70000805586358,70.5338241311473,197.29318971040328,E1,E1
sensor:P7,S-geo,A,mae,4602,15,103.49276170538965,54.88011143424308,161.30586804791673,E1,E1
sensor:P7,S-geo,P-sim,rmse,4602,15,2.5137119687666285,-1.0486609838412009,5.8105771452500505,E1,E1
sensor:P7,S-geo,P-sim,mae,4602,15,-0.4107528563753746,-3.739635434435027,3.039087912631795,E1,E1
sensor:P7,S-geo,H,rmse,4602,15,7.022241230432556,2.339733707190648,11.396863115952122,E1,E1
sensor:P7,S-geo,H,mae,4602,15,8.321325202011074,3.910050751624483,12.602223399126592,E1,E1
sensor:P7,S-geo,D,rmse,4602,15,6.79016412341052,2.3345902697323666,11.00667885282845,E1,E1
sensor:P7,S-geo,D,mae,4602,15,7.883034716643614,3.3800695630720505,12.119465131771959,E1,E1
sensor:P8,H,D,rmse,4602,15,-0.34746645075993854,-1.096225932283541,0.4596358979209502,E1,E1
sensor:P8,H,D,mae,4602,15,-0.5950796007696653,-1.6638274366101113,0.4121296538387215,E1,E1
sensor:P8,A,B,rmse,4602,15,1.5389269527452143,0.6549607595175406,2.193797417623034,E1,E1
sensor:P8,A,B,mae,4602,15,0.161439227221166,-0.4291425199003047,0.7429060004178853,E1,E1
sensor:P8,A,R,rmse,4602,15,1.1883718141185113,0.28978191620702776,1.8141353255473744,E1,E1
sensor:P8,A,R,mae,4602,15,-0.11771335063988886,-0.730682109760761,0.5165761329894124,E1,E1
sensor:P8,R,B,rmse,4602,15,0.35055513862670296,0.2700584465666928,0.43241628910818825,E1,E1
sensor:P8,R,B,mae,4602,15,0.27915257786105485,0.09370633618475317,0.4475874059640375,E1,E1
sensor:P8,H,A,rmse,4602,15,129.09906009104088,64.35256138566938,188.72004097842375,E1,E1
sensor:P8,H,A,mae,4602,15,95.5026076945543,46.66868737866457,154.30969615749643,E1,E1
sensor:P8,P-sim,P-cs,rmse,4602,15,-0.5414845515864073,-1.0982133926311632,0.06631177776318295,E1,E1
sensor:P8,P-sim,P-cs,mae,4602,15,-0.23804943030354764,-0.9174082903308779,0.37518602699639886,E1,E1
sensor:P8,H,C,rmse,4602,15,0.2912235135618175,-3.3257270883059022,4.40967604166228,E1,E1
sensor:P8,H,C,mae,4602,15,0.5397380071730993,-4.38975592858166,5.089834154043021,E1,E1
sensor:P8,H,P-sim,rmse,4602,15,-4.762055108024356,-9.297300271270476,-0.3741804245500617,E1,E1
sensor:P8,H,P-sim,mae,4602,15,-9.225982601719458,-14.376522093628177,-4.186126403924033,E1,E1
sensor:P8,H,S,rmse,4602,15,-7.570556060621087,-11.978989443698241,-2.6485825259604283,E1,E1
sensor:P8,H,S,mae,4602,15,-8.644333777775486,-13.333356204753338,-3.607610462514056,E1,E1
sensor:P8,S-geo,S,rmse,4602,15,0.061894014377614326,-0.15768393932161934,0.38468722235757363,E1,E1
sensor:P8,S-geo,S,mae,4602,15,0.48753456063305833,0.0014702451419504224,1.2588473008739514,E1,E1
sensor:P8,S-geo,R,rmse,4602,15,137.9198819801581,71.43113581328879,198.64883638046948,E1,E1
sensor:P8,S-geo,R,mae,4602,15,104.51676268232296,55.39236312557769,162.36380142419577,E1,E1
sensor:P8,S-geo,A,rmse,4602,15,136.73151016603958,70.523593577626,196.9133369424535,E1,E1
sensor:P8,S-geo,A,mae,4602,15,104.63447603296285,55.43314922911514,162.6033202543469,E1,E1
sensor:P8,S-geo,P-sim,rmse,4602,15,2.870394966974345,-0.9308096442857774,6.417918721687026,E1,E1
sensor:P8,S-geo,P-sim,mae,4602,15,-0.09411426331091377,-3.7184798409644224,3.8867909083349677,E1,E1
sensor:P8,S-geo,H,rmse,4602,15,7.632450074998701,2.8935118911838553,11.932216874751004,E1,E1
sensor:P8,S-geo,H,mae,4602,15,9.131868338408545,4.103966013922113,13.966469031541326,E1,E1
sensor:P8,S-geo,D,rmse,4602,15,7.2849836242387624,2.710553744872216,11.359970371637116,E1,E1
sensor:P8,S-geo,D,mae,4602,15,8.53678873763888,3.535375586191094,13.183868184677385,E1,E1
sensor:Pinc,H,D,rmse,4602,15,10.518295181905017,-16.030229310697703,39.80722813391892,E1,E1
sensor:Pinc,H,D,mae,4602,15,1.1933727790460296,-25.316303131494013,27.388005484854414,E1,E1
sensor:Pinc,A,B,rmse,4602,15,-70.96311061067786,-110.8398849362568,-32.59397251604972,E1,E1
sensor:Pinc,A,B,mae,4602,15,-36.93535117168278,-86.35958996379358,8.476068487581834,E1,E1
sensor:Pinc,A,R,rmse,4602,15,-11.774344025454127,-14.495338876740915,-8.907531408655208,E1,E1
sensor:Pinc,A,R,mae,4602,15,-9.076801252512524,-13.644805032926463,-3.613598612028255,E1,E1
sensor:Pinc,R,B,rmse,4602,15,-59.18876658522373,-96.55432843007637,-23.686036013511483,E1,E1
sensor:Pinc,R,B,mae,4602,15,-27.858549919170258,-72.63099643976634,12.735815778349808,E1,E1
sensor:Pinc,H,A,rmse,4602,15,194.97856813421774,130.44592837976302,257.07184941147113,E1,E1
sensor:Pinc,H,A,mae,4602,15,141.3324403843157,79.23688287733569,213.52036068796667,E1,E1
sensor:Pinc,P-sim,P-cs,rmse,4602,15,18.834573394003897,-2.908855060143316,45.22289945042979,E1,E1
sensor:Pinc,P-sim,P-cs,mae,4602,15,10.250670108679998,-11.572040871745298,34.548418411373476,E1,E1
sensor:Pinc,H,C,rmse,4602,15,4.5083640519108314,-18.97490136144119,28.65607509922166,E1,E1
sensor:Pinc,H,C,mae,4602,15,-2.0353478713885806,-25.24615058583981,20.411762833704532,E1,E1
sensor:Pinc,H,P-sim,rmse,4602,15,-15.088450769088652,-23.716334943460808,-7.5109270597029845,E1,E1
sensor:Pinc,H,P-sim,mae,4602,15,-18.432525845100955,-28.3261372558161,-9.6839225718655,E1,E1
sensor:Pinc,S-geo,R,rmse,4602,15,206.9239176017859,137.95975014956383,276.6643484609856,E1,E1
sensor:Pinc,S-geo,R,mae,4602,15,166.94423241064501,99.76769756168575,247.11111962620413,E1,E1
sensor:Pinc,S-geo,A,rmse,4602,15,218.69826162724002,147.89610289986302,291.6470602612479,E1,E1
sensor:Pinc,S-geo,A,mae,4602,15,176.02103366315754,105.85170468747593,260.0982463757276,E1,E1
sensor:Pinc,S-geo,P-sim,rmse,4602,15,8.63124272393361,4.147612975654159,16.89553188219098,E1,E1
sensor:Pinc,S-geo,P-sim,mae,4602,15,16.256067433740895,9.977003722582555,24.75974607534966,E1,E1
sensor:Pinc,S-geo,H,rmse,4602,15,23.719693493022262,13.099465067990733,37.54048947347436,E1,E1
sensor:Pinc,S-geo,H,mae,4602,15,34.68859327884185,23.17663778886245,48.37768691891121,E1,E1
sensor:Pinc,S-geo,D,rmse,4602,15,34.23798867492728,11.279954685820936,65.12453022333128,E1,E1
sensor:Pinc,S-geo,D,mae,4602,15,35.88196605788788,16.364136757130996,63.41161340267291,E1,E1
sky:sunny,H,D,rmse,9369,3,16.166375441985615,5.127919538828948,36.493674629540905,E1,E1
sky:sunny,H,D,mae,9369,3,7.156048415821381,4.306041827790246,12.039518770138855,E1,E1
sky:sunny,A,B,rmse,9369,3,18.601868655393815,6.200499053305265,49.65041584100766,E1,E1
sky:sunny,A,B,mae,9369,3,10.026367441753269,6.802365038356093,17.647021937839813,E1,E1
sky:sunny,A,R,rmse,9369,3,1.1111882838304936,0.23333901851661665,3.9483404514663256,E1,E1
sky:sunny,A,R,mae,9369,3,1.073075031659009,-0.4175129244260418,1.947020416178436,E1,E1
sky:sunny,R,B,rmse,9369,3,17.49068037156332,5.483990631276782,45.702075389541335,E1,E1
sky:sunny,R,B,mae,9369,3,8.95329241009426,5.576086351170517,15.700001521661378,E1,E1
sky:sunny,H,A,rmse,9369,3,-10.125760783501732,-28.892505957394793,0.8282888399302095,E1,E1
sky:sunny,H,A,mae,9369,3,-11.703315536705826,-25.57455258400471,0.4159236998051483,E1,E1
sky:sunny,P-sim,P-cs,rmse,9369,3,18.017701501678673,5.922004512999017,45.407204747864306,E1,E1
sky:sunny,P-sim,P-cs,mae,9369,3,9.811220159523156,6.803353378736009,17.439268934491178,E1,E1
sky:sunny,H,C,rmse,9369,3,12.282853723797338,6.020543244274535,24.368191806337947,E1,E1
sky:sunny,H,C,mae,9369,3,4.6930503408820385,-0.7985346578675063,7.803952326381278,E1,E1
sky:sunny,H,P-sim,rmse,9369,3,-7.952145845115943,-21.55001752449811,0.8141837304673558,E1,E1
sky:sunny,H,P-sim,mae,9369,3,-10.037292583984776,-22.805082544181158,0.38611578283970616,E1,E1
sky:sunny,S-geo,R,rmse,9369,3,0.7424266837832576,0.05357298266215338,1.9894181508558262,E1,E1
sky:sunny,S-geo,R,mae,9369,3,-0.30612872750985076,-2.981947658072123,2.602141635784669,E1,E1
sky:sunny,S-geo,A,rmse,9369,3,-0.368761600047236,-1.9589223006104994,1.618770839667949,E1,E1
sky:sunny,S-geo,A,mae,9369,3,-1.3792037591688597,-4.808549321765799,0.6610715405582219,E1,E1
sky:sunny,S-geo,P-sim,rmse,9369,3,1.8048533383385532,0.9255781924690325,5.383566132286184,E1,E1
sky:sunny,S-geo,P-sim,mae,9369,3,0.28681919355219065,-2.3662750640188364,3.4245912594297856,E1,E1
sky:sunny,S-geo,H,rmse,9369,3,9.756999183454496,0.7904819997377395,26.933583656784293,E1,E1
sky:sunny,S-geo,H,mae,9369,3,10.324111777536967,0.2451478407530736,26.229673803610943,E1,E1
sky:sunny,S-geo,D,rmse,9369,3,25.92337462544011,10.79373379082805,63.4272582863252,E1,E1
sky:sunny,S-geo,D,mae,9369,3,17.480160193358348,4.551189668543319,38.2691925737498,E1,E1
sky:mixed,H,D,rmse,12384,4,2.8968431246553052,0.20265059484862036,9.585488918630688,E1,E1
sky:mixed,H,D,mae,12384,4,0.3922881461845549,-1.3713250095933915,2.084498393079329,E1,E1
sky:mixed,A,B,rmse,12384,4,-0.637668125202083,-4.005132491195212,4.34141843770462,E1,E1
sky:mixed,A,B,mae,12384,4,1.500202448414825,-2.4644767155958505,5.0016773035232935,E1,E1
sky:mixed,A,R,rmse,12384,4,-0.4276727383665957,-2.17356277435465,0.5969994729116195,E1,E1
sky:mixed,A,R,mae,12384,4,-0.4642500578897568,-2.122308213410207,0.7878943540284524,E1,E1
sky:mixed,R,B,rmse,12384,4,-0.20999538683548735,-3.195573113071873,4.22940468656881,E1,E1
sky:mixed,R,B,mae,12384,4,1.964452506304582,-1.26782180205538,4.631067526772478,E1,E1
sky:mixed,H,A,rmse,12384,4,39.123640055075185,18.092417979158277,58.03262712540301,E1,E1
sky:mixed,H,A,mae,12384,4,35.081350602615075,6.101354993203692,63.70448764719778,E1,E1
sky:mixed,P-sim,P-cs,rmse,12384,4,2.270428585882456,-0.7636421498778247,9.950546316143544,E1,E1
sky:mixed,P-sim,P-cs,mae,12384,4,0.5982132199326458,-1.6571651205527616,3.139435492287916,E1,E1
sky:mixed,H,C,rmse,12384,4,5.585522507882814,1.2362713639062406,13.16031395894359,E1,E1
sky:mixed,H,C,mae,12384,4,1.4699849646549552,-2.5584089558920766,6.6929650925349335,E1,E1
sky:mixed,H,P-sim,rmse,12384,4,-1.793239584588406,-9.673634606219295,3.2093861845459912,E1,E1
sky:mixed,H,P-sim,mae,12384,4,-5.65263953007387,-12.534432870076344,0.4550700597499997,E1,E1
sky:mixed,S-geo,R,rmse,12384,4,47.29666537637645,25.067695495127275,70.75144556730623,E1,E1
sky:mixed,S-geo,R,mae,12384,4,47.7913501896096,23.746529654514262,75.39845903294969,E1,E1
sky:mixed,S-geo,A,rmse,12384,4,47.72433811474305,24.41865732812852,72.51832853630185,E1,E1
sky:mixed,S-geo,A,mae,12384,4,48.25560024749936,22.756884144875926,76.67141273800142,E1,E1
sky:mixed,S-geo,P-sim,rmse,12384,4,6.807458475079457,1.513599167149088,10.739733792151156,E1,E1
sky:mixed,S-geo,P-sim,mae,12384,4,7.521610114810414,4.518175405883575,13.076853525073048,E1,E1
sky:mixed,S-geo,H,rmse,12384,4,8.600698059667863,4.778375694823737,17.988020105382375,E1,E1
sky:mixed,S-geo,H,mae,12384,4,13.174249644884284,7.201239679626255,17.052608275959926,E1,E1
sky:mixed,S-geo,D,rmse,12384,4,11.497541184323168,5.583165412510937,27.59566412360718,E1,E1
sky:mixed,S-geo,D,mae,12384,4,13.56653779106884,7.688254332495411,19.137106669039255,E1,E1
sky:cloudy,H,D,rmse,10530,4,-2.51929456369011,-6.354294325007501,-0.909678659129213,E1,E1
sky:cloudy,H,D,mae,10530,4,-3.9314739557421348,-5.938833435293965,-1.8394885084380945,E1,E1
sky:cloudy,A,B,rmse,10530,4,-9.19091614357626,-22.38144115244353,-2.158954272877338,E1,E1
sky:cloudy,A,B,mae,10530,4,-7.83944490248814,-14.342323681622418,-2.310330141293093,E1,E1
sky:cloudy,A,R,rmse,10530,4,-0.3398841428899573,-2.47719663757033,0.6756592557095473,E1,E1
sky:cloudy,A,R,mae,10530,4,-1.4058375772804084,-1.838510130001368,-1.0749703310819996,E1,E1
sky:cloudy,R,B,rmse,10530,4,-8.851032000686303,-19.5722303439274,-2.7202367269991896,E1,E1
sky:cloudy,R,B,mae,10530,4,-6.433607325207731,-12.936729476015785,-1.2121067619955284,E1,E1
sky:cloudy,H,A,rmse,10530,4,210.64374606871553,127.69358795292612,261.3089653435096,E1,E1
sky:cloudy,H,A,mae,10530,4,191.115454884269,133.61896797579186,235.08335663781034,E1,E1
sky:cloudy,P-sim,P-cs,rmse,10530,4,-0.8839350450296735,-2.864007311092752,1.4284536342184708,E1,E1
sky:cloudy,P-sim,P-cs,mae,10530,4,-2.573033435392418,-4.377265787155691,-0.7561154439812725,E1,E1
sky:cloudy,H,C,rmse,10530,4,-2.739325932327617,-8.497861910358608,7.652741554573012,E1,E1
sky:cloudy,H,C,mae,10530,4,2.087578884946666,-5.067267216561575,8.734112730774095,E1,E1
sky:cloudy,H,P-sim,rmse,10530,4,-8.450768456790627,-15.500982333681804,1.2724495888967624,E1,E1
sky:cloudy,H,P-sim,mae,10530,4,-9.98781373335241,-23.35432351839387,0.8004855322503062,E1,E1
sky:cloudy,S-geo,R,rmse,10530,4,220.42966912832455,125.46633207030901,281.6798647419754,E1,E1
sky:cloudy,S-geo,R,mae,10530,4,199.75639351362804,133.40160721900838,250.49828891539602,E1,E1
sky:cloudy,S-geo,A,rmse,10530,4,220.7695532712145,127.48269548864938,281.11858228785354,E1,E1
sky:cloudy,S-geo,A,mae,10530,4,201.16223109090845,135.24011734900972,251.57325924647802,E1,E1
sky:cloudy,S-geo,P-sim,rmse,10530,4,1.6750387457083349,-3.1529773344941816,10.778910921327963,E1,E1
sky:cloudy,S-geo,P-sim,mae,10530,4,0.05896247328701065,-5.626025350033231,6.297571815870711,E1,E1
sky:cloudy,S-geo,H,rmse,10530,4,10.125807202498962,-2.0063883716539976,19.09912026231791,E1,E1
sky:cloudy,S-geo,H,mae,10530,4,10.046776206639422,0.23702837632063734,21.37708356282549,E1,E1
sky:cloudy,S-geo,D,rmse,10530,4,7.6065126388088515,-5.54811868031355,17.59988229272281,E1,E1
sky:cloudy,S-geo,D,mae,10530,4,6.115302250897287,-4.442016253980711,19.091713713738557,E1,E1
sky:rainy,H,D,rmse,9135,4,-5.141219049904208,-13.642631280857238,-2.6528767429153817,E1,E1
sky:rainy,H,D,mae,9135,4,-4.6304318902777055,-8.24703257928416,-1.9288747490921452,E1,E1
sky:rainy,A,B,rmse,9135,4,-17.60915412499321,-33.725095532296166,-8.711509905806906,E1,E1
sky:rainy,A,B,mae,9135,4,-15.470002669595146,-23.34370348252736,-7.466232557858234,E1,E1
sky:rainy,A,R,rmse,9135,4,-1.2397629494974467,-4.249848671013808,0.4924652636257747,E1,E1
sky:rainy,A,R,mae,9135,4,-1.9614706933544426,-3.7716164739762235,-0.25631237156915176,E1,E1
sky:rainy,R,B,rmse,9135,4,-16.369391175495764,-29.475246861282358,-9.122242108064142,E1,E1
sky:rainy,R,B,mae,9135,4,-13.508531976240704,-19.775620621591656,-7.209920186289082,E1,E1
sky:rainy,H,A,rmse,9135,4,226.9281799042558,171.66407198324367,270.8535150222623,E1,E1
sky:rainy,H,A,mae,9135,4,204.26628319181287,161.96403699206175,247.95729459803465,E1,E1
sky:rainy,P-sim,P-cs,rmse,9135,4,-2.585350288197745,-9.172172258440632,-0.7192946006908443,E1,E1
sky:rainy,P-sim,P-cs,mae,9135,4,-3.113642027051121,-6.737376362752389,-0.4067561377320885,E1,E1
sky:rainy,H,C,rmse,9135,4,-10.500924002602616,-14.497719012190446,-8.995809783659979,E1,E1
sky:rainy,H,C,mae,9135,4,-9.730836397906351,-13.874617725654787,-4.183516233339844,E1,E1
sky:rainy,H,P-sim,rmse,9135,4,-10.275946775148824,-13.41258172216741,-9.048518824209808,E1,E1
sky:rainy,H,P-sim,mae,9135,4,-14.014897273912581,-17.832316586059648,-8.90448109797375,E1,E1
sky:rainy,S-geo,R,rmse,9135,4,237.16045102164696,181.01324625733895,282.23371553630375,E1,E1
sky:rainy,S-geo,R,mae,9135,4,214.2496175982622,165.7560759594309,263.34365454981366,E1,E1
sky:rainy,S-geo,A,rmse,9135,4,238.4002139711444,185.26309492835273,281.8229833340465,E1,E1
sky:rainy,S-geo,A,mae,9135,4,216.21108829161665,169.3241588203666,263.8382365014756,E1,E1
sky:rainy,S-geo,P-sim,rmse,9135,4,1.1960872917397865,0.368266898480897,3.3396496548683743,E1,E1
sky:rainy,S-geo,P-sim,mae,9135,4,-2.070092174108815,-4.097960376304566,-0.2538783475975279,E1,E1
sky:rainy,S-geo,H,rmse,9135,4,11.472034066888611,10.46635184108574,15.183113678850347,E1,E1
sky:rainy,S-geo,H,mae,9135,4,11.944805099803766,7.121827120810657,16.192168358576268,E1,E1
sky:rainy,S-geo,D,rmse,9135,4,6.330815016984403,-0.04360833574818912,8.92088425306332,E1,E1
sky:rainy,S-geo,D,mae,9135,4,7.31437320952606,-0.8869107509793182,13.948882027000309,E1,E1
sky:cloudy+rainy,H,D,rmse,19665,8,-3.565358816028308,-7.354308441209824,-1.9862336047379245,E1,E1
sky:cloudy+rainy,H,D,mae,19665,8,-4.256161508855911,-6.260802555758969,-2.4786347475824373,E1,E1
sky:cloudy+rainy,A,B,rmse,19665,8,-13.017479297184423,-24.54038873192006,-6.354579773279614,E1,E1
sky:cloudy+rainy,A,B,mae,19665,8,-11.384074711922324,-17.64300825781723,-5.815644151186212,E1,E1
sky:cloudy+rainy,A,R,rmse,19665,8,-0.7518333788117957,-2.6120959262617562,0.30109402040955596,E1,E1
sky:cloudy+rainy,A,R,mae,19665,8,-1.6639463245642219,-2.6261789573875545,-0.8607392243042337,E1,E1
sky:cloudy+rainy,R,B,rmse,19665,8,-12.265645918372627,-21.966451477437133,-6.579188914822453,E1,E1
sky:cloudy+rainy,R,B,mae,19665,8,-9.720128387358102,-15.239870105419687,-4.66818946109207,E1,E1
sky:cloudy+rainy,H,A,rmse,19665,8,217.57958445905092,166.53620220647372,255.89869435185662,E1,E1
sky:cloudy+rainy,H,A,mae,19665,8,197.22442089440955,160.280441490368,230.69534612436348,E1,E1
sky:cloudy+rainy,P-sim,P-cs,rmse,19665,8,-1.551891343028629,-3.67527693052115,-0.3244833592445713,E1,E1
sky:cloudy+rainy,P-sim,P-cs,mae,19665,8,-2.8241628269409773,-4.762353016143827,-1.178739235275122,E1,E1
sky:cloudy+rainy,H,C,rmse,19665,8,-5.807987044032259,-9.924984971392078,0.05745003401560551,E1,E1
sky:cloudy+rainy,H,C,mae,19665,8,-3.402440113724168,-9.586646610999871,3.0621446627142364,E1,E1
sky:cloudy+rainy,H,P-sim,rmse,19665,8,-9.133698102621366,-13.713193578144663,-3.4898139434340156,E1,E1
sky:cloudy+rainy,H,P-sim,mae,19665,8,-11.858518444413534,-19.196745206165655,-4.435741406339815,E1,E1
sky:cloudy+rainy,S-geo,R,rmse,19665,8,227.43234403866109,168.89576342016593,270.3561569689139,E1,E1
sky:cloudy+rainy,S-geo,R,mae,19665,8,206.48894383211942,163.94912921269113,244.37596532357784,E1,E1
sky:cloudy+rainy,S-geo,A,rmse,19665,8,228.18417741747288,171.27046039726847,270.30614894023785,E1,E1
sky:cloudy+rainy,S-geo,A,mae,19665,8,208.15289015668364,166.35064564982022,245.2780475045598,E1,E1
sky:cloudy+rainy,S-geo,P-sim,rmse,19665,8,1.47089485580058,-1.4766742924944682,4.739186281990351,E1,E1
sky:cloudy+rainy,S-geo,P-sim,mae,19665,8,-0.9300491821394274,-4.183031629119554,2.6885219598162786,E1,E1
sky:cloudy+rainy,S-geo,H,rmse,19665,8,10.604592958421946,3.755718514610505,16.28464633812906,E1,E1
sky:cloudy+rainy,S-geo,H,mae,19665,8,10.928469262274106,4.727849615949573,17.526062464672542,E1,E1
sky:cloudy+rainy,S-geo,D,rmse,19665,8,7.039234142393639,-1.5322301026607592,13.960555512842829,E1,E1
sky:cloudy+rainy,S-geo,D,mae,19665,8,6.672307753418195,-1.0031492840342686,14.86787195821819,E1,E1
shade:shaded,H,D,rmse,508,15,8.108986762549208,-15.114981163230807,32.79669329431744,E1,E1
shade:shaded,H,D,mae,508,15,5.975132326055618,-12.247391058627453,27.1842523364973,E1,E1
shade:shaded,A,B,rmse,508,15,42.963880283546345,20.630883835642635,58.75773984316472,E1,E1
shade:shaded,A,B,mae,508,15,43.36981796761876,25.04945796520266,57.9176924427165,E1,E1
shade:shaded,A,R,rmse,508,15,1.8910013883832661,-2.3050181361259487,5.905435560376777,E1,E1
shade:shaded,A,R,mae,508,15,2.6170959208526696,-2.177482490927938,7.528801411632787,E1,E1
shade:shaded,R,B,rmse,508,15,41.07287889516308,15.350949530605506,60.55852816598061,E1,E1
shade:shaded,R,B,mae,508,15,40.75272204676609,18.790024386850394,58.98565717460915,E1,E1
shade:shaded,H,A,rmse,508,15,-3.5290348943955934,-10.710496000181434,6.653302299474845,E1,E1
shade:shaded,H,A,mae,508,15,-2.5988328422791547,-11.205784570910705,8.346149950298436,E1,E1
shade:shaded,P-sim,P-cs,rmse,508,15,1.9738200676850752,-22.441234444172217,28.05758450915016,E1,E1
shade:shaded,P-sim,P-cs,mae,508,15,-0.9104333504317026,-20.334019091505816,23.363225927300466,E1,E1
shade:shaded,H,C,rmse,508,15,51.30171458735191,21.976101969124127,85.42537981592378,E1,E1
shade:shaded,H,C,mae,508,15,48.79034692455221,25.580609709198594,78.0577401879267,E1,E1
shade:shaded,H,P-sim,rmse,508,15,5.5792966639127926,2.8943793708177807,7.643375405809745,E1,E1
shade:shaded,H,P-sim,mae,508,15,4.1048799967843514,0.15268703311605558,7.576503310316991,E1,E1
shade:shaded,H,S,rmse,508,15,23.866646828474515,-9.728319690866833,57.61421772903967,E1,E1
shade:shaded,H,S,mae,508,15,17.44649412402728,-5.384338578605586,45.84817936800546,E1,E1
shade:shaded,S-geo,S,rmse,508,15,33.932386383395254,4.228157672427766,66.15092692599805,E1,E1
shade:shaded,S-geo,S,mae,508,15,23.13898889560368,4.246214786296475,52.51346603081625,E1,E1
shade:shaded,S-geo,R,rmse,508,15,8.427706048908412,-0.6388863498317761,16.636499712533958,E1,E1
shade:shaded,S-geo,R,mae,508,15,5.710757850149918,-3.1288285832263116,14.616154821623113,E1,E1
shade:shaded,S-geo,A,rmse,508,15,6.536704660525146,-1.4599999550376221,13.809462522091671,E1,E1
shade:shaded,S-geo,A,mae,508,15,3.093661929297248,-5.007496476580734,11.058936486941654,E1,E1
shade:shaded,S-geo,P-sim,rmse,508,15,15.645036218833532,3.3193726836908457,26.96634587012999,E1,E1
shade:shaded,S-geo,P-sim,mae,508,15,9.797374768360754,-3.2059978286598296,22.8112047352452,E1,E1
shade:shaded,S-geo,H,rmse,508,15,10.06573955492074,-1.1177688612089627,19.994743621792363,E1,E1
shade:shaded,S-geo,H,mae,508,15,5.692494771576403,-4.567333466528176,16.332175365618777,E1,E1
shade:shaded,S-geo,D,rmse,508,15,18.174726317469947,-0.9173215080768506,40.46961925842125,E1,E1
shade:shaded,S-geo,D,mae,508,15,11.667627097632021,-2.017310104583881,32.5887213813434,E1,E1
shade:unshaded,H,D,rmse,40862,15,1.2346377926341177,-2.016227341179742,5.57295967836951,E1,E1
shade:unshaded,H,D,mae,40862,15,-0.37033413482758704,-2.8274597635608334,2.0054534768480767,E1,E1
shade:unshaded,A,B,rmse,40862,15,-7.674877071416546,-14.308841735075156,-2.4625601478216472,E1,E1
shade:unshaded,A,B,mae,40862,15,-3.2842401301035977,-8.81666403301475,1.674213789579551,E1,E1
shade:unshaded,A,R,rmse,40862,15,-0.5286139204088443,-1.6153527991960572,0.1905606730678812,E1,E1
shade:unshaded,A,R,mae,40862,15,-0.7208431748653084,-1.510222527293137,0.11957304277252474,E1,E1
shade:unshaded,R,B,rmse,40862,15,-7.146263151007702,-12.837766786865433,-2.458510892231144,E1,E1
shade:unshaded,R,B,mae,40862,15,-2.5633969552382894,-7.4750935597269415,1.8357373273925446,E1,E1
shade:unshaded,H,A,rmse,40862,15,139.28109915015426,75.41358475228118,198.01645027353356,E1,E1
shade:unshaded,H,A,mae,40862,15,102.86901866463317,52.398345088118724,163.06240483002478,E1,E1
shade:unshaded,P-sim,P-cs,rmse,40862,15,2.139851850216928,-0.6881529067113454,6.652352554204711,E1,E1
shade:unshaded,P-sim,P-cs,mae,40862,15,1.08024545957813,-1.5482969144586824,3.9769713486291076,E1,E1
shade:unshaded,H,C,rmse,40862,15,0.29056534001188083,-4.623595606483738,5.368187790117316,E1,E1
shade:unshaded,H,C,mae,40862,15,-0.7554715324192642,-4.777907008082842,2.930447915791832,E1,E1
shade:unshaded,H,P-sim,rmse,40862,15,-6.008704841725972,-10.728473698101148,-1.5613026718391494,E1,E1
shade:unshaded,H,P-sim,mae,40862,15,-9.77481034515889,-14.922229400860825,-5.289637315417386,E1,E1
shade:unshaded,S-geo,R,rmse,40862,15,148.12991099882908,81.25032665018361,209.6730140088013,E1,E1
shade:unshaded,S-geo,R,mae,40862,15,113.70050245767902,63.201455405721354,174.1772032798212,E1,E1
shade:unshaded,S-geo,A,rmse,40862,15,148.65852491923792,82.84014378501321,209.8454794052526,E1,E1
shade:unshaded,S-geo,A,mae,40862,15,114.42134563254433,63.60540036207935,175.39043979946632,E1,E1
shade:unshaded,S-geo,P-sim,rmse,40862,15,3.3687209273576997,0.5851315652548038,6.143381365631025,E1,E1
shade:unshaded,S-geo,P-sim,mae,40862,15,1.7775166227522732,-0.9761984752329546,4.826978539916413,E1,E1
shade:unshaded,S-geo,H,rmse,40862,15,9.377425769083672,5.374151288930513,13.862253262369189,E1,E1
shade:unshaded,S-geo,H,mae,40862,15,11.552326967911164,7.237531652873883,16.05277657023123,E1,E1
shade:unshaded,S-geo,D,rmse,40862,15,10.61206356171779,4.89481337522131,17.498389473618875,E1,E1
shade:unshaded,S-geo,D,mae,40862,15,11.181992833083576,5.683359916857391,16.845698227644267,E1,E1
horizontals,H,D,rmse,36816,15,-0.2507071668305372,-0.9899687786946114,0.6165688560197621,E1,E1
horizontals,H,D,mae,36816,15,-0.4695296498979076,-1.4289799843443167,0.4653846653654024,E1,E1
horizontals,A,B,rmse,36816,15,2.3247698696557677,1.5210102131924699,2.9822163480976127,E1,E1
horizontals,A,B,mae,36816,15,1.5923565994430078,0.9805460770970342,2.197642562695188,E1,E1
horizontals,A,R,rmse,36816,15,1.396533023057657,0.5787229440478725,1.9902514588354743,E1,E1
horizontals,A,R,mae,36816,15,0.36273093617484164,-0.26852965117141353,1.0127578367697734,E1,E1
horizontals,R,B,rmse,36816,15,0.9282368465981108,0.7673433899678678,1.1188511231402265,E1,E1
horizontals,R,B,mae,36816,15,1.2296256632681661,0.8344291489294864,1.6540549743976305,E1,E1
horizontals,H,A,rmse,36816,15,129.6378751220757,65.23882688379999,188.92032019337225,E1,E1
horizontals,H,A,mae,36816,15,96.50166853648763,48.335352323976906,154.29834597738827,E1,E1
horizontals,P-sim,P-cs,rmse,36816,15,-0.5105477829053058,-1.1786256694476596,0.25936337672825543,E1,E1
horizontals,P-sim,P-cs,mae,36816,15,-0.09183919061612045,-1.0372529509947428,0.8390730074635949,E1,E1
horizontals,H,C,rmse,36816,15,0.06110148974995866,-3.3036672303596126,3.9931171823826053,E1,E1
horizontals,H,C,mae,36816,15,0.12579227818763172,-4.009107752574124,4.026463231966569,E1,E1
horizontals,H,P-sim,rmse,36816,15,-4.550226954462502,-9.197081768238998,-0.16152204321373265,E1,E1
horizontals,H,P-sim,mae,36816,15,-8.485793226586914,-13.478168764928673,-3.6690280249405762,E1,E1
horizontals,H,S,rmse,36816,15,-6.864143258685829,-11.337127789772008,-1.8969096145300175,E1,E1
horizontals,H,S,mae,36816,15,-7.570313090402124,-11.990025211300885,-2.671905166499424,E1,E1
horizontals,S-geo,S,rmse,36816,15,0.3466217546489645,-0.0990749553115439,1.1931979692789043,E1,E1
horizontals,S-geo,S,mae,36816,15,0.9897681954349977,0.20907683011307263,2.2662958167771827,E1,E1
horizontals,S-geo,R,rmse,36816,15,138.24517315846816,71.56509409106019,199.302962733114,E1,E1
horizontals,S-geo,R,mae,36816,15,105.42448075849958,57.095605009073076,163.21136276818237,E1,E1
horizontals,S-geo,A,rmse,36816,15,136.8486401354105,70.77199541995223,197.37263236363722,E1,E1
horizontals,S-geo,A,mae,36816,15,105.06174982232474,56.40882085776037,162.7703627806101,E1,E1
horizontals,S-geo,P-sim,rmse,36816,15,2.660538058872291,-1.0800223563100828,6.155390101946702,E1,E1
horizontals,S-geo,P-sim,mae,36816,15,0.07428805925020754,-3.3241995028707385,3.7210983972431206,E1,E1
horizontals,S-geo,H,rmse,36816,15,7.210765013334793,2.5539895685686385,11.548475835229125,E1,E1
horizontals,S-geo,H,mae,36816,15,8.560081285837121,3.7394425424486015,13.251423914707757,E1,E1
horizontals,S-geo,D,rmse,36816,15,6.960057846504256,2.367719676930129,11.13382805482357,E1,E1
horizontals,S-geo,D,mae,36816,15,8.090551635939214,3.2416596685596217,12.502223746644614,E1,E1
overall,H,D,rmse,508,15,8.751615988643337,-15.713633288057185,34.70603640254196,E3,E3
overall,H,D,mae,508,15,7.351979376961573,-13.015229824138887,30.01684058522418,E3,E3
overall,A,B,rmse,508,15,42.963880283546345,20.630883835642635,58.75773984316472,E3,E3
overall,A,B,mae,508,15,43.36981796761876,25.04945796520266,57.9176924427165,E3,E3
overall,A,R,rmse,508,15,1.8910013883832661,-2.3050181361259487,5.905435560376777,E3,E3
overall,A,R,mae,508,15,2.6170959208526696,-2.177482490927938,7.528801411632787,E3,E3
overall,R,B,rmse,508,15,41.07287889516308,15.350949530605506,60.55852816598061,E3,E3
overall,R,B,mae,508,15,40.75272204676609,18.790024386850394,58.98565717460915,E3,E3
overall,H,A,rmse,508,15,-5.135080064186866,-12.927957022463943,5.729663614916176,E3,E3
overall,H,A,mae,508,15,-3.777244421110055,-13.36875759407916,8.382194232524013,E3,E3
overall,P-sim,P-cs,rmse,508,15,1.9703620269071251,-22.44876896509007,28.057061256165646,E3,E3
overall,P-sim,P-cs,mae,508,15,-0.913750389070465,-20.34038400920872,23.362141232451243,E3,E3
overall,H,C,rmse,508,15,55.62299891447296,25.440339043743247,90.12465612777328,E3,E3
overall,H,C,mae,508,15,53.66397492642997,28.89275068337448,84.7737051221227,E3,E3
overall,H,P-sim,rmse,508,15,3.9766427757000855,2.268335010082042,5.354460488726001,E3,E3
overall,H,P-sim,mae,508,15,2.929590481986928,0.2881320720770366,5.272957519054537,E3,E3
overall,H,S,rmse,508,15,22.260601658683242,-11.875412529342944,56.435383923198856,E3,E3
overall,H,S,mae,508,15,16.26808254519638,-7.487628124676356,45.74316550825157,E3,E3
overall,S-geo,S,rmse,508,15,33.932386383395254,4.228157672427766,66.15092692599805,E3,E3
overall,S-geo,S,mae,508,15,23.13898889560368,4.246214786296475,52.51346603081625,E3,E3
overall,S-geo,R,rmse,508,15,8.427706048908412,-0.6388863498317761,16.636499712533958,E3,E3
overall,S-geo,R,mae,508,15,5.710757850149918,-3.1288285832263116,14.616154821623113,E3,E3
overall,S-geo,A,rmse,508,15,6.536704660525146,-1.4599999550376221,13.809462522091671,E3,E3
overall,S-geo,A,mae,508,15,3.093661929297248,-5.007496476580734,11.058936486941654,E3,E3
overall,S-geo,P-sim,rmse,508,15,15.648427500412097,3.322285703201545,26.970563932313393,E3,E3
overall,S-geo,P-sim,mae,508,15,9.80049683239423,-3.20441561257795,22.815335188930042,E3,E3
overall,S-geo,H,rmse,508,15,11.671784724712012,0.17296590509648332,22.128743061331228,E3,E3
overall,S-geo,H,mae,508,15,6.870906350407303,-4.287362537740994,18.431631110862238,E3,E3
overall,S-geo,D,rmse,508,15,20.42340071335535,1.2308073457903748,42.7773374188483,E3,E3
overall,S-geo,D,mae,508,15,14.222885727368876,0.0863184185716819,35.01453384672655,E3,E3
sensor:P1,H,D,rmse,84,6,29.39733719654368,-23.831793750283964,68.5691856655035,E3,E3
sensor:P1,H,D,mae,84,6,17.981628785288017,-22.737595712333878,59.46986411896489,E3,E3
sensor:P1,A,B,rmse,84,6,60.45874712033748,37.268514469229515,77.73368080343289,E3,E3
sensor:P1,A,B,mae,84,6,61.13916099061508,38.89912840039535,78.31167037525262,E3,E3
sensor:P1,A,R,rmse,84,6,-2.999732700095329,-8.672863065444908,3.816922717263461,E3,E3
sensor:P1,A,R,mae,84,6,-2.845820171002842,-9.712086032716337,4.301776776915894,E3,E3
sensor:P1,R,B,rmse,84,6,63.45847982043281,34.76741337889747,84.66054587247292,E3,E3
sensor:P1,R,B,mae,84,6,63.984981161617924,35.71529939691274,85.82786851892163,E3,E3
sensor:P1,H,A,rmse,84,6,1.8475339006385951,-14.77469632278126,25.820692235896832,E3,E3
sensor:P1,H,A,mae,84,6,1.9354995397157957,-15.316261847039755,23.827968957316457,E3,E3
sensor:P1,P-sim,P-cs,rmse,84,6,22.15461215549921,-34.08704646170218,65.27825751172796,E3,E3
sensor:P1,P-sim,P-cs,mae,84,6,8.345506856088903,-30.193269190877515,51.118233497216686,E3,E3
sensor:P1,H,C,rmse,84,6,80.97714437130449,22.081847221097867,133.2189277549511,E3,E3
sensor:P1,H,C,mae,84,6,71.28031201842613,26.851133030589807,126.50951542305987,E3,E3
sensor:P1,H,P-sim,rmse,84,6,3.546217561159928,-1.535263422789219,6.358388202587918,E3,E3
sensor:P1,H,P-sim,mae,84,6,1.445551211498966,-3.4733039456830515,6.2087113116515695,E3,E3
sensor:P1,H,S,rmse,84,6,49.16335932911322,-23.15350532895581,101.1944580704072,E3,E3
sensor:P1,H,S,mae,84,6,29.594433173188015,-20.34449324800321,84.13614181323267,E3,E3
sensor:P1,S-geo,S,rmse,84,6,56.13357051489234,0.7656201553978832,104.10881586633516,E3,E3
sensor:P1,S-geo,S,mae,84,6,35.151026471428565,0.8521401214285724,89.50131265360824,E3,E3
sensor:P1,S-geo,R,rmse,84,6,5.818012386322383,-14.796778448436733,21.522096521396833,E3,E3
sensor:P1,S-geo,R,mae,84,6,4.646272666953504,-13.485271526129177,21.068129914187885,E3,E3
sensor:P1,S-geo,A,rmse,84,6,8.817745086417712,-8.665885385191334,23.20216879013929,E3,E3
sensor:P1,S-geo,A,mae,84,6,7.492092837956346,-9.275184231278397,22.052910259769227,E3,E3
sensor:P1,S-geo,P-sim,rmse,84,6,10.516428746939045,-15.884965082459907,32.70684354462547,E3,E3
sensor:P1,S-geo,P-sim,mae,84,6,7.002144509739516,-17.54552339202113,29.506412124076967,E3,E3
sensor:P1,S-geo,H,rmse,84,6,6.970211185779117,-16.718165551122855,27.652824623571227,E3,E3
sensor:P1,S-geo,H,mae,84,6,5.55659329824055,-16.451885547013543,25.29947611675269,E3,E3
sensor:P1,S-geo,D,rmse,84,6,36.367548382322795,-6.247852832001634,70.31930287443197,E3,E3
sensor:P1,S-geo,D,mae,84,6,23.538222083528566,-6.1737994804262994,63.168433941585775,E3,E3
sensor:P3,H,D,rmse,61,11,3.901850547414906,-14.449821629890618,22.59598947521898,E3,E3
sensor:P3,H,D,mae,61,11,5.01891384138932,-14.627153066493149,25.320842464337836,E3,E3
sensor:P3,A,B,rmse,61,11,28.218325360411427,13.748055765191276,38.420419968420234,E3,E3
sensor:P3,A,B,mae,61,11,28.325454536109287,12.257834406725959,41.1211787048094,E3,E3
sensor:P3,A,R,rmse,61,11,5.9559316291401,-0.9123216296441226,10.818318666159024,E3,E3
sensor:P3,A,R,mae,61,11,7.7016293313500945,1.047487690558216,12.31464321310178,E3,E3
sensor:P3,R,B,rmse,61,11,22.262393731271327,3.5240699112451974,37.9478884758564,E3,E3
sensor:P3,R,B,mae,61,11,20.623825204759193,2.97175312767439,36.61920419523367,E3,E3
sensor:P3,H,A,rmse,61,11,-8.157324255081175,-17.642234378341566,2.9387919288314412,E3,E3
sensor:P3,H,A,mae,61,11,-6.8435624375354855,-15.84235723660864,2.4485287355299525,E3,E3
sensor:P3,P-sim,P-cs,rmse,61,11,-3.7940531460698708,-17.513635772353872,13.350689172899896,E3,E3
sensor:P3,P-sim,P-cs,mae,61,11,-1.7389455575779635,-18.173872127374224,17.97588340091337,E3,E3
sensor:P3,H,C,rmse,61,11,52.52833755797873,26.84976517514405,76.49421195076341,E3,E3
sensor:P3,H,C,mae,61,11,52.71827948655192,20.552134618583363,79.84428081359573,E3,E3
sensor:P3,H,P-sim,rmse,61,11,4.616210698834681,2.6540459952069013,6.155280258173723,E3,E3
sensor:P3,H,P-sim,mae,61,11,3.685373450745832,1.1117885835931722,6.153784822805687,E3,E3
sensor:P3,H,S,rmse,61,11,10.621342099382215,-3.9594510867972925,26.473608137840056,E3,E3
sensor:P3,H,S,mae,61,11,12.538025907316978,-4.193395116045191,29.466797582691644,E3,E3
sensor:P3,S-geo,S,rmse,61,11,17.151461220855655,6.260034025641866,30.469765421223627,E3,E3
sensor:P3,S-geo,S,mae,61,11,16.121882565027327,5.537351826131182,28.557757580704664,E3,E3
sensor:P3,S-geo,R,rmse,61,11,4.328726495532365,-3.1839778650448927,13.368612451513535,E3,E3
sensor:P3,S-geo,R,mae,61,11,4.441923551524958,-2.6208305244535524,12.568611736449988,E3,E3
sensor:P3,S-geo,A,rmse,61,11,-1.6272051336077347,-6.554909950993927,4.3221346409285415,E3,E3
sensor:P3,S-geo,A,mae,61,11,-3.2597057798251363,-8.604736844857037,3.755576814197597,E3,E3
sensor:P3,S-geo,P-sim,rmse,61,11,11.146329820308122,-1.5123979832096717,22.491210449825836,E3,E3
sensor:P3,S-geo,P-sim,mae,61,11,7.269230108456181,-5.395814648177619,19.986543047255495,E3,E3
sensor:P3,S-geo,H,rmse,61,11,6.53011912147344,-4.746575790197021,17.193465851782342,E3,E3
sensor:P3,S-geo,H,mae,61,11,3.5838566577103492,-7.1671241042809255,14.924423492968383,E3,E3
sensor:P3,S-geo,D,rmse,61,11,10.431969668888346,-1.4996149322268375,24.610929029553276,E3,E3
sensor:P3,S-geo,D,mae,61,11,8.60277049909967,-1.6690282966130006,21.88892752199657,E3,E3
sensor:P5,H,D,rmse,186,15,-1.3940969634794982,-24.899990234553705,28.191850961533046,E3,E3
sensor:P5,H,D,mae,186,15,0.8720857634076964,-19.610233252718494,24.568765567830507,E3,E3
sensor:P5,A,B,rmse,186,15,34.349766999042096,3.8435183132688935,59.69398296316759,E3,E3
sensor:P5,A,B,mae,186,15,36.02810498946775,11.138424883127401,58.60544841204826,E3,E3
sensor:P5,A,R,rmse,186,15,2.649836336919982,-1.4061226403645324,5.592910955322336,E3,E3
sensor:P5,A,R,mae,186,15,2.633478808865405,-1.8024332217520163,6.9527765562609645,E3,E3
sensor:P5,R,B,rmse,186,15,31.699930662122114,-1.3828528952493198,60.62278804918004,E3,E3
sensor:P5,R,B,mae,186,15,33.394626180602344,5.098169480705271,59.80926648412116,E3,E3
sensor:P5,H,A,rmse,186,15,-7.0497016140719,-13.253229329641261,1.7880660495861433,E3,E3
sensor:P5,H,A,mae,186,15,-5.05553488962704,-13.863147469198568,5.724088116997768,E3,E3
sensor:P5,P-sim,P-cs,rmse,186,15,-6.719248949848563,-27.715574959831052,22.195772312398322,E3,E3
sensor:P5,P-sim,P-cs,mae,186,15,-6.884097049701722,-25.461078398906967,17.171393895229823,E3,E3
sensor:P5,H,C,rmse,186,15,43.249350800842365,9.461547207621322,84.13108557098073,E3,E3
sensor:P5,H,C,mae,186,15,43.66016129338908,17.23170592017087,78.07106919871343,E3,E3
sensor:P5,H,P-sim,rmse,186,15,3.8908740307557395,2.6066145549757542,5.037585375574258,E3,E3
sensor:P5,H,P-sim,mae,186,15,3.2846383987244607,1.1219604742381257,5.134255523555897,E3,E3
sensor:P5,H,S,rmse,186,15,10.820854323956233,-23.91993372082835,51.127359704257564,E3,E3
sensor:P5,H,S,mae,186,15,8.884535028156115,-15.51460675831585,39.49934954272818,E3,E3
sensor:P5,S-geo,S,rmse,186,15,28.246951095553797,1.0561535045246482,62.83903534092939,E3,E3
sensor:P5,S-geo,S,mae,186,15,19.40970702580645,1.8136581171224802,49.05832545327602,E3,E3
sensor:P5,S-geo,R,rmse,186,15,13.026231494445646,-0.16294204427272754,22.08746653102171,E3,E3
sensor:P5,S-geo,R,mae,186,15,8.1031159168887,-2.4539271930062663,17.95764325949475,E3,E3
sensor:P5,S-geo,A,rmse,186,15,10.376395157525664,-0.8875968565061979,17.912320625735685,E3,E3
sensor:P5,S-geo,A,mae,186,15,5.469637108023296,-3.6411809374814674,13.788005327388085,E3,E3
sensor:P5,S-geo,P-sim,rmse,186,15,21.316970802353303,4.755770578382941,33.14884262492406,E3,E3
sensor:P5,S-geo,P-sim,mae,186,15,13.809810396374797,-0.6011365047193984,27.0043566180449,E3,E3
sensor:P5,S-geo,H,rmse,186,15,17.426096771597564,1.6519610167034986,28.56738242006981,E3,E3
sensor:P5,S-geo,H,mae,186,15,10.525171997650336,-2.259648907059945,22.866571395539548,E3,E3
sensor:P5,S-geo,D,rmse,186,15,16.031999808118066,-0.602685584058909,40.6319957978064,E3,E3
sensor:P5,S-geo,D,mae,186,15,11.397257761058032,-0.9851668832957046,32.474636910895605,E3,E3
sensor:P7,H,D,rmse,177,15,12.087478672182598,-8.613137446825467,31.83335796661291,E3,E3
sensor:P7,H,D,mae,177,15,9.920830560529417,-9.180267741840682,29.45031348544132,E3,E3
sensor:P7,A,B,rmse,177,15,48.556827094858434,34.34515433465328,59.082825956055665,E3,E3
sensor:P7,A,B,mae,177,15,47.836710449689264,33.85580406204239,59.18412633971992,E3,E3
sensor:P7,A,R,rmse,177,15,2.2168743366924026,-2.3659745459737462,6.93731513325909,E3,E3
sensor:P7,A,R,mae,177,15,3.440153528226414,-1.4497405505990253,8.165707571675457,E3,E3
sensor:P7,R,B,rmse,177,15,46.33995275816603,28.4368727936725,60.857694175263745,E3,E3
sensor:P7,R,B,mae,177,15,44.396556921462846,26.933988635845253,59.47957167982808,E3,E3
sensor:P7,H,A,rmse,177,15,-5.216051936356134,-14.256591808518534,6.891803390496801,E3,E3
sensor:P7,H,A,mae,177,15,-4.088335192653908,-13.870126870856485,7.696999013224611,E3,E3
sensor:P7,P-sim,P-cs,rmse,177,15,3.9079041416275473,-18.18628797695918,25.289905270532067,E3,E3
sensor:P7,P-sim,P-cs,mae,177,15,1.2503387384040465,-17.600306677199047,21.98300759118535,E3,E3
sensor:P7,H,C,rmse,177,15,58.94731338973881,32.85847897997321,87.80583423078511,E3,E3
sensor:P7,H,C,mae,177,15,56.14207911767567,32.9780151639471,82.92336473177673,E3,E3
sensor:P7,H,P-sim,rmse,177,15,4.350440888415044,2.366812144585277,5.771566697602101,E3,E3
sensor:P7,H,P-sim,mae,177,15,3.000311527825996,0.37484219700446,5.2731456890966735,E3,E3
sensor:P7,H,S,rmse,177,15,25.211396807536026,-3.9608915724448397,52.53244239547912,E3,E3
sensor:P7,H,S,mae,177,15,18.98819463744968,-2.5060472098797932,43.353687810222624,E3,E3
sensor:P7,S-geo,S,rmse,177,15,32.96729480476665,6.292050686796579,57.89143191479461,E3,E3
sensor:P7,S-geo,S,mae,177,15,23.775592045762714,5.64130068672766,46.99836562683679,E3,E3
sensor:P7,S-geo,R,rmse,177,15,4.756720397566898,-4.281862822936108,13.66195216780461,E3,E3
sensor:P7,S-geo,R,mae,177,15,4.13921574388554,-4.748215652981068,12.457495450794857,E3,E3
sensor:P7,S-geo,A,rmse,177,15,2.5398460608744955,-5.794516821914688,10.975112548457123,E3,E3
sensor:P7,S-geo,A,mae,177,15,0.6990622156591257,-7.129580057434753,8.485231664106923,E3,E3
sensor:P7,S-geo,P-sim,rmse,177,15,12.106338885645673,-0.37281571520058404,23.975032661773767,E3,E3
sensor:P7,S-geo,P-sim,mae,177,15,7.78770893613903,-5.0858691773440965,20.35141301412854,E3,E3
sensor:P7,S-geo,H,rmse,177,15,7.75589799723063,-3.4877413177752774,18.754603901044685,E3,E3
sensor:P7,S-geo,H,mae,177,15,4.7873974083130335,-6.116463670504686,15.782460407242876,E3,E3
sensor:P7,S-geo,D,rmse,177,15,19.843376669413228,3.2208215856776543,36.017927172427164,E3,E3
sensor:P7,S-geo,D,mae,177,15,14.70822796884245,1.618221953603677,30.66170020288618,E3,E3
sky:sunny,H,D,rmse,97,3,69.31913496059065,49.38529488336404,81.40912379925133,E3,E3
sky:sunny,H,D,mae,97,3,68.96795748628466,49.76717681920111,80.36553408743013,E3,E3
sky:sunny,A,B,rmse,97,3,66.8719828675705,45.54330533494242,79.70550525497201,E3,E3
sky:sunny,A,B,mae,97,3,65.44548669414087,46.52839267200001,77.89305319011947,E3,E3
sky:sunny,A,R,rmse,97,3,-1.7154613104241605,-6.175827356260676,11.352859332551049,E3,E3
sky:sunny,A,R,mae,97,3,0.5672147691814509,-9.097853586256836,12.281468623407378,E3,E3
sky:sunny,R,B,rmse,97,3,68.58744417799466,34.93217856461003,85.88133261123268,E3,E3
sky:sunny,R,B,mae,97,3,64.87827192495942,34.391403446215875,86.9909067763763,E3,E3
sky:sunny,H,A,rmse,97,3,-0.43783519992942743,-0.6358575960212391,0.5544985463449423,E3,E3
sky:sunny,H,A,mae,97,3,-0.48471440348829553,-0.8263397376574844,0.5237505470854393,E3,E3
sky:sunny,P-sim,P-cs,rmse,97,3,66.50540777197989,42.56682603509897,79.70550525497201,E3,E3
sky:sunny,P-sim,P-cs,mae,97,3,64.55739731952096,42.61272588390305,77.89305319011947,E3,E3
sky:sunny,H,C,rmse,97,3,137.34951461880644,102.45334419525163,161.47410405141267,E3,E3
sky:sunny,H,C,mae,97,3,137.52126571333298,103.47364812298191,163.41192233925443,E3,E3
sky:sunny,H,P-sim,rmse,97,3,-0.43297226371766584,-0.6358575960212391,0.5544985463449423,E3,E3
sky:sunny,H,P-sim,mae,97,3,-0.2715259055398196,-0.8263397376574844,0.5237505470854393,E3,E3
sky:sunny,H,S,rmse,97,3,97.43440845602183,51.37701444093301,122.68143328104492,E3,E3
sky:sunny,H,S,mae,97,3,91.85532695044641,51.83225539570918,122.17741196189601,E3,E3
sky:sunny,S-geo,S,rmse,97,3,99.04937163792295,41.5868885804306,128.90283472099713,E3,E3
sky:sunny,S-geo,S,mae,97,3,92.05098983986254,41.36946967272726,132.90978670880506,E3,E3
sky:sunny,S-geo,R,rmse,97,3,-0.5383333284524809,-1.6766098494129515,0.9015106114653655,E3,E3
sky:sunny,S-geo,R,mae,97,3,0.2781632551092823,-1.7245660752895962,1.0040306356023105,E3,E3
sky:sunny,S-geo,A,rmse,97,3,1.1771279819716796,-13.029469181964,5.585543843930967,E3,E3
sky:sunny,S-geo,A,mae,97,3,-0.28905151407216856,-14.006034698696974,9.906035009251564,E3,E3
sky:sunny,S-geo,P-sim,rmse,97,3,1.1819909181834412,-13.029469181964,5.585543843930967,E3,E3
sky:sunny,S-geo,P-sim,mae,97,3,-0.07586301612369262,-14.006034698696974,9.906035009251564,E3,E3
sky:sunny,S-geo,H,rmse,97,3,1.614963181901107,-13.583967728308942,6.221401439952206,E3,E3
sky:sunny,S-geo,H,mae,97,3,0.19566288941612697,-14.529785245782413,10.732374746909048,E3,E3
sky:sunny,S-geo,D,rmse,97,3,70.93409814249176,39.59516902286163,87.63052523920354,E3,E3
sky:sunny,S-geo,D,mae,97,3,69.16362037570079,39.30439109621919,91.0979088343392,E3,E3
sky:mixed,H,D,rmse,131,4,-1.099183127569212,-19.101621130994772,11.362493857138485,E3,E3
sky:mixed,H,D,mae,131,4,-2.246174796600961,-21.85512338780845,11.757742634851216,E3,E3
sky:mixed,A,B,rmse,131,4,41.83237569784093,10.817973833004253,60.507603074877814,E3,E3
sky:mixed,A,B,mae,131,4,36.23675617975317,7.067196594721636,59.05605000933535,E3,E3
sky:mixed,A,R,rmse,131,4,5.078602972228019,-3.985296994310218,11.693866113948335,E3,E3
sky:mixed,A,R,mae,131,4,5.364069276170017,-3.535289056590244,12.033971548829228,E3,E3
sky:mixed,R,B,rmse,131,4,36.75377272561291,-0.875892280944079,63.972311493942414,E3,E3
sky:mixed,R,B,mae,131,4,30.87268690358315,-5.312906533957719,61.949480136989976,E3,E3
sky:mixed,H,A,rmse,131,4,-8.936504356531266,-22.089370899421876,3.9731767910420572,E3,E3
sky:mixed,H,A,mae,131,4,-7.023664285744186,-21.73026976636603,5.812505675608062,E3,E3
sky:mixed,P-sim,P-cs,rmse,131,4,-7.074379831596993,-21.135582957119958,4.065560123512881,E3,E3
sky:mixed,P-sim,P-cs,mae,131,4,-7.669738573886587,-23.385409182883997,2.343362720254742,E3,E3
sky:mixed,H,C,rmse,131,4,38.88651489977156,2.1777685379500014,56.03466606963964,E3,E3
sky:mixed,H,C,mae,131,4,35.02001641309296,-11.142732547020117,54.46014450109708,E3,E3
sky:mixed,H,P-sim,rmse,131,4,4.883295356900696,2.9524255074383703,7.198163930112656,E3,E3
sky:mixed,H,P-sim,mae,131,4,4.042574474243004,1.7245384366708585,7.682784675552828,E3,E3
sky:mixed,H,S,rmse,131,4,15.557208284190558,-11.639656611390322,35.65291320452674,E3,E3
sky:mixed,H,S,mae,131,4,11.862826626833424,-10.78089535893962,26.298199392763742,E3,E3
sky:mixed,S-geo,S,rmse,131,4,20.414010245755886,0.4873331510333685,50.289149253534816,E3,E3
sky:mixed,S-geo,S,mae,131,4,17.00123084249364,0.30234038181818335,44.83936459928057,E3,E3
sky:mixed,S-geo,R,rmse,131,4,0.9989005772620807,-13.66017794526837,17.489553540682774,E3,E3
sky:mixed,S-geo,R,mae,131,4,3.478809206086048,-12.582799755870504,19.485779908414287,E3,E3
sky:mixed,S-geo,A,rmse,131,4,-4.079702394965938,-9.674880950958151,6.875392033906206,E3,E3
sky:mixed,S-geo,A,mae,131,4,-1.8852600700839695,-9.04751069928026,8.965998585122298,E3,E3
sky:mixed,S-geo,P-sim,rmse,131,4,9.740097318466024,-7.848686348805121,26.403396310957547,E3,E3
sky:mixed,S-geo,P-sim,mae,131,4,9.18097868990322,-10.666109953431754,25.882620469721957,E3,E3
sky:mixed,S-geo,H,rmse,131,4,4.856801961565328,-11.275736826035498,20.359184592118012,E3,E3
sky:mixed,S-geo,H,mae,131,4,5.138404215660216,-13.262930871035735,22.045233495119092,E3,E3
sky:mixed,S-geo,D,rmse,131,4,3.7576188339961156,-6.842652602381559,19.717016965136867,E3,E3
sky:mixed,S-geo,D,mae,131,4,2.8922294190592552,-6.719056160735661,15.061669680105387,E3,E3
sky:cloudy,H,D,rmse,151,4,-12.390591207450832,-38.08041652019536,26.837764877545847,E3,E3
sky:cloudy,H,D,mae,151,4,-12.679057637178332,-36.76949234871244,26.880866926614125,E3,E3
sky:cloudy,A,B,rmse,151,4,47.65955126358121,28.392567884463425,66.82164409647113,E3,E3
sky:cloudy,A,B,mae,151,4,50.7549613917042,32.53222647741063,68.32638147104373,E3,E3
sky:cloudy,A,R,rmse,151,4,2.5727151071287047,-6.797354613425867,7.054131875263252,E3,E3
sky:cloudy,A,R,mae,151,4,3.3610157626321673,-4.652206902306858,8.675065476930058,E3,E3
sky:cloudy,R,B,rmse,151,4,45.0868361564525,21.338436009200173,65.99693756800686,E3,E3
sky:cloudy,R,B,mae,151,4,47.393945629072036,23.857161000480573,67.19928879215509,E3,E3
sky:cloudy,H,A,rmse,151,4,-12.442388358550264,-19.8209398685846,12.0656320898693,E3,E3
sky:cloudy,H,A,mae,151,4,-12.88264321828919,-22.063716853098324,10.294382121165743,E3,E3
sky:cloudy,P-sim,P-cs,rmse,151,4,-26.034109347221346,-40.851436884949884,9.873262502072027,E3,E3
sky:cloudy,P-sim,P-cs,mae,151,4,-24.20089615913897,-38.4393724150002,10.88208260550619,E3,E3
sky:cloudy,H,C,rmse,151,4,40.99913987898889,17.813886356877635,91.57041289200372,E3,E3
sky:cloudy,H,C,mae,151,4,43.34513174957394,21.615708999870403,91.06843805616572,E3,E3
sky:cloudy,H,P-sim,rmse,151,4,5.986743549090072,2.020642136079964,6.971942045365736,E3,E3
sky:cloudy,H,P-sim,mae,151,4,5.352600244622085,-0.18371434405522358,7.416135682219995,E3,E3
sky:cloudy,H,S,rmse,151,4,-5.79601708024763,-30.046054107856094,35.92153561381144,E3,E3
sky:cloudy,H,S,mae,151,4,-5.546619462346587,-30.02427995686606,35.51359890982428,E3,E3
sky:cloudy,S-geo,S,rmse,151,4,5.023469009483534,1.0572000304899873,15.810851549069607,E3,E3
sky:cloudy,S-geo,S,mae,151,4,3.8116106132450334,1.3601037524390343,12.22664609393939,E3,E3
sky:cloudy,S-geo,R,rmse,151,4,0.9498128383096045,-20.252532151419167,20.63047133466081,E3,E3
sky:cloudy,S-geo,R,mae,151,4,-0.16339738006540117,-19.86171910848663,20.364718116359427,E3,E3
sky:cloudy,S-geo,A,rmse,151,4,-1.6229022688191002,-18.164528701108157,14.14557357416082,E3,E3
sky:cloudy,S-geo,A,mae,151,4,-3.5244131426975684,-19.221859630287128,13.548891904409574,E3,E3
sky:cloudy,S-geo,P-sim,rmse,151,4,16.806229638821236,-23.90286845856016,40.78489048538366,E3,E3
sky:cloudy,S-geo,P-sim,mae,151,4,14.710830320213706,-25.865864773391692,39.00914730834163,E3,E3
sky:cloudy,S-geo,H,rmse,151,4,10.819486089731164,-25.923510594640124,33.820915758461155,E3,E3
sky:cloudy,S-geo,H,mae,151,4,9.35823007559162,-25.682150429336467,31.648591591269728,E3,E3
sky:cloudy,S-geo,D,rmse,151,4,-1.571105117719668,-4.478891583785408,1.8757125817667415,E3,E3
sky:cloudy,S-geo,D,mae,151,4,-3.320827561586711,-5.008272789238595,1.1987164972776583,E3,E3
sky:rainy,H,D,rmse,129,4,-18.098239073775325,-36.71122613722598,7.473488902682369,E3,E3
sky:rainy,H,D,mae,129,4,-5.785269388406796,-32.614604213232994,18.232770655180666,E3,E3
sky:rainy,A,B,rmse,129,4,30.192126106269633,-24.202483489998322,64.7982423930051,E3,E3
sky:rainy,A,B,mae,129,4,25.369310763749354,-26.35842851426756,63.4011306565634,E3,E3
sky:rainy,A,R,rmse,129,4,1.1672684834974802,-5.854670871894022,7.635244446942153,E3,E3
sky:rainy,A,R,mae,129,4,0.49812744067309467,-7.204821163401306,9.569965585494245,E3,E3
sky:rainy,R,B,rmse,129,4,29.024857622772153,-31.67212185247888,70.65291326489913,E3,E3
sky:rainy,R,B,mae,129,4,24.87118332307626,-33.73648987119516,70.6059518199647,E3,E3
sky:rainy,H,A,rmse,129,4,-0.3651795244014835,-15.667749969571659,23.846336241171848,E3,E3
sky:rainy,H,A,mae,129,4,7.701986655880717,-16.43455094248594,30.27550162317088,E3,E3
sky:rainy,P-sim,P-cs,rmse,129,4,-23.71233091625583,-35.885909217346246,-9.162605610394593,E3,E3
sky:rainy,P-sim,P-cs,mae,129,4,-16.024664065365904,-35.80227080665955,1.96436606779619,E3,E3
sky:rainy,H,C,rmse,129,4,11.88096609444569,-4.8712968116227415,21.962022343553038,E3,E3
sky:rainy,H,C,mae,129,4,21.620150729707575,-4.311391808038614,32.59222206610711,E3,E3
sky:rainy,H,P-sim,rmse,129,4,3.422046454498215,0.5039176931491376,5.339513669673551,E3,E3
sky:rainy,H,P-sim,mae,129,4,1.3701556947515883,-3.3517271398275987,6.12464932631238,E3,E3
sky:rainy,H,S,rmse,129,4,-22.797906079656016,-38.4195435748757,-3.273463413813303,E3,E3
sky:rainy,H,S,mae,129,4,-10.560244422747196,-34.20108672769733,6.097586686483389,E3,E3
sky:rainy,S-geo,S,rmse,129,4,-0.8969626466113994,-3.445048468682721,0.4245742242336128,E3,E3
sky:rainy,S-geo,S,mae,129,4,0.17787520568476012,-0.6563333815789534,0.5809722612867793,E3,E3
sky:rainy,S-geo,R,rmse,129,4,22.703032392140614,18.662363183355737,29.82628378125983,E3,E3
sky:rainy,S-geo,R,mae,129,4,18.938233724985768,8.536912421508596,29.830168309763756,E3,E3
sky:rainy,S-geo,A,rmse,129,4,21.535763908643133,16.766732799996902,27.53355789877674,E3,E3
sky:rainy,S-geo,A,mae,129,4,18.440106284312673,4.600513277629339,27.619900509909108,E3,E3
sky:rainy,S-geo,P-sim,rmse,129,4,25.322989887542832,3.2294492370165173,43.61148314086503,E3,E3
sky:rainy,S-geo,P-sim,mae,129,4,12.108275323183545,-9.651570182559144,39.42521991781394,E3,E3
sky:rainy,S-geo,H,rmse,129,4,21.900943433044617,2.8333164999559948,37.903272920590084,E3,E3
sky:rainy,S-geo,H,mae,129,4,10.738119628431956,-5.6323879250084525,33.6773037837257,E3,E3
sky:rainy,S-geo,D,rmse,129,4,3.802704359269292,-4.115863349640961,11.987449367950592,E3,E3
sky:rainy,S-geo,D,mae,129,4,4.95285024002516,-3.251745012173938,12.78450934439703,E3,E3
sky:cloudy+rainy,H,D,rmse,280,8,-15.285725455462916,-29.61196671118886,2.8147505718450962,E3,E3
sky:cloudy+rainy,H,D,mae,280,8,-9.502990908280008,-29.47690787281058,11.038740443699032,E3,E3
sky:cloudy+rainy,A,B,rmse,280,8,37.008797014165175,6.56607772480944,59.09431681095782,E3,E3
sky:cloudy+rainy,A,B,mae,280,8,39.05942949525358,12.191994727226461,61.00490003590766,E3,E3
sky:cloudy+rainy,A,R,rmse,280,8,1.5610375349827734,-3.7385584659088495,6.135711478594516,E3,E3
sky:cloudy+rainy,A,R,mae,280,8,2.042042214301013,-3.867316685591863,7.289270916084456,E3,E3
sky:cloudy+rainy,R,B,rmse,280,8,35.4477594791824,1.316153684434379,62.58738497310169,E3,E3
sky:cloudy+rainy,R,B,mae,280,8,37.01738728095257,6.610322693551905,62.45969649219126,E3,E3
sky:cloudy+rainy,H,A,rmse,280,8,-4.9272712311030205,-15.759921307850213,9.992555291880613,E3,E3
sky:cloudy+rainy,H,A,mae,280,8,-3.39901016911805,-18.28604468518261,16.40648798392546,E3,E3
sky:cloudy+rainy,P-sim,P-cs,rmse,280,8,-24.021108724408926,-34.462569770821354,-11.093848169373214,E3,E3
sky:cloudy+rainy,P-sim,P-cs,mae,280,8,-20.43398923022209,-33.94204961582912,-3.3610478776082706,E3,E3
sky:cloudy+rainy,H,C,rmse,280,8,26.832732432711346,12.687930740628836,47.00309313033744,E3,E3
sky:cloudy+rainy,H,C,mae,280,8,33.336122636849815,18.548165554972485,52.73434146239528,E3,E3
sky:cloudy+rainy,H,P-sim,rmse,280,8,4.504833144956983,2.4490951400017567,6.0438093890306614,E3,E3
sky:cloudy+rainy,H,P-sim,mae,280,8,3.5178311484317533,-0.62658091259379,6.705736478783507,E3,E3
sky:cloudy+rainy,H,S,rmse,280,8,-14.549342344290835,-28.064981331638222,4.108437533575928,E3,E3
sky:cloudy+rainy,H,S,mae,280,8,-7.856468104816866,-24.769482994586017,9.890799716393609,E3,E3
sky:cloudy+rainy,S-geo,S,rmse,280,8,2.068742129643507,-0.9639738157621074,7.019599538046315,E3,E3
sky:cloudy+rainy,S-geo,S,mae,280,8,2.137496800476189,0.3937080846218854,5.70585681777635,E3,E3
sky:cloudy+rainy,S-geo,R,rmse,280,8,13.251850777814095,0.03686844776954435,22.998213950130257,E3,E3
sky:cloudy+rainy,S-geo,R,mae,280,8,8.636996950476018,-5.767430946968433,21.48923925842791,E3,E3
sky:cloudy+rainy,S-geo,A,rmse,280,8,11.690813242831322,-0.45853660859259504,21.00178521490197,E3,E3
sky:cloudy+rainy,S-geo,A,mae,280,8,6.594954736175005,-7.149619215102496,18.681355382150464,E3,E3
sky:cloudy+rainy,S-geo,P-sim,rmse,280,8,21.122917618891325,3.681154940027076,35.29909362536374,E3,E3
sky:cloudy+rainy,S-geo,P-sim,mae,280,8,13.511796053724808,-6.0403220740965455,32.80698338051882,E3,E3
sky:cloudy+rainy,S-geo,H,rmse,280,8,16.618084473934342,0.34955984856919725,29.396987644002508,E3,E3
sky:cloudy+rainy,S-geo,H,mae,280,8,9.993964905293055,-6.8043160875956845,26.80752674847552,E3,E3
sky:cloudy+rainy,S-geo,D,rmse,280,8,1.3323590184714256,-2.9023673230520353,6.574006633956614,E3,E3
sky:cloudy+rainy,S-geo,D,mae,280,8,0.49097399701304667,-3.8089740705765927,6.813611823252848,E3,E3
shade:shaded,H,D,rmse,508,15,8.751615988643337,-15.713633288057185,34.70603640254196,E3,E3
shade:shaded,H,D,mae,508,15,7.351979376961573,-13.015229824138887,30.01684058522418,E3,E3
shade:shaded,A,B,rmse,508,15,42.963880283546345,20.630883835642635,58.75773984316472,E3,E3
shade:shaded,A,B,mae,508,15,43.36981796761876,25.04945796520266,57.9176924427165,E3,E3
shade:shaded,A,R,rmse,508,15,1.8910013883832661,-2.3050181361259487,5.905435560376777,E3,E3
shade:shaded,A,R,mae,508,15,2.6170959208526696,-2.177482490927938,7.528801411632787,E3,E3
shade:shaded,R,B,rmse,508,15,41.07287889516308,15.350949530605506,60.55852816598061,E3,E3
shade:shaded,R,B,mae,508,15,40.75272204676609,18.790024386850394,58.98565717460915,E3,E3
shade:shaded,H,A,rmse,508,15,-5.135080064186866,-12.927957022463943,5.729663614916176,E3,E3
shade:shaded,H,A,mae,508,15,-3.777244421110055,-13.36875759407916,8.382194232524013,E3,E3
shade:shaded,P-sim,P-cs,rmse,508,15,1.9703620269071251,-22.44876896509007,28.057061256165646,E3,E3
shade:shaded,P-sim,P-cs,mae,508,15,-0.913750389070465,-20.34038400920872,23.362141232451243,E3,E3
shade:shaded,H,C,rmse,508,15,55.62299891447296,25.440339043743247,90.12465612777328,E3,E3
shade:shaded,H,C,mae,508,15,53.66397492642997,28.89275068337448,84.7737051221227,E3,E3
shade:shaded,H,P-sim,rmse,508,15,3.9766427757000855,2.268335010082042,5.354460488726001,E3,E3
shade:shaded,H,P-sim,mae,508,15,2.929590481986928,0.2881320720770366,5.272957519054537,E3,E3
shade:shaded,H,S,rmse,508,15,22.260601658683242,-11.875412529342944,56.435383923198856,E3,E3
shade:shaded,H,S,mae,508,15,16.26808254519638,-7.487628124676356,45.74316550825157,E3,E3
shade:shaded,S-geo,S,rmse,508,15,33.932386383395254,4.228157672427766,66.15092692599805,E3,E3
shade:shaded,S-geo,S,mae,508,15,23.13898889560368,4.246214786296475,52.51346603081625,E3,E3
shade:shaded,S-geo,R,rmse,508,15,8.427706048908412,-0.6388863498317761,16.636499712533958,E3,E3
shade:shaded,S-geo,R,mae,508,15,5.710757850149918,-3.1288285832263116,14.616154821623113,E3,E3
shade:shaded,S-geo,A,rmse,508,15,6.536704660525146,-1.4599999550376221,13.809462522091671,E3,E3
shade:shaded,S-geo,A,mae,508,15,3.093661929297248,-5.007496476580734,11.058936486941654,E3,E3
shade:shaded,S-geo,P-sim,rmse,508,15,15.648427500412097,3.322285703201545,26.970563932313393,E3,E3
shade:shaded,S-geo,P-sim,mae,508,15,9.80049683239423,-3.20441561257795,22.815335188930042,E3,E3
shade:shaded,S-geo,H,rmse,508,15,11.671784724712012,0.17296590509648332,22.128743061331228,E3,E3
shade:shaded,S-geo,H,mae,508,15,6.870906350407303,-4.287362537740994,18.431631110862238,E3,E3
shade:shaded,S-geo,D,rmse,508,15,20.42340071335535,1.2308073457903748,42.7773374188483,E3,E3
shade:shaded,S-geo,D,mae,508,15,14.222885727368876,0.0863184185716819,35.01453384672655,E3,E3
horizontals,H,D,rmse,508,15,8.751615988643337,-15.713633288057185,34.70603640254196,E3,E3
horizontals,H,D,mae,508,15,7.351979376961573,-13.015229824138887,30.01684058522418,E3,E3
horizontals,A,B,rmse,508,15,42.963880283546345,20.630883835642635,58.75773984316472,E3,E3
horizontals,A,B,mae,508,15,43.36981796761876,25.04945796520266,57.9176924427165,E3,E3
horizontals,A,R,rmse,508,15,1.8910013883832661,-2.3050181361259487,5.905435560376777,E3,E3
horizontals,A,R,mae,508,15,2.6170959208526696,-2.177482490927938,7.528801411632787,E3,E3
horizontals,R,B,rmse,508,15,41.07287889516308,15.350949530605506,60.55852816598061,E3,E3
horizontals,R,B,mae,508,15,40.75272204676609,18.790024386850394,58.98565717460915,E3,E3
horizontals,H,A,rmse,508,15,-5.135080064186866,-12.927957022463943,5.729663614916176,E3,E3
horizontals,H,A,mae,508,15,-3.777244421110055,-13.36875759407916,8.382194232524013,E3,E3
horizontals,P-sim,P-cs,rmse,508,15,1.9703620269071251,-22.44876896509007,28.057061256165646,E3,E3
horizontals,P-sim,P-cs,mae,508,15,-0.913750389070465,-20.34038400920872,23.362141232451243,E3,E3
horizontals,H,C,rmse,508,15,55.62299891447296,25.440339043743247,90.12465612777328,E3,E3
horizontals,H,C,mae,508,15,53.66397492642997,28.89275068337448,84.7737051221227,E3,E3
horizontals,H,P-sim,rmse,508,15,3.9766427757000855,2.268335010082042,5.354460488726001,E3,E3
horizontals,H,P-sim,mae,508,15,2.929590481986928,0.2881320720770366,5.272957519054537,E3,E3
horizontals,H,S,rmse,508,15,22.260601658683242,-11.875412529342944,56.435383923198856,E3,E3
horizontals,H,S,mae,508,15,16.26808254519638,-7.487628124676356,45.74316550825157,E3,E3
horizontals,S-geo,S,rmse,508,15,33.932386383395254,4.228157672427766,66.15092692599805,E3,E3
horizontals,S-geo,S,mae,508,15,23.13898889560368,4.246214786296475,52.51346603081625,E3,E3
horizontals,S-geo,R,rmse,508,15,8.427706048908412,-0.6388863498317761,16.636499712533958,E3,E3
horizontals,S-geo,R,mae,508,15,5.710757850149918,-3.1288285832263116,14.616154821623113,E3,E3
horizontals,S-geo,A,rmse,508,15,6.536704660525146,-1.4599999550376221,13.809462522091671,E3,E3
horizontals,S-geo,A,mae,508,15,3.093661929297248,-5.007496476580734,11.058936486941654,E3,E3
horizontals,S-geo,P-sim,rmse,508,15,15.648427500412097,3.322285703201545,26.970563932313393,E3,E3
horizontals,S-geo,P-sim,mae,508,15,9.80049683239423,-3.20441561257795,22.815335188930042,E3,E3
horizontals,S-geo,H,rmse,508,15,11.671784724712012,0.17296590509648332,22.128743061331228,E3,E3
horizontals,S-geo,H,mae,508,15,6.870906350407303,-4.287362537740994,18.431631110862238,E3,E3
horizontals,S-geo,D,rmse,508,15,20.42340071335535,1.2308073457903748,42.7773374188483,E3,E3
horizontals,S-geo,D,mae,508,15,14.222885727368876,0.0863184185716819,35.01453384672655,E3,E3
overall,H,D,rmse,4602,15,-0.49427457835918176,-1.3353219455045653,0.354110856538779,E2:P0,E2
overall,H,D,mae,4602,15,-0.6887095782446977,-1.7709298777016378,0.33022647407835776,E2:P0,E2
overall,A,B,rmse,4602,15,1.6721573995133951,0.7551150713048969,2.3727556734137667,E2:P0,E2
overall,A,B,mae,4602,15,0.3488504185571344,-0.34049255617552915,1.0218557351655142,E2:P0,E2
overall,A,R,rmse,4602,15,1.2118396369071718,0.2786615496195445,1.87316692116354,E2:P0,E2
overall,A,R,mae,4602,15,-0.0007440872952031441,-0.7018256403198627,0.7179601050790595,E2:P0,E2
overall,R,B,rmse,4602,15,0.46031776260622337,0.35438848025144837,0.5663331037437,E2:P0,E2
overall,R,B,mae,4602,15,0.34959450585233753,0.11324206347152953,0.565417601461329,E2:P0,E2
overall,H,A,rmse,4602,15,129.56720742061333,63.70970985041661,189.6036714486896,E2:P0,E2
overall,H,A,mae,4602,15,95.84883216863977,46.12800445970798,155.5392746927679,E2:P0,E2
overall,P-sim,P-cs,rmse,4602,15,-0.691525486327123,-1.282694064121047,-0.04737661927704591,E2:P0,E2
overall,P-sim,P-cs,mae,4602,15,-0.1920965592988182,-0.9667722680114691,0.5730428240192692,E2:P0,E2
overall,H,P-sim,rmse,4602,15,-5.602497124565076,-10.219649483274743,-1.2493191838230124,E2:P0,E2
overall,H,P-sim,mae,4602,15,-10.400805887342223,-15.15838051843812,-5.672681812553099,E2:P0,E2
overall,H,S,rmse,4602,15,-8.54605578097545,-13.040076963791691,-3.581098531584641,E2:P0,E2
overall,H,S,mae,4602,15,-10.125655451481954,-16.14421519599948,-4.474196050427623,E2:P0,E2
overall,S-geo,S,rmse,4602,15,0.026991458613537134,-0.19517990411592728,0.29864442941906083,E2:P0,E2
overall,S-geo,S,mae,4602,15,0.46613876387802833,-0.041630297068008915,1.2216450556395086,E2:P0,E2
overall,S-geo,R,rmse,4602,15,139.3520942971095,72.44700525290021,199.98714939463872,E2:P0,E2
overall,S-geo,R,mae,4602,15,106.43988229670455,57.60384770462251,164.56426202781628,E2:P0,E2
overall,S-geo,A,rmse,4602,15,138.14025466020234,71.67780893660074,198.37579056127018,E2:P0,E2
overall,S-geo,A,mae,4602,15,106.44062638399976,57.14149160632102,164.5737965164983,E2:P0,E2
overall,S-geo,P-sim,rmse,4602,15,2.9705501150239115,-0.8240076124223424,6.521808328840505,E2:P0,E2
overall,S-geo,P-sim,mae,4602,15,0.19098832801775956,-4.26601053143229,4.957091054722463,E2:P0,E2
overall,S-geo,H,rmse,4602,15,8.573047239588988,3.8105869496061473,12.945454287665234,E2:P0,E2
overall,S-geo,H,mae,4602,15,10.591794215359982,4.73649015308085,17.121244420400615,E2:P0,E2
overall,S-geo,D,rmse,4602,15,8.078772661229806,3.4959334201123005,12.201553891426833,E2:P0,E2
overall,S-geo,D,mae,4602,15,9.903084637115285,4.564234595202533,15.785972552723905,E2:P0,E2
overall,H,D,rmse,4602,15,-0.0938719541553894,-1.0006838215568972,1.0097285536233622,E2:P1,E2
overall,H,D,mae,4602,15,-0.29317800268755434,-1.3056629415481509,0.7943479363396646,E2:P1,E2
overall,A,B,rmse,4602,15,2.824969658641919,2.120620716621084,3.4977972008026907,E2:P1,E2
overall,A,B,mae,4602,15,2.3556036274380006,1.5340011335550863,3.2936564281512433,E2:P1,E2
overall,A,R,rmse,4602,15,1.4007608961962603,0.6508119403357376,1.9682379163148538,E2:P1,E2
overall,A,R,mae,4602,15,0.2523947804431259,-0.44316339519146336,0.9291663247676494,E2:P1,E2
overall,R,B,rmse,4602,15,1.4242087624456587,1.102338002800471,1.8703434441445288,E2:P1,E2
overall,R,B,mae,4602,15,2.1032088469948746,1.2588959861482287,3.1190396406240843,E2:P1,E2
overall,H,A,rmse,4602,15,127.882370040348,63.146154791801315,187.24711660776117,E2:P1,E2
overall,H,A,mae,4602,15,95.22764247861866,47.457181673211544,153.21776671879803,E2:P1,E2
overall,P-sim,P-cs,rmse,4602,15,-0.48158619347715614,-1.3599285469275117,0.8035716659496005,E2:P1,E2
overall,P-sim,P-cs,mae,4602,15,-0.09618103129032818,-1.3709565842935503,1.0600429165833731,E2:P1,E2
overall,H,P-sim,rmse,4602,15,-4.224359207914915,-8.789017647684274,0.11025139392839096,E2:P1,E2
overall,H,P-sim,mae,4602,15,-8.190726318399037,-13.32133179982109,-3.1544046551682525,E2:P1,E2
overall,H,S,rmse,4602,15,-6.857279324716302,-11.289736891941637,-1.6951609386994475,E2:P1,E2
overall,H,S,mae,4602,15,-7.880517446746488,-12.44153991977798,-3.161154208766502,E2:P1,E2
overall,S-geo,S,rmse,4602,15,0.7140987031477408,-0.20915133977393055,2.779903590291747,E2:P1,E2
overall,S-geo,S,mae,4602,15,1.4568948203317262,0.17238285640147666,3.7717683569203775,E2:P1,E2
overall,S-geo,R,rmse,4602,15,136.8545089644083,70.63941025767527,198.11923229143238,E2:P1,E2
overall,S-geo,R,mae,4602,15,104.81744952614,56.62559462863609,162.2512570481156,E2:P1,E2
overall,S-geo,A,rmse,4602,15,135.45374806821204,69.64800444558304,196.21518921842394,E2:P1,E2
overall,S-geo,A,mae,4602,15,104.56505474569687,56.14762782240038,161.76406791720248,E2:P1,E2
overall,S-geo,P-sim,rmse,4602,15,3.3470188199491275,-0.5510012040361968,7.01494250796461,E2:P1,E2
overall,S-geo,P-sim,mae,4602,15,1.1466859486791776,-2.271408593467373,4.9246242706159,E2:P1,E2
overall,S-geo,H,rmse,4602,15,7.571378027864043,2.878133088369555,11.857019497590045,E2:P1,E2
overall,S-geo,H,mae,4602,15,9.337412267078214,4.16952364300211,15.040078703753181,E2:P1,E2
overall,S-geo,D,rmse,4602,15,7.477506073708653,2.9105912141202652,11.893815621938957,E2:P1,E2
overall,S-geo,D,mae,4602,15,9.04423426439066,3.8428703102908996,14.815616674805348,E2:P1,E2
overall,H,D,rmse,4602,15,-0.4938161238550123,-1.5210420907885127,0.5730134079230845,E2:P3,E2
overall,H,D,mae,4602,15,-0.7455922922982552,-2.1076463616378716,0.5337061952511332,E2:P3,E2
overall,A,B,rmse,4602,15,2.3530260773805196,1.4224321144926393,3.102144873586392,E2:P3,E2
overall,A,B,mae,4602,15,1.4353615810756253,0.49886226221736507,2.265828992878737,E2:P3,E2
overall,A,R,rmse,4602,15,1.6869288825710385,0.8065460790908894,2.353867756273874,E2:P3,E2
overall,A,R,mae,4602,15,0.5960464106541394,-0.10479422531038976,1.290613421580736,E2:P3,E2
overall,R,B,rmse,4602,15,0.6660971948094812,0.5465743790686843,0.7868458341526022,E2:P3,E2
overall,R,B,mae,4602,15,0.8393151704214858,0.4480870339435796,1.2344116145326902,E2:P3,E2
overall,H,A,rmse,4602,15,129.44811454737945,64.43572897238815,188.85191715476338,E2:P3,E2
overall,H,A,mae,4602,15,96.51090396442564,47.67030542873956,154.89103508745413,E2:P3,E2
overall,P-sim,P-cs,rmse,4602,15,-0.7374733186501317,-1.486989386778023,0.09209266169745461,E2:P3,E2
overall,P-sim,P-cs,mae,4602,15,-0.2880390957373038,-1.3322430085526746,0.774911997389206,E2:P3,E2
overall,H,P-sim,rmse,4602,15,-4.592410480398371,-9.310276637405043,-0.10026227996825213,E2:P3,E2
overall,H,P-sim,mae,4602,15,-8.765847260381584,-13.844747155487058,-3.793012425339142,E2:P3,E2
overall,H,S,rmse,4602,15,-7.321947000869713,-12.036734587214209,-2.2839293430245537,E2:P3,E2
overall,H,S,mae,4602,15,-8.375667049312575,-13.63275253092238,-3.314803968717669,E2:P3,E2
overall,S-geo,S,rmse,4602,15,0.12602659256189952,-0.15515971500525474,0.5096981562522191,E2:P3,E2
overall,S-geo,S,mae,4602,15,0.8004298019991154,0.21545723972707903,1.659521364004385,E2:P3,E2
overall,S-geo,R,rmse,4602,15,138.5830170233821,71.78691658736624,200.2961407327707,E2:P3,E2
overall,S-geo,R,mae,4602,15,106.28304722639146,57.6384900872329,163.95988210506442,E2:P3,E2
overall,S-geo,A,rmse,4602,15,136.89608814081106,70.58045736602031,198.00053535705345,E2:P3,E2
overall,S-geo,A,mae,4602,15,105.68700081573732,56.891845381621216,163.4014768650517,E2:P3,E2
overall,S-geo,P-sim,rmse,4602,15,2.8555631130332415,-1.01888397530679,6.526564226489455,E2:P3,E2
overall,S-geo,P-sim,mae,4602,15,0.41024959093010693,-3.1656925486521024,4.416232410623561,E2:P3,E2
overall,S-geo,H,rmse,4602,15,7.4479735934316125,2.6618682752297076,11.974547410250187,E2:P3,E2
overall,S-geo,H,mae,4602,15,9.17609685131169,4.037186732760363,14.968597034887663,E2:P3,E2
overall,S-geo,D,rmse,4602,15,6.9541574695766,2.421228612143549,11.415083461185773,E2:P3,E2
overall,S-geo,D,mae,4602,15,8.430504559013436,3.554579857045342,13.651490030741943,E2:P3,E2
overall,H,D,rmse,4602,15,0.2982298322079089,-0.4284575317206912,1.3201098381844694,E2:P4,E2
overall,H,D,mae,4602,15,0.0932850404172143,-1.1532430639288098,1.1375592124959848,E2:P4,E2
overall,A,B,rmse,4602,15,1.8509719546553924,1.0388927508268282,2.48696132529993,E2:P4,E2
overall,A,B,mae,4602,15,0.9433250580496804,0.1699329681070168,1.8222256783073691,E2:P4,E2
overall,A,R,rmse,4602,15,1.4337053909593749,0.6034500139836773,2.034652895977419,E2:P4,E2
overall,A,R,mae,4602,15,0.5176188328139233,-0.2904190421334533,1.446264372939403,E2:P4,E2
overall,R,B,rmse,4602,15,0.41726656369601756,0.3404530288541444,0.5004341617125654,E2:P4,E2
overall,R,B,mae,4602,15,0.4257062252357571,0.3027698155014093,0.5480114036580843,E2:P4,E2
overall,H,A,rmse,4602,15,132.98664260265338,69.20887459369825,191.85933585179075,E2:P4,E2
overall,H,A,mae,4602,15,101.15522363570939,53.592409907762786,157.49065203692666,E2:P4,E2
overall,P-sim,P-cs,rmse,4602,15,-0.32921365572319417,-0.9869195006263378,0.45540299220381886,E2:P4,E2
overall,P-sim,P-cs,mae,4602,15,0.33081067889196447,-0.580958161086346,1.3339128348484637,E2:P4,E2
overall,H,P-sim,rmse,4602,15,-3.6668887040708853,-8.522278946392897,0.7743436496534937,E2:P4,E2
overall,H,P-sim,mae,4602,15,-5.9138304345736685,-11.57317134928913,-0.2632819685552587,E2:P4,E2
overall,H,S,rmse,4602,15,-4.80705379898933,-9.679181035281397,0.9873343122853879,E2:P4,E2
overall,H,S,mae,4602,15,-3.1284579668232553,-9.574279224890454,4.388147928051081,E2:P4,E2
overall,S-geo,S,rmse,4602,15,0.2423100692274005,-0.0683108271947841,0.8090596291279758,E2:P4,E2
overall,S-geo,S,mae,4602,15,0.6177448175213556,0.0994361366753557,1.4137597486138382,E2:P4,E2
overall,S-geo,R,rmse,4602,15,139.46971186182947,71.57971927544787,200.60385965237978,E2:P4,E2
overall,S-geo,R,mae,4602,15,105.41904525286793,56.508248290928535,163.9388545123465,E2:P4,E2
overall,S-geo,A,rmse,4602,15,138.0360064708701,70.64475130497222,198.50154297343767,E2:P4,E2
overall,S-geo,A,mae,4602,15,104.90142642005401,55.72726373144348,164.00593222913773,E2:P4,E2
overall,S-geo,P-sim,rmse,4602,15,1.3824751641458448,-3.1280676825757885,5.1477488901291855,E2:P4,E2
overall,S-geo,P-sim,mae,4602,15,-2.1676276502290577,-8.216008275547829,2.825683089591676,E2:P4,E2
overall,S-geo,H,rmse,4602,15,5.04936386821673,-0.4034337515185054,9.753494747316742,E2:P4,E2
overall,S-geo,H,mae,4602,15,3.746202784344611,-3.170458684487052,9.827851369623843,E2:P4,E2
overall,S-geo,D,rmse,4602,15,5.347593700424639,-0.009193777430669244,9.915500240781908,E2:P4,E2
overall,S-geo,D,mae,4602,15,3.839487824761825,-3.619262616188138,9.97156781901775,E2:P4,E2
overall,H,D,rmse,4602,15,-0.5304354014456862,-1.4777802964996785,0.5481592767168275,E2:P5,E2
overall,H,D,mae,4602,15,-0.6586907250541003,-1.7162609005815992,0.34528287237933514,E2:P5,E2
overall,A,B,rmse,4602,15,3.3045756551954355,2.5268322397114056,4.016137225006891,E2:P5,E2
overall,A,B,mae,4602,15,3.343927358559455,2.2487217504349117,4.43278344142191,E2:P5,E2
overall,A,R,rmse,4602,15,1.6076720017296395,0.9279745127351958,2.1619167559398016,E2:P5,E2
overall,A,R,mae,4602,15,0.8741852707488533,0.1926681218492412,1.5378297933723157,E2:P5,E2
overall,R,B,rmse,4602,15,1.696903653465796,1.3147795730304501,2.163347512285734,E2:P5,E2
overall,R,B,mae,4602,15,2.4697420878106016,1.3213359507466695,3.735566415766268,E2:P5,E2
overall,H,A,rmse,4602,15,128.36463604732234,63.738966935881805,187.84641026531713,E2:P5,E2
overall,H,A,mae,4602,15,95.73749162668021,48.378156093151915,153.10755916279402,E2:P5,E2
overall,P-sim,P-cs,rmse,4602,15,-0.8519089476170763,-1.7261688942516755,0.2694116508148505,E2:P5,E2
overall,P-sim,P-cs,mae,4602,15,-0.4720073279003074,-1.897897607976618,1.023178466268301,E2:P5,E2
overall,H,P-sim,rmse,4602,15,-4.407583430680532,-8.857636145162546,-0.13604403347241034,E2:P5,E2
overall,H,P-sim,mae,4602,15,-7.889116029752664,-13.013290766688089,-2.9092307159248882,E2:P5,E2
overall,H,S,rmse,4602,15,-6.9318337249250845,-11.14365636698535,-2.119140109406808,E2:P5,E2
overall,H,S,mae,4602,15,-8.076994497304128,-12.540121851593103,-3.3179606583321024,E2:P5,E2
overall,S-geo,S,rmse,4602,15,0.7210887242204933,-0.08300100366823102,2.463695929561272,E2:P5,E2
overall,S-geo,S,mae,4602,15,1.6322282864769093,0.40726989125496293,3.669721686613001,E2:P5,E2
overall,S-geo,R,rmse,4602,15,137.62523049819754,71.032771428521,199.26605000429768,E2:P5,E2
overall,S-geo,R,mae,4602,15,106.32089968121011,59.1913799603778,163.1411660639565,E2:P5,E2
overall,S-geo,A,rmse,4602,15,136.0175584964679,69.83406831446727,196.9369311412479,E2:P5,E2
overall,S-geo,A,mae,4602,15,105.44671441046125,58.07302038573768,162.33264398004607,E2:P5,E2
overall,S-geo,P-sim,rmse,4602,15,3.245339018465046,-0.2020525305747718,6.496244363547208,E2:P5,E2
overall,S-geo,P-sim,mae,4602,15,1.820106754028373,-1.680088063895146,5.3038952525159075,E2:P5,E2
overall,S-geo,H,rmse,4602,15,7.652922449145578,3.2403484419670634,11.794754644802872,E2:P5,E2
overall,S-geo,H,mae,4602,15,9.709222783781037,4.87989899803873,14.71697060138393,E2:P5,E2
overall,S-geo,D,rmse,4602,15,7.122487047699892,2.922347957787831,11.203483907032425,E2:P5,E2
overall,S-geo,D,mae,4602,15,9.050532058726937,4.461380562613175,13.66484855645463,E2:P5,E2
overall,H,D,rmse,4602,15,-0.09700892315532883,-0.9107754293839253,0.8560072189601624,E2:P6,E2
overall,H,D,mae,4602,15,-0.41890854218365803,-1.5721902133982333,0.6899984713001821,E2:P6,E2
overall,A,B,rmse,4602,15,1.7513950803573834,0.9116009646463425,2.3953675890173383,E2:P6,E2
overall,A,B,mae,4602,15,0.646340576504258,-0.01649635358459988,1.3183769900763678,E2:P6,E2
overall,A,R,rmse,4602,15,1.1704110218468315,0.328552540361509,1.761368233512877,E2:P6,E2
overall,A,R,mae,4602,15,0.14431171388184794,-0.5948249491064537,0.8589553476344375,E2:P6,E2
overall,R,B,rmse,4602,15,0.5809840585105519,0.4648286349973283,0.6983981158812835,E2:P6,E2
overall,R,B,mae,4602,15,0.5020288626224101,0.2863856367691916,0.7041008870858553,E2:P6,E2
overall,H,A,rmse,4602,15,130.05280564595705,66.20714336419603,188.85863349936085,E2:P6,E2
overall,H,A,mae,4602,15,97.10758530754129,49.1482361708943,155.1091961004261,E2:P6,E2
overall,P-sim,P-cs,rmse,4602,15,-0.49418012388323973,-1.1339278844606109,0.2551526596431585,E2:P6,E2
overall,P-sim,P-cs,mae,4602,15,0.049567114992434824,-0.7787465555231087,0.8509676339929119,E2:P6,E2
overall,H,P-sim,rmse,4602,15,-4.05349377059926,-8.542908297472838,0.27825098030447293,E2:P6,E2
overall,H,P-sim,mae,4602,15,-8.117821760716957,-13.303154469340582,-3.1084489154253534,E2:P6,E2
overall,H,S,rmse,4602,15,-6.650659842083613,-11.06184795486292,-1.762998500569711,E2:P6,E2
overall,H,S,mae,4602,15,-7.632318434946235,-12.405852342301536,-2.5687567146581216,E2:P6,E2
overall,S-geo,S,rmse,4602,15,0.10618245284072714,-0.17967843440258696,0.5278697721994255,E2:P6,E2
overall,S-geo,S,mae,4602,15,0.5860343218093149,0.024476447638324926,1.441137776602093,E2:P6,E2
overall,S-geo,R,rmse,4602,15,137.9800589627282,71.77379046556804,198.6273283797474,E2:P6,E2
overall,S-geo,R,mae,4602,15,105.47024977817868,57.919143046593895,162.78698572909457,E2:P6,E2
overall,S-geo,A,rmse,4602,15,136.8096479408814,70.93573187475982,196.9397029069318,E2:P6,E2
overall,S-geo,A,mae,4602,15,105.32593806429684,57.32599733738397,163.02536642310181,E2:P6,E2
overall,S-geo,P-sim,rmse,4602,15,2.7033485243250794,-1.1899133606107362,6.172153538639222,E2:P6,E2
overall,S-geo,P-sim,mae,4602,15,0.10053099603859295,-3.76034284200484,4.030882470742602,E2:P6,E2
overall,S-geo,H,rmse,4602,15,6.75684229492434,2.1890855039890376,11.003241235859633,E2:P6,E2
overall,S-geo,H,mae,4602,15,8.21835275675555,3.3177342896723188,12.946136927777452,E2:P6,E2
overall,S-geo,D,rmse,4602,15,6.659833371769011,2.202848523464762,10.749506717230878,E2:P6,E2
overall,S-geo,D,mae,4602,15,7.799444214571892,2.9198233607235253,12.342828924628643,E2:P6,E2
overall,H,D,rmse,4602,15,-0.4322853714310071,-1.3780569926962112,0.6598575405361032,E2:P7,E2
overall,H,D,mae,4602,15,-0.6151254692965438,-1.7735291953793808,0.5593746928407162,E2:P7,E2
overall,A,B,rmse,4602,15,3.3035972431909784,2.4761942248736717,4.037312248149664,E2:P7,E2
overall,A,B,mae,4602,15,3.5040049481378333,2.467092996843923,4.575952328685738,E2:P7,E2
overall,A,R,rmse,4602,15,1.4724760142257765,0.7387564906367594,2.0379052344155606,E2:P7,E2
overall,A,R,mae,4602,15,0.6357479187914237,-0.036691425476700346,1.2824301689422877,E2:P7,E2
overall,R,B,rmse,4602,15,1.831121228965202,1.5135070434987696,2.2147736347270714,E2:P7,E2
overall,R,B,mae,4602,15,2.8682570293464096,1.9488106038901976,3.876578388713083,E2:P7,E2
overall,H,A,rmse,4602,15,129.6332847499093,65.29927066723208,189.38342997237658,E2:P7,E2
overall,H,A,mae,4602,15,95.28983531968255,47.37524400222211,152.77744470756952,E2:P7,E2
overall,P-sim,P-cs,rmse,4602,15,-0.6765108858752882,-1.5000683058084312,0.29921644859468394,E2:P7,E2
overall,P-sim,P-cs,mae,4602,15,-0.2928730062934264,-1.7444423264121625,1.1615745602621776,E2:P7,E2
overall,H,P-sim,rmse,4602,15,-4.476348769000879,-9.01647121134943,-0.21373879633467802,E2:P7,E2
overall,H,P-sim,mae,4602,15,-8.56358926007546,-13.673200129360213,-3.5603921640217226,E2:P7,E2
overall,H,S,rmse,4602,15,-6.299291489146867,-10.795532334017857,-1.2734035812335156,E2:P7,E2
overall,H,S,mae,4602,15,-6.331786194877019,-10.650479767965843,-1.7340087413053022,E2:P7,E2
overall,S-geo,S,rmse,4602,15,0.7674318168074166,0.10268174078654653,2.1029088207055904,E2:P7,E2
overall,S-geo,S,mae,4602,15,1.8711401908300758,0.648411230265781,3.6915224100308377,E2:P7,E2
overall,S-geo,R,rmse,4602,15,138.17248407008935,71.47634729875354,199.26134036993412,E2:P7,E2
overall,S-geo,R,mae,4602,15,104.12850962418108,55.8104150309611,162.02677944800405,E2:P7,E2
overall,S-geo,A,rmse,4602,15,136.70000805586358,70.5338241311473,197.29318971040328,E2:P7,E2
overall,S-geo,A,mae,4602,15,103.49276170538965,54.88011143424308,161.30586804791673,E2:P7,E2
overall,S-geo,P-sim,rmse,4602,15,2.590374536953405,-0.9963739535292924,5.9196983283525935,E2:P7,E2
overall,S-geo,P-sim,mae,4602,15,-0.36066287436836575,-3.7370287447482617,3.1310376258936,E2:P7,E2
overall,S-geo,H,rmse,4602,15,7.066723305954284,2.4028691444724783,11.373533894713464,E2:P7,E2
overall,S-geo,H,mae,4602,15,8.202926385707094,3.7941491972408814,12.49311661369272,E2:P7,E2
overall,S-geo,D,rmse,4602,15,6.634437934523277,2.267756520300149,10.772213425988603,E2:P7,E2
overall,S-geo,D,mae,4602,15,7.587800916410551,3.101036185980001,11.782879073317032,E2:P7,E2
overall,H,D,rmse,4602,15,-0.23142844113638716,-1.0316568767416148,0.6409308318571102,E2:P8,E2
overall,H,D,mae,4602,15,-0.49707790699341103,-1.6540684387857065,0.6054008480221003,E2:P8,E2
overall,A,B,rmse,4602,15,1.5389269527452143,0.6549607595175406,2.193797417623034,E2:P8,E2
overall,A,B,mae,4602,15,0.161439227221166,-0.4291425199003047,0.7429060004178853,E2:P8,E2
overall,A,R,rmse,4602,15,1.1883718141185113,0.28978191620702776,1.8141353255473744,E2:P8,E2
overall,A,R,mae,4602,15,-0.11771335063988886,-0.730682109760761,0.5165761329894124,E2:P8,E2
overall,R,B,rmse,4602,15,0.35055513862670296,0.2700584465666928,0.43241628910818825,E2:P8,E2
overall,R,B,mae,4602,15,0.27915257786105485,0.09370633618475317,0.4475874059640375,E2:P8,E2
overall,H,A,rmse,4602,15,129.21931065094412,64.36233349270485,188.96973710534593,E2:P8,E2
overall,H,A,mae,4602,15,95.64316312563597,46.84671046440069,154.51460385942318,E2:P8,E2
overall,P-sim,P-cs,rmse,4602,15,-0.6424379562200073,-1.2365826883523297,0.008440886713322642,E2:P8,E2
overall,P-sim,P-cs,mae,4602,15,-0.30561974967733363,-1.0319631937268543,0.34103992263633964,E2:P8,E2
overall,H,P-sim,rmse,4602,15,-4.503761397376763,-8.990037804504183,-0.22358934059121022,E2:P8,E2
overall,H,P-sim,mae,4602,15,-8.991997958270062,-14.146294113370596,-3.9715230168953917,E2:P8,E2
overall,H,S,rmse,4602,15,-7.450305500717832,-11.780029102578755,-2.567271232313491,E2:P8,E2
overall,H,S,mae,4602,15,-8.50377834669382,-13.183422673077084,-3.48617838401475,E2:P8,E2
overall,S-geo,S,rmse,4602,15,0.061894014377614326,-0.15768393932161934,0.38468722235757363,E2:P8,E2
overall,S-geo,S,mae,4602,15,0.48753456063305833,0.0014702451419504224,1.2588473008739514,E2:P8,E2
overall,S-geo,R,rmse,4602,15,137.9198819801581,71.43113581328879,198.64883638046948,E2:P8,E2
overall,S-geo,R,mae,4602,15,104.51676268232296,55.39236312557769,162.36380142419577,E2:P8,E2
overall,S-geo,A,rmse,4602,15,136.73151016603958,70.523593577626,196.9133369424535,E2:P8,E2
overall,S-geo,A,mae,4602,15,104.63447603296285,55.43314922911514,162.6033202543469,E2:P8,E2
overall,S-geo,P-sim,rmse,4602,15,3.0084381177186827,-0.8453437101215521,6.612404305531567,E2:P8,E2
overall,S-geo,P-sim,mae,4602,15,-0.00068505094318283,-3.6784043285583357,4.020433776311913,E2:P8,E2
overall,S-geo,H,rmse,4602,15,7.512199515095446,2.825181824381751,11.711476976150628,E2:P8,E2
overall,S-geo,H,mae,4602,15,8.99131290732688,3.972135390728082,13.86912050279649,E2:P8,E2
overall,S-geo,D,rmse,4602,15,7.280771073959059,2.676414488195664,11.310046916580617,E2:P8,E2
overall,S-geo,D,mae,4602,15,8.494235000333468,3.5065359457658896,13.13098112231573,E2:P8,E2
overall,H,D,rmse,4602,15,7.174677329871031,-20.904675468524015,37.42642673715136,E2:Pinc,E2
overall,H,D,mae,4602,15,-2.5849077048025038,-29.809745189915546,24.824962752326993,E2:Pinc,E2
overall,A,B,rmse,4602,15,-70.96311061067786,-110.8398849362568,-32.59397251604972,E2:Pinc,E2
overall,A,B,mae,4602,15,-36.93535117168278,-86.35958996379358,8.476068487581834,E2:Pinc,E2
overall,A,R,rmse,4602,15,-11.774344025454127,-14.495338876740915,-8.907531408655208,E2:Pinc,E2
overall,A,R,mae,4602,15,-9.076801252512524,-13.644805032926463,-3.613598612028255,E2:Pinc,E2
overall,R,B,rmse,4602,15,-59.18876658522373,-96.55432843007637,-23.686036013511483,E2:Pinc,E2
overall,R,B,mae,4602,15,-27.858549919170258,-72.63099643976634,12.735815778349808,E2:Pinc,E2
overall,H,A,rmse,4602,15,191.19542724959163,127.9111713267614,251.6944438416664,E2:Pinc,E2
overall,H,A,mae,4602,15,137.25979968844536,74.82362660928207,207.93105984228941,E2:Pinc,E2
overall,P-sim,P-cs,rmse,4602,15,17.977392960857927,-4.291745107130624,44.63235639750727,E2:Pinc,E2
overall,P-sim,P-cs,mae,4602,15,9.0251840780994,-13.472889801863257,33.72417873277475,E2:Pinc,E2
overall,H,P-sim,rmse,4602,15,-17.991365186155193,-27.678595301381097,-9.411519227683623,E2:Pinc,E2
overall,H,P-sim,mae,4602,15,-21.27884806139933,-31.189530174978188,-12.88593923494197,E2:Pinc,E2
overall,S-geo,R,rmse,4602,15,206.9239176017859,137.95975014956383,276.6643484609856,E2:Pinc,E2
overall,S-geo,R,mae,4602,15,166.94423241064501,99.76769756168575,247.11111962620413,E2:Pinc,E2
overall,S-geo,A,rmse,4602,15,218.69826162724002,147.89610289986302,291.6470602612479,E2:Pinc,E2
overall,S-geo,A,mae,4602,15,176.02103366315754,105.85170468747593,260.0982463757276,E2:Pinc,E2
overall,S-geo,P-sim,rmse,4602,15,9.511469191493177,4.34943124138804,18.60228010865017,E2:Pinc,E2
overall,S-geo,P-sim,mae,4602,15,17.482385913312854,10.682760336959767,26.61015612876494,E2:Pinc,E2
overall,S-geo,H,rmse,4602,15,27.50283437764837,15.629280441291566,42.621590986059516,E2:Pinc,E2
overall,S-geo,H,mae,4602,15,38.761233974712184,27.00237717817376,52.5808255040456,E2:Pinc,E2
overall,S-geo,D,rmse,4602,15,34.6775117075194,11.552096590007194,66.02694130290308,E2:Pinc,E2
overall,S-geo,D,mae,4602,15,36.17632626990968,16.412083441676785,64.07399178068002,E2:Pinc,E2
overall,H,D,rmse,18408,15,-0.387146414451891,-1.2819844289747642,0.6490799573479776,E2:shaded,E2
overall,H,D,mae,18408,15,-0.5781466223342022,-1.6405239668203968,0.5013142218065504,E2:shaded,E2
overall,A,B,rmse,18408,15,2.9464800327460523,2.1593200004107658,3.637268202989888,E2:shaded,E2
overall,A,B,mae,18408,15,2.659724378802764,1.8683763361208752,3.4642250506149286,E2:shaded,E2
overall,A,R,rmse,18408,15,1.5421520460811848,0.7796059240819264,2.1269654253439745,E2:shaded,E2
overall,A,R,mae,18408,15,0.5895935951593287,-0.08591451758503794,1.2488042673465303,E2:shaded,E2
overall,R,B,rmse,18408,15,1.4043279866648675,1.148505921871763,1.7227557472733406,E2:shaded,E2
overall,R,B,mae,18408,15,2.0701307836434353,1.3652776041892345,2.828023932857398,E2:shaded,E2
overall,H,A,rmse,18408,15,128.83061030299348,64.38115706567628,188.0894098292222,E2:shaded,E2
overall,H,A,mae,18408,15,95.6914683473517,47.7025058768313,153.49785064873188,E2:shaded,E2
overall,P-sim,P-cs,rmse,18408,15,-0.6866089883879596,-1.482192005403169,0.2992278779733076,E2:shaded,E2
overall,P-sim,P-cs,mae,18408,15,-0.287275115305313,-1.5403602958301081,0.9102498716427488,E2:shaded,E2
overall,H,P-sim,rmse,18408,15,-4.42460127291973,-8.973835168725552,-0.08810593282808997,E2:shaded,E2
overall,H,P-sim,mae,18408,15,-8.352319717152248,-13.47058264510541,-3.41687085893115,E2:shaded,E2
overall,H,S,rmse,18408,15,-6.8532647547149,-11.245308817014429,-1.889909023183739,E2:shaded,E2
overall,H,S,mae,18408,15,-7.666241297060154,-12.077209984162705,-2.93649115201733,E2:shaded,E2
overall,S-geo,S,rmse,18408,15,0.5824705941132322,-0.06668168841141621,1.9515429944521052,E2:shaded,E2
overall,S-geo,S,mae,18408,15,1.4401732749094691,0.3858018291289255,3.207834211251664,E2:shaded,E2
overall,S-geo,R,rmse,18408,15,137.8084976979028,71.29201324197881,199.18253624116375,E2:shaded,E2
overall,S-geo,R,mae,18408,15,105.38747651448065,57.419635779988425,162.67313182902976,E2:shaded,E2
overall,S-geo,A,rmse,18408,15,136.2663456518216,70.10605704633358,197.12102675377838,E2:shaded,E2
overall,S-geo,A,mae,18408,15,104.79788291932132,56.50979378330637,162.00560974082333,E2:shaded,E2
overall,S-geo,P-sim,rmse,18408,15,3.0111340759084015,-0.6817915771420353,6.513511289270359,E2:shaded,E2
overall,S-geo,P-sim,mae,18408,15,0.7540948548173745,-2.510648740538363,4.283835586989827,E2:shaded,E2
overall,S-geo,H,rmse,18408,15,7.435735348828132,2.8466019552132105,11.696118206835092,E2:shaded,E2
overall,S-geo,H,mae,18408,15,9.106414571969623,4.324806460944349,14.120799672220747,E2:shaded,E2
overall,S-geo,D,rmse,18408,15,7.048588934376241,2.581837652971978,11.290084876896794,E2:shaded,E2
overall,S-geo,D,mae,18408,15,8.52826794963542,3.7741128039718093,13.325297637550873,E2:shaded,E2
sensor:P1,H,D,rmse,4602,15,-0.0938719541553894,-1.0006838215568972,1.0097285536233622,E2:shaded,E2
sensor:P1,H,D,mae,4602,15,-0.29317800268755434,-1.3056629415481509,0.7943479363396646,E2:shaded,E2
sensor:P1,A,B,rmse,4602,15,2.824969658641919,2.120620716621084,3.4977972008026907,E2:shaded,E2
sensor:P1,A,B,mae,4602,15,2.3556036274380006,1.5340011335550863,3.2936564281512433,E2:shaded,E2
sensor:P1,A,R,rmse,4602,15,1.4007608961962603,0.6508119403357376,1.9682379163148538,E2:shaded,E2
sensor:P1,A,R,mae,4602,15,0.2523947804431259,-0.44316339519146336,0.9291663247676494,E2:shaded,E2
sensor:P1,R,B,rmse,4602,15,1.4242087624456587,1.102338002800471,1.8703434441445288,E2:shaded,E2
sensor:P1,R,B,mae,4602,15,2.1032088469948746,1.2588959861482287,3.1190396406240843,E2:shaded,E2
sensor:P1,H,A,rmse,4602,15,127.882370040348,63.146154791801315,187.24711660776117,E2:shaded,E2
sensor:P1,H,A,mae,4602,15,95.22764247861866,47.457181673211544,153.21776671879803,E2:shaded,E2
sensor:P1,P-sim,P-cs,rmse,4602,15,-0.48158619347715614,-1.3599285469275117,0.8035716659496005,E2:shaded,E2
sensor:P1,P-sim,P-cs,mae,4602,15,-0.09618103129032818,-1.3709565842935503,1.0600429165833731,E2:shaded,E2
sensor:P1,H,P-sim,rmse,4602,15,-4.224359207914915,-8.789017647684274,0.11025139392839096,E2:shaded,E2
sensor:P1,H,P-sim,mae,4602,15,-8.190726318399037,-13.32133179982109,-3.1544046551682525,E2:shaded,E2
sensor:P1,H,S,rmse,4602,15,-6.857279324716302,-11.289736891941637,-1.6951609386994475,E2:shaded,E2
sensor:P1,H,S,mae,4602,15,-7.880517446746488,-12.44153991977798,-3.161154208766502,E2:shaded,E2
sensor:P1,S-geo,S,rmse,4602,15,0.7140987031477408,-0.20915133977393055,2.779903590291747,E2:shaded,E2
sensor:P1,S-geo,S,mae,4602,15,1.4568948203317262,0.17238285640147666,3.7717683569203775,E2:shaded,E2
sensor:P1,S-geo,R,rmse,4602,15,136.8545089644083,70.63941025767527,198.11923229143238,E2:shaded,E2
sensor:P1,S-geo,R,mae,4602,15,104.81744952614,56.62559462863609,162.2512570481156,E2:shaded,E2
sensor:P1,S-geo,A,rmse,4602,15,135.45374806821204,69.64800444558304,196.21518921842394,E2:shaded,E2
sensor:P1,S-geo,A,mae,4602,15,104.56505474569687,56.14762782240038,161.76406791720248,E2:shaded,E2
sensor:P1,S-geo,P-sim,rmse,4602,15,3.3470188199491275,-0.5510012040361968,7.01494250796461,E2:shaded,E2
sensor:P1,S-geo,P-sim,mae,4602,15,1.1466859486791776,-2.271408593467373,4.9246242706159,E2:shaded,E2
sensor:P1,S-geo,H,rmse,4602,15,7.571378027864043,2.878133088369555,11.857019497590045,E2:shaded,E2
sensor:P1,S-geo,H,mae,4602,15,9.337412267078214,4.16952364300211,15.040078703753181,E2:shaded,E2
sensor:P1,S-geo,D,rmse,4602,15,7.477506073708653,2.9105912141202652,11.893815621938957,E2:shaded,E2
sensor:P1,S-geo,D,mae,4602,15,9.04423426439066,3.8428703102908996,14.815616674805348,E2:shaded,E2
sensor:P3,H,D,rmse,4602,15,-0.4938161238550123,-1.5210420907885127,0.5730134079230845,E2:shaded,E2
sensor:P3,H,D,mae,4602,15,-0.7455922922982552,-2.1076463616378716,0.5337061952511332,E2:shaded,E2
sensor:P3,A,B,rmse,4602,15,2.3530260773805196,1.4224321144926393,3.102144873586392,E2:shaded,E2
sensor:P3,A,B,mae,4602,15,1.4353615810756253,0.49886226221736507,2.265828992878737,E2:shaded,E2
sensor:P3,A,R,rmse,4602,15,1.6869288825710385,0.8065460790908894,2.353867756273874,E2:shaded,E2
sensor:P3,A,R,mae,4602,15,0.5960464106541394,-0.10479422531038976,1.290613421580736,E2:shaded,E2
sensor:P3,R,B,rmse,4602,15,0.6660971948094812,0.5465743790686843,0.7868458341526022,E2:shaded,E2
sensor:P3,R,B,mae,4602,15,0.8393151704214858,0.4480870339435796,1.2344116145326902,E2:shaded,E2
sensor:P3,H,A,rmse,4602,15,129.44811454737945,64.43572897238815,188.85191715476338,E2:shaded,E2
sensor:P3,H,A,mae,4602,15,96.51090396442564,47.67030542873956,154.89103508745413,E2:shaded,E2
sensor:P3,P-sim,P-cs,rmse,4602,15,-0.7374733186501317,-1.486989386778023,0.09209266169745461,E2:shaded,E2
sensor:P3,P-sim,P-cs,mae,4602,15,-0.2880390957373038,-1.3322430085526746,0.774911997389206,E2:shaded,E2
sensor:P3,H,P-sim,rmse,4602,15,-4.592410480398371,-9.310276637405043,-0.10026227996825213,E2:shaded,E2
sensor:P3,H,P-sim,mae,4602,15,-8.765847260381584,-13.844747155487058,-3.793012425339142,E2:shaded,E2
sensor:P3,H,S,rmse,4602,15,-7.321947000869713,-12.036734587214209,-2.2839293430245537,E2:shaded,E2
sensor:P3,H,S,mae,4602,15,-8.375667049312575,-13.63275253092238,-3.314803968717669,E2:shaded,E2
sensor:P3,S-geo,S,rmse,4602,15,0.12602659256189952,-0.15515971500525474,0.5096981562522191,E2:shaded,E2
sensor:P3,S-geo,S,mae,4602,15,0.8004298019991154,0.21545723972707903,1.659521364004385,E2:shaded,E2
sensor:P3,S-geo,R,rmse,4602,15,138.5830170233821,71.78691658736624,200.2961407327707,E2:shaded,E2
sensor:P3,S-geo,R,mae,4602,15,106.28304722639146,57.6384900872329,163.95988210506442,E2:shaded,E2
sensor:P3,S-geo,A,rmse,4602,15,136.89608814081106,70.58045736602031,198.00053535705345,E2:shaded,E2
sensor:P3,S-geo,A,mae,4602,15,105.68700081573732,56.891845381621216,163.4014768650517,E2:shaded,E2
sensor:P3,S-geo,P-sim,rmse,4602,15,2.8555631130332415,-1.01888397530679,6.526564226489455,E2:shaded,E2
sensor:P3,S-geo,P-sim,mae,4602,15,0.41024959093010693,-3.1656925486521024,4.416232410623561,E2:shaded,E2
sensor:P3,S-geo,H,rmse,4602,15,7.4479735934316125,2.6618682752297076,11.974547410250187,E2:shaded,E2
sensor:P3,S-geo,H,mae,4602,15,9.17609685131169,4.037186732760363,14.968597034887663,E2:shaded,E2
sensor:P3,S-geo,D,rmse,4602,15,6.9541574695766,2.421228612143549,11.415083461185773,E2:shaded,E2
sensor:P3,S-geo,D,mae,4602,15,8.430504559013436,3.554579857045342,13.651490030741943,E2:shaded,E2
sensor:P5,H,D,rmse,4602,15,-0.5304354014456862,-1.4777802964996785,0.5481592767168275,E2:shaded,E2
sensor:P5,H,D,mae,4602,15,-0.6586907250541003,-1.7162609005815992,0.34528287237933514,E2:shaded,E2
sensor:P5,A,B,rmse,4602,15,3.3045756551954355,2.5268322397114056,4.016137225006891,E2:shaded,E2
sensor:P5,A,B,mae,4602,15,3.343927358559455,2.2487217504349117,4.43278344142191,E2:shaded,E2
sensor:P5,A,R,rmse,4602,15,1.6076720017296395,0.9279745127351958,2.1619167559398016,E2:shaded,E2
sensor:P5,A,R,mae,4602,15,0.8741852707488533,0.1926681218492412,1.5378297933723157,E2:shaded,E2
sensor:P5,R,B,rmse,4602,15,1.696903653465796,1.3147795730304501,2.163347512285734,E2:shaded,E2
sensor:P5,R,B,mae,4602,15,2.4697420878106016,1.3213359507466695,3.735566415766268,E2:shaded,E2
sensor:P5,H,A,rmse,4602,15,128.36463604732234,63.738966935881805,187.84641026531713,E2:shaded,E2
sensor:P5,H,A,mae,4602,15,95.73749162668021,48.378156093151915,153.10755916279402,E2:shaded,E2
sensor:P5,P-sim,P-cs,rmse,4602,15,-0.8519089476170763,-1.7261688942516755,0.2694116508148505,E2:shaded,E2
sensor:P5,P-sim,P-cs,mae,4602,15,-0.4720073279003074,-1.897897607976618,1.023178466268301,E2:shaded,E2
sensor:P5,H,P-sim,rmse,4602,15,-4.407583430680532,-8.857636145162546,-0.13604403347241034,E2:shaded,E2
sensor:P5,H,P-sim,mae,4602,15,-7.889116029752664,-13.013290766688089,-2.9092307159248882,E2:shaded,E2
sensor:P5,H,S,rmse,4602,15,-6.9318337249250845,-11.14365636698535,-2.119140109406808,E2:shaded,E2
sensor:P5,H,S,mae,4602,15,-8.076994497304128,-12.540121851593103,-3.3179606583321024,E2:shaded,E2
sensor:P5,S-geo,S,rmse,4602,15,0.7210887242204933,-0.08300100366823102,2.463695929561272,E2:shaded,E2
sensor:P5,S-geo,S,mae,4602,15,1.6322282864769093,0.40726989125496293,3.669721686613001,E2:shaded,E2
sensor:P5,S-geo,R,rmse,4602,15,137.62523049819754,71.032771428521,199.26605000429768,E2:shaded,E2
sensor:P5,S-geo,R,mae,4602,15,106.32089968121011,59.1913799603778,163.1411660639565,E2:shaded,E2
sensor:P5,S-geo,A,rmse,4602,15,136.0175584964679,69.83406831446727,196.9369311412479,E2:shaded,E2
sensor:P5,S-geo,A,mae,4602,15,105.44671441046125,58.07302038573768,162.33264398004607,E2:shaded,E2
sensor:P5,S-geo,P-sim,rmse,4602,15,3.245339018465046,-0.2020525305747718,6.496244363547208,E2:shaded,E2
sensor:P5,S-geo,P-sim,mae,4602,15,1.820106754028373,-1.680088063895146,5.3038952525159075,E2:shaded,E2
sensor:P5,S-geo,H,rmse,4602,15,7.652922449145578,3.2403484419670634,11.794754644802872,E2:shaded,E2
sensor:P5,S-geo,H,mae,4602,15,9.709222783781037,4.87989899803873,14.71697060138393,E2:shaded,E2
sensor:P5,S-geo,D,rmse,4602,15,7.122487047699892,2.922347957787831,11.203483907032425,E2:shaded,E2
sensor:P5,S-geo,D,mae,4602,15,9.050532058726937,4.461380562613175,13.66484855645463,E2:shaded,E2
sensor:P7,H,D,rmse,4602,15,-0.4322853714310071,-1.3780569926962112,0.6598575405361032,E2:shaded,E2
sensor:P7,H,D,mae,4602,15,-0.6151254692965438,-1.7735291953793808,0.5593746928407162,E2:shaded,E2
sensor:P7,A,B,rmse,4602,15,3.3035972431909784,2.4761942248736717,4.037312248149664,E2:shaded,E2
sensor:P7,A,B,mae,4602,15,3.5040049481378333,2.467092996843923,4.575952328685738,E2:shaded,E2
sensor:P7,A,R,rmse,4602,15,1.4724760142257765,0.7387564906367594,2.0379052344155606,E2:shaded,E2
sensor:P7,A,R,mae,4602,15,0.6357479187914237,-0.036691425476700346,1.2824301689422877,E2:shaded,E2
sensor:P7,R,B,rmse,4602,15,1.831121228965202,1.5135070434987696,2.2147736347270714,E2:shaded,E2
sensor:P7,R,B,mae,4602,15,2.8682570293464096,1.9488106038901976,3.876578388713083,E2:shaded,E2
sensor:P7,H,A,rmse,4602,15,129.6332847499093,65.29927066723208,189.38342997237658,E2:shaded,E2
sensor:P7,H,A,mae,4602,15,95.28983531968255,47.37524400222211,152.77744470756952,E2:shaded,E2
sensor:P7,P-sim,P-cs,rmse,4602,15,-0.6765108858752882,-1.5000683058084312,0.29921644859468394,E2:shaded,E2
sensor:P7,P-sim,P-cs,mae,4602,15,-0.2928730062934264,-1.7444423264121625,1.1615745602621776,E2:shaded,E2
sensor:P7,H,P-sim,rmse,4602,15,-4.476348769000879,-9.01647121134943,-0.21373879633467802,E2:shaded,E2
sensor:P7,H,P-sim,mae,4602,15,-8.56358926007546,-13.673200129360213,-3.5603921640217226,E2:shaded,E2
sensor:P7,H,S,rmse,4602,15,-6.299291489146867,-10.795532334017857,-1.2734035812335156,E2:shaded,E2
sensor:P7,H,S,mae,4602,15,-6.331786194877019,-10.650479767965843,-1.7340087413053022,E2:shaded,E2
sensor:P7,S-geo,S,rmse,4602,15,0.7674318168074166,0.10268174078654653,2.1029088207055904,E2:shaded,E2
sensor:P7,S-geo,S,mae,4602,15,1.8711401908300758,0.648411230265781,3.6915224100308377,E2:shaded,E2
sensor:P7,S-geo,R,rmse,4602,15,138.17248407008935,71.47634729875354,199.26134036993412,E2:shaded,E2
sensor:P7,S-geo,R,mae,4602,15,104.12850962418108,55.8104150309611,162.02677944800405,E2:shaded,E2
sensor:P7,S-geo,A,rmse,4602,15,136.70000805586358,70.5338241311473,197.29318971040328,E2:shaded,E2
sensor:P7,S-geo,A,mae,4602,15,103.49276170538965,54.88011143424308,161.30586804791673,E2:shaded,E2
sensor:P7,S-geo,P-sim,rmse,4602,15,2.590374536953405,-0.9963739535292924,5.9196983283525935,E2:shaded,E2
sensor:P7,S-geo,P-sim,mae,4602,15,-0.36066287436836575,-3.7370287447482617,3.1310376258936,E2:shaded,E2
sensor:P7,S-geo,H,rmse,4602,15,7.066723305954284,2.4028691444724783,11.373533894713464,E2:shaded,E2
sensor:P7,S-geo,H,mae,4602,15,8.202926385707094,3.7941491972408814,12.49311661369272,E2:shaded,E2
sensor:P7,S-geo,D,rmse,4602,15,6.634437934523277,2.267756520300149,10.772213425988603,E2:shaded,E2
sensor:P7,S-geo,D,mae,4602,15,7.587800916410551,3.101036185980001,11.782879073317032,E2:shaded,E2
sky:sunny,H,D,rmse,4164,3,0.388130331312901,-2.4271107915553785,1.8357399419642348,E2:shaded,E2
sky:sunny,H,D,mae,4164,3,-1.1708857637953898,-4.507484478855886,2.055493878949484,E2:shaded,E2
sky:sunny,A,B,rmse,4164,3,3.401236289185789,2.0007764462647515,7.773878863263029,E2:shaded,E2
sky:sunny,A,B,mae,4164,3,2.9255285786652436,1.0737488402186912,3.6592733770780477,E2:shaded,E2
sky:sunny,A,R,rmse,4164,3,0.952852971783571,-1.029962019439072,1.8372144571393036,E2:shaded,E2
sky:sunny,A,R,mae,4164,3,1.1384363519506948,-1.6287469757783661,2.8477607335995394,E2:shaded,E2
sky:sunny,R,B,rmse,4164,3,2.448383317402218,0.6410121293365876,8.8038408827021,E2:shaded,E2
sky:sunny,R,B,mae,4164,3,1.7870922267145488,0.8115126434785083,2.7024958159970573,E2:shaded,E2
sky:sunny,H,A,rmse,4164,3,-11.540144792355505,-29.95635765712758,-0.875047491746777,E2:shaded,E2
sky:sunny,H,A,mae,4164,3,-13.69510046099192,-27.371881564169495,-1.8790048483045574,E2:shaded,E2
sky:sunny,P-sim,P-cs,rmse,4164,3,2.9173315367006296,1.6674050616814426,5.564608585436304,E2:shaded,E2
sky:sunny,P-sim,P-cs,mae,4164,3,2.8394776613592683,1.0048798616131052,3.607374821245479,E2:shaded,E2
sky:sunny,H,P-sim,rmse,4164,3,-9.043331735547298,-22.790748936226727,-0.8970185034682956,E2:shaded,E2
sky:sunny,H,P-sim,mae,4164,3,-11.930380728639957,-24.582320197704245,-1.9303642294473207,E2:shaded,E2
sky:sunny,H,S,rmse,4164,3,-5.7456329936727,-10.77813002002899,2.2078084000600064,E2:shaded,E2
sky:sunny,H,S,mae,4164,3,-7.724988241276407,-18.333078021404443,1.701013611333586,E2:shaded,E2
sky:sunny,S-geo,S,rmse,4164,3,4.736317577050066,0.0485055103294556,18.643927381691956,E2:shaded,E2
sky:sunny,S-geo,S,mae,4164,3,4.306113358317351,-0.15651700077313535,11.579770864901626,E2:shaded,E2
sky:sunny,S-geo,R,rmse,4164,3,-0.10534124984916815,-1.5642622748457065,2.6205187697973393,E2:shaded,E2
sky:sunny,S-geo,R,mae,4164,3,-0.5255625094474681,-3.2494899337704766,1.235539896484834,E2:shaded,E2
sky:sunny,S-geo,A,rmse,4164,3,-1.0581942216327391,-2.0630178629571247,0.7833043126580357,E2:shaded,E2
sky:sunny,S-geo,A,mae,4164,3,-1.6639988613981629,-6.097250667370016,2.5409673221365736,E2:shaded,E2
sky:sunny,S-geo,P-sim,rmse,4164,3,1.4386188351754683,0.16824242124931743,6.631308465494218,E2:shaded,E2
sky:sunny,S-geo,P-sim,mae,4164,3,0.10072087095380056,-3.38481318810841,5.330528688601824,E2:shaded,E2
sky:sunny,S-geo,H,rmse,4164,3,10.481950570722766,1.6583518044048127,29.422057401720945,E2:shaded,E2
sky:sunny,S-geo,H,mae,4164,3,12.031101599593757,1.6097222604929122,29.91284888630607,E2:shaded,E2
sky:sunny,S-geo,D,rmse,4164,3,10.870080902035667,2.663566038007019,26.994946610165567,E2:shaded,E2
sky:sunny,S-geo,D,mae,4164,3,10.860215835798368,-0.3581357538438006,25.405364407450183,E2:shaded,E2
sky:mixed,H,D,rmse,5504,4,-1.5587772514298308,-2.9409205911448737,0.36653867842618126,E2:shaded,E2
sky:mixed,H,D,mae,5504,4,-1.6119492042861339,-2.836180590843682,-0.035512818981459304,E2:shaded,E2
sky:mixed,A,B,rmse,5504,4,1.9663078486723293,1.0315798081793446,2.5322000593994005,E2:shaded,E2
sky:mixed,A,B,mae,5504,4,1.4443089048220088,1.2835733724880356,1.567054665811085,E2:shaded,E2
sky:mixed,A,R,rmse,5504,4,0.8636915510854237,-0.5820105173402226,1.6566343994385875,E2:shaded,E2
sky:mixed,A,R,mae,5504,4,0.16340281703539006,-1.422318113407556,0.9438220485485118,E2:shaded,E2
sky:mixed,R,B,rmse,5504,4,1.1026162975869056,0.7865625265481242,1.5403621373974374,E2:shaded,E2
sky:mixed,R,B,mae,5504,4,1.2809060877866187,0.5065155874459322,2.661233961617512,E2:shaded,E2
sky:mixed,H,A,rmse,5504,4,33.254847464954054,16.650762660944807,52.43258388922723,E2:shaded,E2
sky:mixed,H,A,mae,5504,4,33.096375549095185,5.0288871547011125,59.33112365443968,E2:shaded,E2
sky:mixed,P-sim,P-cs,rmse,5504,4,-1.6484805461973622,-2.7670061570155298,-0.13304293332208456,E2:shaded,E2
sky:mixed,P-sim,P-cs,mae,5504,4,-1.511454672962273,-2.536616036126617,-0.6821339627778981,E2:shaded,E2
sky:mixed,H,P-sim,rmse,5504,4,-1.6906031611549963,-9.41788150307896,3.142276338649026,E2:shaded,E2
sky:mixed,H,P-sim,mae,5504,4,-5.31547094653196,-12.174795664165913,0.7722973556754056,E2:shaded,E2
sky:mixed,H,S,rmse,5504,4,-9.618913313099796,-19.377020293694386,-4.619733895745412,E2:shaded,E2
sky:mixed,H,S,mae,5504,4,-12.070935715656518,-15.955501233996443,-6.190796011713132,E2:shaded,E2
sky:mixed,S-geo,S,rmse,5504,4,-0.40439215564882147,-0.9503380007231215,0.04963141443479472,E2:shaded,E2
sky:mixed,S-geo,S,mae,5504,4,0.2060827290091538,-0.4309136395898179,0.8265213358669428,E2:shaded,E2
sky:mixed,S-geo,R,rmse,5504,4,43.33306017349045,23.370858885885184,65.61000656568163,E2:shaded,E2
sky:mixed,S-geo,R,mae,5504,4,45.53679681079625,22.208175417214143,69.64704104269222,E2:shaded,E2
sky:mixed,S-geo,A,rmse,5504,4,42.46936862240503,22.105132690261982,65.71083195672236,E2:shaded,E2
sky:mixed,S-geo,A,mae,5504,4,45.37339399376086,21.183450337526097,70.60724743898078,E2:shaded,E2
sky:mixed,S-geo,P-sim,rmse,5504,4,7.523917996295978,0.541394696038323,12.61096185237713,E2:shaded,E2
sky:mixed,S-geo,P-sim,mae,5504,4,6.9615474981337115,3.465304252072351,13.237140285349753,E2:shaded,E2
sky:mixed,S-geo,H,rmse,5504,4,9.214521157450974,4.66764665208774,18.40976318935259,E2:shaded,E2
sky:mixed,S-geo,H,mae,5504,4,12.277018444665671,6.280567804479304,16.227240762389243,E2:shaded,E2
sky:mixed,S-geo,D,rmse,5504,4,7.655743906021144,4.387116494596583,15.555759982325071,E2:shaded,E2
sky:mixed,S-geo,D,mae,5504,4,10.665069240379538,5.958126755497474,14.096728909516756,E2:shaded,E2
sky:cloudy,H,D,rmse,4680,4,-0.43523130724982195,-1.4158166122444982,-0.03875753631746193,E2:shaded,E2
sky:cloudy,H,D,mae,4680,4,-0.5773615597510684,-1.938267099406846,0.8425482281122783,E2:shaded,E2
sky:cloudy,A,B,rmse,4680,4,3.9029026483923417,2.899168240101403,4.473532042638472,E2:shaded,E2
sky:cloudy,A,B,mae,4680,4,3.7641449223310133,2.8286303924446656,4.658984907439645,E2:shaded,E2
sky:cloudy,A,R,rmse,4680,4,2.2133400490607755,1.2590998294811584,2.71977123097264,E2:shaded,E2
sky:cloudy,A,R,mae,4680,4,0.7275807903714622,0.2680338653246679,1.498947520333786,E2:shaded,E2
sky:cloudy,R,B,rmse,4680,4,1.6895625993315662,1.5400443510603736,2.0163122954264736,E2:shaded,E2
sky:cloudy,R,B,mae,4680,4,3.036564131959551,2.263262814105616,3.9816960430787844,E2:shaded,E2
sky:cloudy,H,A,rmse,4680,4,201.8254347467905,114.98349931684638,256.64711354179497,E2:shaded,E2
sky:cloudy,H,A,mae,4680,4,182.81270627845726,123.2257555761822,228.37919799196175,E2:shaded,E2
sky:cloudy,P-sim,P-cs,rmse,4680,4,-1.2147846424175697,-4.094442838851016,-0.4410751808884612,E2:shaded,E2
sky:cloudy,P-sim,P-cs,mae,4680,4,-1.9420093844167354,-4.700993525824178,0.20777146508811484,E2:shaded,E2
sky:cloudy,H,P-sim,rmse,4680,4,-6.058379444876152,-13.966022581154618,9.970615775497734,E2:shaded,E2
sky:cloudy,H,P-sim,mae,4680,4,-6.81127753891505,-21.764762061381347,5.9665499265476925,E2:shaded,E2
sky:cloudy,H,S,rmse,4680,4,-6.72964478288344,-17.71346233762415,6.767485116475612,E2:shaded,E2
sky:cloudy,H,S,mae,4680,4,-5.222808136676235,-18.261545228555747,4.783979166491974,E2:shaded,E2
sky:cloudy,S-geo,S,rmse,4680,4,0.5369497479038046,-0.052714009843427334,1.4705350369277141,E2:shaded,E2
sky:cloudy,S-geo,S,mae,4680,4,0.8257521944515815,0.3559077617144055,1.440164144954025,E2:shaded,E2
sky:cloudy,S-geo,R,rmse,4680,4,211.30536932663853,111.5998250186611,277.36473944355595,E2:shaded,E2
sky:cloudy,S-geo,R,mae,4680,4,189.58884739995653,120.14997441996891,242.68916203171182,E2:shaded,E2
sky:cloudy,S-geo,A,rmse,4680,4,209.09202927757775,110.3761923761411,274.8831393893451,E2:shaded,E2
sky:cloudy,S-geo,A,mae,4680,4,188.86126660958507,119.88194055464425,241.6101630045399,E2:shaded,E2
sky:cloudy,S-geo,P-sim,rmse,4680,4,1.2082150859110925,-5.398858586400024,9.65561641135968,E2:shaded,E2
sky:cloudy,S-geo,P-sim,mae,4680,4,-0.7627172077872331,-7.192454826131893,5.46386615099145,E2:shaded,E2
sky:cloudy,S-geo,H,rmse,4680,4,7.266594530787245,-5.413330090294863,17.695662768391088,E2:shaded,E2
sky:cloudy,S-geo,H,mae,4680,4,6.048560331127817,-3.3438150215379565,18.736179376515892,E2:shaded,E2
sky:cloudy,S-geo,D,rmse,4680,4,6.831363223537423,-6.236652532297057,17.388613149792207,E2:shaded,E2
sky:cloudy,S-geo,D,mae,4680,4,5.4711987713767485,-4.950457712276219,18.72193130887709,E2:shaded,E2
sky:rainy,H,D,rmse,4060,4,1.3857418919006648,0.20892752220613175,2.084877097990116,E2:shaded,E2
sky:rainy,H,D,mae,4060,4,1.430361038557166,0.6809025996549494,2.417433243505969,E2:shaded,E2
sky:rainy,A,B,rmse,4060,4,3.6408277927098993,1.3433110200057854,4.767147614904445,E2:shaded,E2
sky:rainy,A,B,mae,4060,4,2.761731752411208,0.15744934969740143,5.180644207155041,E2:shaded,E2
sky:rainy,A,R,rmse,4060,4,1.9392886773635496,0.034577073572052086,3.0172769122266345,E2:shaded,E2
sky:rainy,A,R,mae,4060,4,0.4454046123814237,-1.052025058639714,1.7893528965459495,E2:shaded,E2
sky:rainy,R,B,rmse,4060,4,1.7015391153463497,1.3087339464337333,2.5494070903070565,E2:shaded,E2
sky:rainy,R,B,mae,4060,4,2.3163271400297845,0.7245719297669382,4.813447260980666,E2:shaded,E2
sky:rainy,H,A,rmse,4060,4,213.05438046962166,150.3277596045392,262.5538596458601,E2:shaded,E2
sky:rainy,H,A,mae,4060,4,192.3125692739461,147.1483464682272,240.92104593652877,E2:shaded,E2
sky:rainy,P-sim,P-cs,rmse,4060,4,-0.007255468960437383,-0.9325479453250551,0.7036905700140892,E2:shaded,E2
sky:rainy,P-sim,P-cs,mae,4060,4,0.07288303808230268,-0.6681906865534017,1.3570138028675203,E2:shaded,E2
sky:rainy,H,P-sim,rmse,4060,4,-6.021816272653879,-8.625201890796774,-3.9880806065330603,E2:shaded,E2
sky:rainy,H,P-sim,mae,4060,4,-10.575927346661771,-14.343998095233772,-5.531574570347665,E2:shaded,E2
sky:rainy,H,S,rmse,4060,4,-3.939115334098858,-6.264313304167118,1.6574006749790442,E2:shaded,E2
sky:rainy,H,S,mae,4060,4,-4.451267611081221,-11.428898022843583,3.0318192872025946,E2:shaded,E2
sky:rainy,S-geo,S,rmse,4060,4,0.5561191984246108,0.2128629902667285,1.2105615583827358,E2:shaded,E2
sky:rainy,S-geo,S,mae,4060,4,0.8820822684728782,0.4004255959962535,1.3530788876044824,E2:shaded,E2
sky:rainy,S-geo,R,rmse,4060,4,219.48890367950867,149.9106329647274,271.9539694507523,E2:shaded,E2
sky:rainy,S-geo,R,mae,4060,4,198.09132376588164,144.57567996405552,254.01209160022233,E2:shaded,E2
sky:rainy,S-geo,A,rmse,4060,4,217.54961500214512,149.87605589115535,269.0267215411948,E2:shaded,E2
sky:rainy,S-geo,A,mae,4060,4,197.64591915350022,145.40616059258372,252.4469339227481,E2:shaded,E2
sky:rainy,S-geo,P-sim,rmse,4060,4,-1.5265817401304105,-5.623005702374485,-0.005859224801284313,E2:shaded,E2
sky:rainy,S-geo,P-sim,mae,4060,4,-5.242577467107672,-8.41951068303937,-2.2211217178512612,E2:shaded,E2
sky:rainy,S-geo,H,rmse,4060,4,4.495234532523469,-0.4517037133838713,6.475184164054113,E2:shaded,E2
sky:rainy,S-geo,H,mae,4060,4,5.333349879554099,-1.7421858756434858,11.822555560719849,E2:shaded,E2
sky:rainy,S-geo,D,rmse,4060,4,5.880976424424134,-0.24277619117773952,8.354321609120035,E2:shaded,E2
sky:rainy,S-geo,D,mae,4060,4,6.763710918111265,-1.0612832759885364,12.979829416084797,E2:shaded,E2
sky:cloudy+rainy,H,D,rmse,8740,8,0.29858349114385874,-0.5022499471493453,1.2611390692156186,E2:shaded,E2
sky:cloudy+rainy,H,D,mae,8740,8,0.35528761063009995,-0.7446145206572176,1.4307289117971167,E2:shaded,E2
sky:cloudy+rainy,A,B,rmse,8740,8,3.7832709265904327,2.7906825168462874,4.46358066918936,E2:shaded,E2
sky:cloudy+rainy,A,B,mae,8740,8,3.2984930379059847,1.9149410930852375,4.527896198294259,E2:shaded,E2
sky:cloudy+rainy,A,R,rmse,8740,8,2.0888645654941342,1.105388530165159,2.7299140831148065,E2:shaded,E2
sky:cloudy+rainy,A,R,mae,8740,8,0.5965012385819364,-0.15705354022088613,1.3198845573942177,E2:shaded,E2
sky:cloudy+rainy,R,B,rmse,8740,8,1.6944063610962985,1.4568063415104682,2.0927673228356096,E2:shaded,E2
sky:cloudy+rainy,R,B,mae,8740,8,2.7019917993240483,1.671845224051316,3.880398090664232,E2:shaded,E2
sky:cloudy+rainy,H,A,rmse,8740,8,206.28904275417335,150.3333537629154,247.88103065863334,E2:shaded,E2
sky:cloudy+rainy,H,A,mae,8740,8,187.22568611389036,148.70968352502908,222.98855689654792,E2:shaded,E2
sky:cloudy+rainy,P-sim,P-cs,rmse,8740,8,-0.7260507774968374,-2.003994884471266,-0.019761246364732993,E2:shaded,E2
sky:cloudy+rainy,P-sim,P-cs,mae,8740,8,-1.0060296092054912,-2.702243519783668,0.4093421010256605,E2:shaded,E2
sky:cloudy+rainy,H,P-sim,rmse,8740,8,-5.994142340653681,-11.414857848407188,1.5220344774441377,E2:shaded,E2
sky:cloudy+rainy,H,P-sim,mae,8740,8,-8.560073673863776,-16.740120659693087,-0.42912391609122125,E2:shaded,E2
sky:cloudy+rainy,H,S,rmse,8740,8,-5.561923774477904,-13.175492807138408,3.555796569308089,E2:shaded,E2
sky:cloudy+rainy,H,S,mae,8740,8,-4.864403727761385,-12.736503735957879,2.4610697707024705,E2:shaded,E2
sky:cloudy+rainy,S-geo,S,rmse,8740,8,0.5409066412869663,0.1347036279745737,1.1995487761926429,E2:shaded,E2
sky:cloudy+rainy,S-geo,S,mae,8740,8,0.8519192540083793,0.4945148833113109,1.2277967799389458,E2:shaded,E2
sky:cloudy+rainy,S-geo,R,rmse,8740,8,214.48073773543234,148.95472128330346,261.3061786232228,E2:shaded,E2
sky:cloudy+rainy,S-geo,R,mae,8740,8,193.53851033424206,147.5199996356545,234.97143523150416,E2:shaded,E2
sky:cloudy+rainy,S-geo,A,rmse,8740,8,212.3918731699382,147.98869396650144,258.76206590946686,E2:shaded,E2
sky:cloudy+rainy,S-geo,A,mae,8740,8,192.94200909566013,147.4649402158549,234.2552021737929,E2:shaded,E2
sky:cloudy+rainy,S-geo,P-sim,rmse,8740,8,0.10868807511118916,-4.0766407398016105,3.7729735378410494,E2:shaded,E2
sky:cloudy+rainy,S-geo,P-sim,mae,8740,8,-2.8437506920940123,-6.627553997482612,1.4192411178295927,E2:shaded,E2
sky:cloudy+rainy,S-geo,H,rmse,8740,8,6.1028304157648705,-2.43375027362573,13.379735367839004,E2:shaded,E2
sky:cloudy+rainy,S-geo,H,mae,8740,8,5.716322981769764,-1.3442126392929883,13.356094255002043,E2:shaded,E2
sky:cloudy+rainy,S-geo,D,rmse,8740,8,6.401413906908729,-2.6596748032737594,13.43627573322658,E2:shaded,E2
sky:cloudy+rainy,S-geo,D,mae,8740,8,6.071610592399864,-1.5115513521166541,14.301393509210143,E2:shaded,E2
shade:shaded,H,D,rmse,508,15,7.966700638347895,-15.598425648814471,33.03260122102194,E2:shaded,E2
shade:shaded,H,D,mae,508,15,6.018284201778879,-12.708737031946354,27.602219821211417,E2:shaded,E2
shade:shaded,A,B,rmse,508,15,42.963880283546345,20.630883835642635,58.75773984316471,E2:shaded,E2
shade:shaded,A,B,mae,508,15,43.36981796761876,25.049457965202677,57.917692442716515,E2:shaded,E2
shade:shaded,A,R,rmse,508,15,1.8910013883832661,-2.3050181361259416,5.905435560376784,E2:shaded,E2
shade:shaded,A,R,mae,508,15,2.6170959208526696,-2.1774824909279245,7.528801411632787,E2:shaded,E2
shade:shaded,R,B,rmse,508,15,41.07287889516308,15.350949530605513,60.55852816598059,E2:shaded,E2
shade:shaded,R,B,mae,508,15,40.752722046766095,18.7900243868504,58.985657174609166,E2:shaded,E2
shade:shaded,H,A,rmse,508,15,-4.062070847018582,-11.373333560549307,6.362883332005095,E2:shaded,E2
shade:shaded,H,A,mae,508,15,-2.9721115857960285,-11.83064803136777,8.161013631236731,E2:shaded,E2
shade:shaded,P-sim,P-cs,rmse,508,15,1.9307520983950326,-22.498277285408687,28.0365227663146,E2:shaded,E2
shade:shaded,P-sim,P-cs,mae,508,15,-0.9480827489484795,-20.387467299482427,23.346539662472765,E2:shaded,E2
shade:shaded,H,P-sim,rmse,508,15,5.090749644818558,2.6260808445555472,7.014964029718438,E2:shaded,E2
shade:shaded,H,P-sim,mae,508,15,3.7728890478880253,0.1441062724365502,7.039476283942378,E2:shaded,E2
shade:shaded,H,S,rmse,508,15,23.333610875851527,-10.358917801508708,57.19700554977866,E2:shaded,E2
shade:shaded,H,S,mae,508,15,17.07321538051041,-5.958208665407078,45.681201292227236,E2:shaded,E2
shade:shaded,S-geo,S,rmse,508,15,33.932386383395254,4.228157672427766,66.15092692599804,E2:shaded,E2
shade:shaded,S-geo,S,mae,508,15,23.138988895603685,4.246214786296489,52.51346603081626,E2:shaded,E2
shade:shaded,S-geo,R,rmse,508,15,8.427706048908412,-0.6388863498317761,16.636499712533972,E2:shaded,E2
shade:shaded,S-geo,R,mae,508,15,5.710757850149918,-3.1288285832263116,14.616154821623113,E2:shaded,E2
shade:shaded,S-geo,A,rmse,508,15,6.536704660525146,-1.4599999550376255,13.809462522091671,E2:shaded,E2
shade:shaded,S-geo,A,mae,508,15,3.093661929297248,-5.00749647658073,11.058936486941656,E2:shaded,E2
shade:shaded,S-geo,P-sim,rmse,508,15,15.689525152362286,3.356620430164046,27.020669221827095,E2:shaded,E2
shade:shaded,S-geo,P-sim,mae,508,15,9.838662562981302,-3.1822664294360923,22.870280953391106,E2:shaded,E2
shade:shaded,S-geo,H,rmse,508,15,10.598775507543728,-0.7471878055515832,20.67421281146822,E2:shaded,E2
shade:shaded,S-geo,H,mae,508,15,6.065773515093277,-4.357710563861245,16.923029717217428,E2:shaded,E2
shade:shaded,S-geo,D,rmse,508,15,18.565476145891623,-0.5079694078580455,40.91351683844438,E2:shaded,E2
shade:shaded,S-geo,D,mae,508,15,12.084057716872156,-1.6753604298609515,32.86537332664568,E2:shaded,E2
shade:unshaded,H,D,rmse,17853,15,-0.49217633850138043,-1.5654635311507168,0.6607438845357163,E2:shaded,E2
shade:unshaded,H,D,mae,17853,15,-0.7828838443398354,-2.2579874934797988,0.4982974595427223,E2:shaded,E2
shade:unshaded,A,B,rmse,17853,15,2.6927927955876783,1.7923615471111205,3.4717816439057327,E2:shaded,E2
shade:unshaded,A,B,mae,17853,15,1.4645925880263917,0.5413988105535047,2.26561997977284,E2:shaded,E2
shade:unshaded,A,R,rmse,17853,15,1.5629588560841512,0.7839125005455457,2.158927019034425,E2:shaded,E2
shade:unshaded,A,R,mae,17853,15,0.5495043494535139,-0.06682546959471658,1.1651916783589245,E2:shaded,E2
shade:unshaded,R,B,rmse,17853,15,1.129833939503527,0.9055933549577595,1.3551692569910314,E2:shaded,E2
shade:unshaded,R,B,mae,17853,15,0.9150882385728778,0.44187365265297346,1.3358756923880808,E2:shaded,E2
shade:unshaded,H,A,rmse,17853,15,130.9469950859252,65.44649947228424,191.6417880609174,E2:shaded,E2
shade:unshaded,H,A,mae,17853,15,98.68976401959307,49.077116316761476,158.56257481623695,E2:shaded,E2
shade:unshaded,P-sim,P-cs,rmse,17853,15,-0.7283265343084366,-1.4990347748999728,0.12080409426314986,E2:shaded,E2
shade:unshaded,P-sim,P-cs,mae,17853,15,-0.27522620397758146,-1.2865406434834648,0.7051643426036287,E2:shaded,E2
shade:unshaded,H,P-sim,rmse,17853,15,-4.564465667288843,-9.195550812638057,-0.17535181187709464,E2:shaded,E2
shade:unshaded,H,P-sim,mae,17853,15,-8.724066072106538,-13.91385059821982,-3.6700047813676218,E2:shaded,E2
shade:unshaded,H,S,rmse,17853,15,-7.334502859651266,-11.953365317649265,-2.338092119240241,E2:shaded,E2
shade:unshaded,H,S,mae,17853,15,-8.419363367548186,-13.3403646932675,-3.272161447384526,E2:shaded,E2
shade:unshaded,S-geo,S,rmse,17853,15,0.14285574007537605,-0.28595239740117007,0.7087031925337335,E2:shaded,E2
shade:unshaded,S-geo,S,mae,17853,15,0.8050611063892177,0.1173917118308431,1.7463095942766813,E2:shaded,E2
shade:unshaded,S-geo,R,rmse,17853,15,139.987312541736,72.36920236684284,202.20408662599093,E2:shaded,E2
shade:unshaded,S-geo,R,mae,17853,15,108.46369284298399,58.78025619244669,167.5800910633863,E2:shaded,E2
shade:unshaded,S-geo,A,rmse,17853,15,138.42435368565185,71.25555023041167,200.10442902607346,E2:shaded,E2
shade:unshaded,S-geo,A,mae,17853,15,107.91418849353047,58.13807554011074,167.0709862083788,E2:shaded,E2
shade:unshaded,S-geo,P-sim,rmse,17853,15,2.9128929324377992,-0.8628900965281324,6.458834792428929,E2:shaded,E2
shade:unshaded,S-geo,P-sim,mae,17853,15,0.5003584018308658,-2.8160338012739548,4.032125927417516,E2:shaded,E2
shade:unshaded,S-geo,H,rmse,17853,15,7.477358599726642,2.745832438744432,11.912301984740044,E2:shaded,E2
shade:unshaded,S-geo,H,mae,17853,15,9.224424473937404,4.208594048837006,14.468461229224108,E2:shaded,E2
shade:unshaded,S-geo,D,rmse,17853,15,6.985182261225262,2.483517055998999,11.251278796268506,E2:shaded,E2
shade:unshaded,S-geo,D,mae,17853,15,8.441540629597569,3.7071226458492106,13.18485692845261,E2:shaded,E2
horizontals,H,D,rmse,18408,15,-0.387146414451891,-1.2819844289747642,0.6490799573479776,E2:shaded,E2
horizontals,H,D,mae,18408,15,-0.5781466223342022,-1.6405239668203968,0.5013142218065504,E2:shaded,E2
horizontals,A,B,rmse,18408,15,2.9464800327460523,2.1593200004107658,3.637268202989888,E2:shaded,E2
horizontals,A,B,mae,18408,15,2.659724378802764,1.8683763361208752,3.4642250506149286,E2:shaded,E2
horizontals,A,R,rmse,18408,15,1.5421520460811848,0.7796059240819264,2.1269654253439745,E2:shaded,E2
horizontals,A,R,mae,18408,15,0.5895935951593287,-0.08591451758503794,1.2488042673465303,E2:shaded,E2
horizontals,R,B,rmse,18408,15,1.4043279866648675,1.148505921871763,1.7227557472733406,E2:shaded,E2
horizontals,R,B,mae,18408,15,2.0701307836434353,1.3652776041892345,2.828023932857398,E2:shaded,E2
horizontals,H,A,rmse,18408,15,128.83061030299348,64.38115706567628,188.0894098292222,E2:shaded,E2
horizontals,H,A,mae,18408,15,95.6914683473517,47.7025058768313,153.49785064873188,E2:shaded,E2
horizontals,P-sim,P-cs,rmse,18408,15,-0.6866089883879596,-1.482192005403169,0.2992278779733076,E2:shaded,E2
horizontals,P-sim,P-cs,mae,18408,15,-0.287275115305313,-1.5403602958301081,0.9102498716427488,E2:shaded,E2
horizontals,H,P-sim,rmse,18408,15,-4.42460127291973,-8.973835168725552,-0.08810593282808997,E2:shaded,E2
horizontals,H,P-sim,mae,18408,15,-8.352319717152248,-13.47058264510541,-3.41687085893115,E2:shaded,E2
horizontals,H,S,rmse,18408,15,-6.8532647547149,-11.245308817014429,-1.889909023183739,E2:shaded,E2
horizontals,H,S,mae,18408,15,-7.666241297060154,-12.077209984162705,-2.93649115201733,E2:shaded,E2
horizontals,S-geo,S,rmse,18408,15,0.5824705941132322,-0.06668168841141621,1.9515429944521052,E2:shaded,E2
horizontals,S-geo,S,mae,18408,15,1.4401732749094691,0.3858018291289255,3.207834211251664,E2:shaded,E2
horizontals,S-geo,R,rmse,18408,15,137.8084976979028,71.29201324197881,199.18253624116375,E2:shaded,E2
horizontals,S-geo,R,mae,18408,15,105.38747651448065,57.419635779988425,162.67313182902976,E2:shaded,E2
horizontals,S-geo,A,rmse,18408,15,136.2663456518216,70.10605704633358,197.12102675377838,E2:shaded,E2
horizontals,S-geo,A,mae,18408,15,104.79788291932132,56.50979378330637,162.00560974082333,E2:shaded,E2
horizontals,S-geo,P-sim,rmse,18408,15,3.0111340759084015,-0.6817915771420353,6.513511289270359,E2:shaded,E2
horizontals,S-geo,P-sim,mae,18408,15,0.7540948548173745,-2.510648740538363,4.283835586989827,E2:shaded,E2
horizontals,S-geo,H,rmse,18408,15,7.435735348828132,2.8466019552132105,11.696118206835092,E2:shaded,E2
horizontals,S-geo,H,mae,18408,15,9.106414571969623,4.324806460944349,14.120799672220747,E2:shaded,E2
horizontals,S-geo,D,rmse,18408,15,7.048588934376241,2.581837652971978,11.290084876896794,E2:shaded,E2
horizontals,S-geo,D,mae,18408,15,8.52826794963542,3.7741128039718093,13.325297637550873,E2:shaded,E2
overall,H,D,rmse,18408,15,-0.134194947080303,-0.9050759433400437,0.7407052472585742,E2:open,E2
overall,H,D,mae,18408,15,-0.37785274675115943,-1.4682055718095883,0.6498798504305201,E2:open,E2
overall,A,B,rmse,18408,15,1.7035416936770105,0.8487750965896467,2.3602827440064384,E2:open,E2
overall,A,B,mae,18408,15,0.5249888200831379,-0.08738220622821799,1.1464570526419435,E2:open,E2
overall,A,R,rmse,18408,15,1.2513191055296886,0.3707979089472588,1.8706692781632313,E2:open,E2
overall,A,R,mae,18408,15,0.13586827719026928,-0.5611380502705451,0.8202455194455325,E2:open,E2
overall,R,B,rmse,18408,15,0.45222258814732186,0.3593735507669919,0.5483933618936888,E2:open,E2
overall,R,B,mae,18408,15,0.38912054289286857,0.2112802169005928,0.5644118435815542,E2:open,E2
overall,H,A,rmse,18408,15,130.44980558493234,65.93672308892027,189.90455159863492,E2:open,E2
overall,H,A,mae,18408,15,97.4387010593815,49.1212003459241,155.6533963050935,E2:open,E2
overall,P-sim,P-cs,rmse,18408,15,-0.540112763311555,-1.1557717981604854,0.15785915667912356,E2:open,E2
overall,P-sim,P-cs,mae,18408,15,-0.029334628772950566,-0.8147787552189765,0.7071596527496833,E2:open,E2
overall,H,P-sim,rmse,18408,15,-4.462672560409516,-9.050150852571903,-0.11827723609387207,E2:open,E2
overall,H,P-sim,mae,18408,15,-8.35611401022571,-13.277031419304906,-3.530317452875716,E2:open,E2
overall,H,S,rmse,18408,15,-6.871384397294918,-11.195883083331259,-1.9029361471236175,E2:open,E2
overall,H,S,mae,18408,15,-7.347552549986268,-12.075551759419273,-2.330309216178868,E2:open,E2
overall,S-geo,S,rmse,18408,15,0.10938253116462704,-0.13697716006250465,0.495583968736476,E2:open,E2
overall,S-geo,S,mae,18408,15,0.5393631159604695,0.023791748289990443,1.3249750105413276,E2:open,E2
overall,S-geo,R,rmse,18408,15,138.68189161892158,71.81188144302261,199.42391657370518,E2:open,E2
overall,S-geo,R,mae,18408,15,105.46148500251851,56.84096799606338,163.39447316972647,E2:open,E2
overall,S-geo,A,rmse,18408,15,137.4305725133919,70.96717835947523,197.6242779154359,E2:open,E2
overall,S-geo,A,mae,18408,15,105.32561672532825,56.319444993180895,163.46268281321534,E2:open,E2
overall,S-geo,P-sim,rmse,18408,15,2.518094368050029,-1.392519834909954,6.024435900351115,E2:open,E2
overall,S-geo,P-sim,mae,18408,15,-0.469198344278972,-4.175739429217533,3.5619534603784317,E2:open,E2
overall,S-geo,H,rmse,18408,15,6.980766928459545,2.283797430729322,11.201304269558765,E2:open,E2
overall,S-geo,H,mae,18408,15,7.886915665946738,2.9337400170963286,12.478600726083844,E2:open,E2
overall,S-geo,D,rmse,18408,15,6.846571981379242,2.2921948787988162,10.972234617671049,E2:open,E2
overall,S-geo,D,mae,18408,15,7.5090629191955784,2.6200174260553584,12.066518304399288,E2:open,E2
sensor:P0,H,D,rmse,4602,15,-0.49427457835918176,-1.3353219455045653,0.354110856538779,E2:open,E2
sensor:P0,H,D,mae,4602,15,-0.6887095782446977,-1.7709298777016378,0.33022647407835776,E2:open,E2
sensor:P0,A,B,rmse,4602,15,1.6721573995133951,0.7551150713048969,2.3727556734137667,E2:open,E2
sensor:P0,A,B,mae,4602,15,0.3488504185571344,-0.34049255617552915,1.0218557351655142,E2:open,E2
sensor:P0,A,R,rmse,4602,15,1.2118396369071718,0.2786615496195445,1.87316692116354,E2:open,E2
sensor:P0,A,R,mae,4602,15,-0.0007440872952031441,-0.7018256403198627,0.7179601050790595,E2:open,E2
sensor:P0,R,B,rmse,4602,15,0.46031776260622337,0.35438848025144837,0.5663331037437,E2:open,E2
sensor:P0,R,B,mae,4602,15,0.34959450585233753,0.11324206347152953,0.565417601461329,E2:open,E2
sensor:P0,H,A,rmse,4602,15,129.56720742061333,63.70970985041661,189.6036714486896,E2:open,E2
sensor:P0,H,A,mae,4602,15,95.84883216863977,46.12800445970798,155.5392746927679,E2:open,E2
sensor:P0,P-sim,P-cs,rmse,4602,15,-0.691525486327123,-1.282694064121047,-0.04737661927704591,E2:open,E2
sensor:P0,P-sim,P-cs,mae,4602,15,-0.1920965592988182,-0.9667722680114691,0.5730428240192692,E2:open,E2
sensor:P0,H,P-sim,rmse,4602,15,-5.602497124565076,-10.219649483274743,-1.2493191838230124,E2:open,E2
sensor:P0,H,P-sim,mae,4602,15,-10.400805887342223,-15.15838051843812,-5.672681812553099,E2:open,E2
sensor:P0,H,S,rmse,4602,15,-8.54605578097545,-13.040076963791691,-3.581098531584641,E2:open,E2
sensor:P0,H,S,mae,4602,15,-10.125655451481954,-16.14421519599948,-4.474196050427623,E2:open,E2
sensor:P0,S-geo,S,rmse,4602,15,0.026991458613537134,-0.19517990411592728,0.29864442941906083,E2:open,E2
sensor:P0,S-geo,S,mae,4602,15,0.46613876387802833,-0.041630297068008915,1.2216450556395086,E2:open,E2
sensor:P0,S-geo,R,rmse,4602,15,139.3520942971095,72.44700525290021,199.98714939463872,E2:open,E2
sensor:P0,S-geo,R,mae,4602,15,106.43988229670455,57.60384770462251,164.56426202781628,E2:open,E2
sensor:P0,S-geo,A,rmse,4602,15,138.14025466020234,71.67780893660074,198.37579056127018,E2:open,E2
sensor:P0,S-geo,A,mae,4602,15,106.44062638399976,57.14149160632102,164.5737965164983,E2:open,E2
sensor:P0,S-geo,P-sim,rmse,4602,15,2.9705501150239115,-0.8240076124223424,6.521808328840505,E2:open,E2
sensor:P0,S-geo,P-sim,mae,4602,15,0.19098832801775956,-4.26601053143229,4.957091054722463,E2:open,E2
sensor:P0,S-geo,H,rmse,4602,15,8.573047239588988,3.8105869496061473,12.945454287665234,E2:open,E2
sensor:P0,S-geo,H,mae,4602,15,10.591794215359982,4.73649015308085,17.121244420400615,E2:open,E2
sensor:P0,S-geo,D,rmse,4602,15,8.078772661229806,3.4959334201123005,12.201553891426833,E2:open,E2
sensor:P0,S-geo,D,mae,4602,15,9.903084637115285,4.564234595202533,15.785972552723905,E2:open,E2
sensor:P4,H,D,rmse,4602,15,0.2982298322079089,-0.4284575317206912,1.3201098381844694,E2:open,E2
sensor:P4,H,D,mae,4602,15,0.0932850404172143,-1.1532430639288098,1.1375592124959848,E2:open,E2
sensor:P4,A,B,rmse,4602,15,1.8509719546553924,1.0388927508268282,2.48696132529993,E2:open,E2
sensor:P4,A,B,mae,4602,15,0.9433250580496804,0.1699329681070168,1.8222256783073691,E2:open,E2
sensor:P4,A,R,rmse,4602,15,1.4337053909593749,0.6034500139836773,2.034652895977419,E2:open,E2
sensor:P4,A,R,mae,4602,15,0.5176188328139233,-0.2904190421334533,1.446264372939403,E2:open,E2
sensor:P4,R,B,rmse,4602,15,0.41726656369601756,0.3404530288541444,0.5004341617125654,E2:open,E2
sensor:P4,R,B,mae,4602,15,0.4257062252357571,0.3027698155014093,0.5480114036580843,E2:open,E2
sensor:P4,H,A,rmse,4602,15,132.98664260265338,69.20887459369825,191.85933585179075,E2:open,E2
sensor:P4,H,A,mae,4602,15,101.15522363570939,53.592409907762786,157.49065203692666,E2:open,E2
sensor:P4,P-sim,P-cs,rmse,4602,15,-0.32921365572319417,-0.9869195006263378,0.45540299220381886,E2:open,E2
sensor:P4,P-sim,P-cs,mae,4602,15,0.33081067889196447,-0.580958161086346,1.3339128348484637,E2:open,E2
sensor:P4,H,P-sim,rmse,4602,15,-3.6668887040708853,-8.522278946392897,0.7743436496534937,E2:open,E2
sensor:P4,H,P-sim,mae,4602,15,-5.9138304345736685,-11.57317134928913,-0.2632819685552587,E2:open,E2
sensor:P4,H,S,rmse,4602,15,-4.80705379898933,-9.679181035281397,0.9873343122853879,E2:open,E2
sensor:P4,H,S,mae,4602,15,-3.1284579668232553,-9.574279224890454,4.388147928051081,E2:open,E2
sensor:P4,S-geo,S,rmse,4602,15,0.2423100692274005,-0.0683108271947841,0.8090596291279758,E2:open,E2
sensor:P4,S-geo,S,mae,4602,15,0.6177448175213556,0.0994361366753557,1.4137597486138382,E2:open,E2
sensor:P4,S-geo,R,rmse,4602,15,139.46971186182947,71.57971927544787,200.60385965237978,E2:open,E2
sensor:P4,S-geo,R,mae,4602,15,105.41904525286793,56.508248290928535,163.9388545123465,E2:open,E2
sensor:P4,S-geo,A,rmse,4602,15,138.0360064708701,70.64475130497222,198.50154297343767,E2:open,E2
sensor:P4,S-geo,A,mae,4602,15,104.90142642005401,55.72726373144348,164.00593222913773,E2:open,E2
sensor:P4,S-geo,P-sim,rmse,4602,15,1.3824751641458448,-3.1280676825757885,5.1477488901291855,E2:open,E2
sensor:P4,S-geo,P-sim,mae,4602,15,-2.1676276502290577,-8.216008275547829,2.825683089591676,E2:open,E2
sensor:P4,S-geo,H,rmse,4602,15,5.04936386821673,-0.4034337515185054,9.753494747316742,E2:open,E2
sensor:P4,S-geo,H,mae,4602,15,3.746202784344611,-3.170458684487052,9.827851369623843,E2:open,E2
sensor:P4,S-geo,D,rmse,4602,15,5.347593700424639,-0.009193777430669244,9.915500240781908,E2:open,E2
sensor:P4,S-geo,D,mae,4602,15,3.839487824761825,-3.619262616188138,9.97156781901775,E2:open,E2
sensor:P6,H,D,rmse,4602,15,-0.09700892315532883,-0.9107754293839253,0.8560072189601624,E2:open,E2
sensor:P6,H,D,mae,4602,15,-0.41890854218365803,-1.5721902133982333,0.6899984713001821,E2:open,E2
sensor:P6,A,B,rmse,4602,15,1.7513950803573834,0.9116009646463425,2.3953675890173383,E2:open,E2
sensor:P6,A,B,mae,4602,15,0.646340576504258,-0.01649635358459988,1.3183769900763678,E2:open,E2
sensor:P6,A,R,rmse,4602,15,1.1704110218468315,0.328552540361509,1.761368233512877,E2:open,E2
sensor:P6,A,R,mae,4602,15,0.14431171388184794,-0.5948249491064537,0.8589553476344375,E2:open,E2
sensor:P6,R,B,rmse,4602,15,0.5809840585105519,0.4648286349973283,0.6983981158812835,E2:open,E2
sensor:P6,R,B,mae,4602,15,0.5020288626224101,0.2863856367691916,0.7041008870858553,E2:open,E2
sensor:P6,H,A,rmse,4602,15,130.05280564595705,66.20714336419603,188.85863349936085,E2:open,E2
sensor:P6,H,A,mae,4602,15,97.10758530754129,49.1482361708943,155.1091961004261,E2:open,E2
sensor:P6,P-sim,P-cs,rmse,4602,15,-0.49418012388323973,-1.1339278844606109,0.2551526596431585,E2:open,E2
sensor:P6,P-sim,P-cs,mae,4602,15,0.049567114992434824,-0.7787465555231087,0.8509676339929119,E2:open,E2
sensor:P6,H,P-sim,rmse,4602,15,-4.05349377059926,-8.542908297472838,0.27825098030447293,E2:open,E2
sensor:P6,H,P-sim,mae,4602,15,-8.117821760716957,-13.303154469340582,-3.1084489154253534,E2:open,E2
sensor:P6,H,S,rmse,4602,15,-6.650659842083613,-11.06184795486292,-1.762998500569711,E2:open,E2
sensor:P6,H,S,mae,4602,15,-7.632318434946235,-12.405852342301536,-2.5687567146581216,E2:open,E2
sensor:P6,S-geo,S,rmse,4602,15,0.10618245284072714,-0.17967843440258696,0.5278697721994255,E2:open,E2
sensor:P6,S-geo,S,mae,4602,15,0.5860343218093149,0.024476447638324926,1.441137776602093,E2:open,E2
sensor:P6,S-geo,R,rmse,4602,15,137.9800589627282,71.77379046556804,198.6273283797474,E2:open,E2
sensor:P6,S-geo,R,mae,4602,15,105.47024977817868,57.919143046593895,162.78698572909457,E2:open,E2
sensor:P6,S-geo,A,rmse,4602,15,136.8096479408814,70.93573187475982,196.9397029069318,E2:open,E2
sensor:P6,S-geo,A,mae,4602,15,105.32593806429684,57.32599733738397,163.02536642310181,E2:open,E2
sensor:P6,S-geo,P-sim,rmse,4602,15,2.7033485243250794,-1.1899133606107362,6.172153538639222,E2:open,E2
sensor:P6,S-geo,P-sim,mae,4602,15,0.10053099603859295,-3.76034284200484,4.030882470742602,E2:open,E2
sensor:P6,S-geo,H,rmse,4602,15,6.75684229492434,2.1890855039890376,11.003241235859633,E2:open,E2
sensor:P6,S-geo,H,mae,4602,15,8.21835275675555,3.3177342896723188,12.946136927777452,E2:open,E2
sensor:P6,S-geo,D,rmse,4602,15,6.659833371769011,2.202848523464762,10.749506717230878,E2:open,E2
sensor:P6,S-geo,D,mae,4602,15,7.799444214571892,2.9198233607235253,12.342828924628643,E2:open,E2
sensor:P8,H,D,rmse,4602,15,-0.23142844113638716,-1.0316568767416148,0.6409308318571102,E2:open,E2
sensor:P8,H,D,mae,4602,15,-0.49707790699341103,-1.6540684387857065,0.6054008480221003,E2:open,E2
sensor:P8,A,B,rmse,4602,15,1.5389269527452143,0.6549607595175406,2.193797417623034,E2:open,E2
sensor:P8,A,B,mae,4602,15,0.161439227221166,-0.4291425199003047,0.7429060004178853,E2:open,E2
sensor:P8,A,R,rmse,4602,15,1.1883718141185113,0.28978191620702776,1.8141353255473744,E2:open,E2
sensor:P8,A,R,mae,4602,15,-0.11771335063988886,-0.730682109760761,0.5165761329894124,E2:open,E2
sensor:P8,R,B,rmse,4602,15,0.35055513862670296,0.2700584465666928,0.43241628910818825,E2:open,E2
sensor:P8,R,B,mae,4602,15,0.27915257786105485,0.09370633618475317,0.4475874059640375,E2:open,E2
sensor:P8,H,A,rmse,4602,15,129.21931065094412,64.36233349270485,188.96973710534593,E2:open,E2
sensor:P8,H,A,mae,4602,15,95.64316312563597,46.84671046440069,154.51460385942318,E2:open,E2
sensor:P8,P-sim,P-cs,rmse,4602,15,-0.6424379562200073,-1.2365826883523297,0.008440886713322642,E2:open,E2
sensor:P8,P-sim,P-cs,mae,4602,15,-0.30561974967733363,-1.0319631937268543,0.34103992263633964,E2:open,E2
sensor:P8,H,P-sim,rmse,4602,15,-4.503761397376763,-8.990037804504183,-0.22358934059121022,E2:open,E2
sensor:P8,H,P-sim,mae,4602,15,-8.991997958270062,-14.146294113370596,-3.9715230168953917,E2:open,E2
sensor:P8,H,S,rmse,4602,15,-7.450305500717832,-11.780029102578755,-2.567271232313491,E2:open,E2
sensor:P8,H,S,mae,4602,15,-8.50377834669382,-13.183422673077084,-3.48617838401475,E2:open,E2
sensor:P8,S-geo,S,rmse,4602,15,0.061894014377614326,-0.15768393932161934,0.38468722235757363,E2:open,E2
sensor:P8,S-geo,S,mae,4602,15,0.48753456063305833,0.0014702451419504224,1.2588473008739514,E2:open,E2
sensor:P8,S-geo,R,rmse,4602,15,137.9198819801581,71.43113581328879,198.64883638046948,E2:open,E2
sensor:P8,S-geo,R,mae,4602,15,104.51676268232296,55.39236312557769,162.36380142419577,E2:open,E2
sensor:P8,S-geo,A,rmse,4602,15,136.73151016603958,70.523593577626,196.9133369424535,E2:open,E2
sensor:P8,S-geo,A,mae,4602,15,104.63447603296285,55.43314922911514,162.6033202543469,E2:open,E2
sensor:P8,S-geo,P-sim,rmse,4602,15,3.0084381177186827,-0.8453437101215521,6.612404305531567,E2:open,E2
sensor:P8,S-geo,P-sim,mae,4602,15,-0.00068505094318283,-3.6784043285583357,4.020433776311913,E2:open,E2
sensor:P8,S-geo,H,rmse,4602,15,7.512199515095446,2.825181824381751,11.711476976150628,E2:open,E2
sensor:P8,S-geo,H,mae,4602,15,8.99131290732688,3.972135390728082,13.86912050279649,E2:open,E2
sensor:P8,S-geo,D,rmse,4602,15,7.280771073959059,2.676414488195664,11.310046916580617,E2:open,E2
sensor:P8,S-geo,D,mae,4602,15,8.494235000333468,3.5065359457658896,13.13098112231573,E2:open,E2
sky:sunny,H,D,rmse,4164,3,-0.17739024955404403,-5.324950017134292,2.0850078599748656,E2:open,E2
sky:sunny,H,D,mae,4164,3,-1.1214505672764048,-5.7974479677752555,2.3849536897809145,E2:open,E2
sky:sunny,A,B,rmse,4164,3,1.4748921895421958,0.894726489665107,2.5061264327474824,E2:open,E2
sky:sunny,A,B,mae,4164,3,1.822588871850698,0.9160616664180949,2.7692024538004922,E2:open,E2
sky:sunny,A,R,rmse,4164,3,1.3756087603933551,1.2114896682083796,1.9924473610819824,E2:open,E2
sky:sunny,A,R,mae,4164,3,1.7468965903713176,1.0589375669949668,2.719072642933046,E2:open,E2
sky:sunny,R,B,rmse,4164,3,0.0992834291488407,-0.4470399766625839,0.5136790716655,E2:open,E2
sky:sunny,R,B,mae,4164,3,0.07569228147938034,-0.3929902542949577,0.47267531956277153,E2:open,E2
sky:sunny,H,A,rmse,4164,3,-9.912748781977008,-28.759575563132103,0.18949291928064937,E2:open,E2
sky:sunny,H,A,mae,4164,3,-11.70028546367536,-23.53714008221463,0.10146932231477734,E2:open,E2
sky:sunny,P-sim,P-cs,rmse,4164,3,1.189608049190788,-0.27990705976402097,2.510572691743505,E2:open,E2
sky:sunny,P-sim,P-cs,mae,4164,3,1.7076782711692466,0.722645993616311,2.598264498513572,E2:open,E2
sky:sunny,H,P-sim,rmse,4164,3,-7.680987726396459,-20.957696247041206,0.18372043353484813,E2:open,E2
sky:sunny,H,P-sim,mae,4164,3,-10.03447384774816,-20.986531062235997,0.09940031888963219,E2:open,E2
sky:sunny,H,S,rmse,4164,3,-6.203260379256996,-14.778043289679111,2.7338786696897763,E2:open,E2
sky:sunny,H,S,mae,4164,3,-4.745509101751029,-10.697568919268772,3.7624540207446735,E2:open,E2
sky:sunny,S-geo,S,rmse,4164,3,1.1613447252109168,0.0006224375163768059,4.165501904643683,E2:open,E2
sky:sunny,S-geo,S,mae,4164,3,1.80063276171947,-0.44404683015468294,4.944149383883058,E2:open,E2
sky:sunny,S-geo,R,rmse,4164,3,-1.1725349171157404,-8.474263902481617,1.2350083432323586,E2:open,E2
sky:sunny,S-geo,R,mae,4164,3,-3.4072470098335437,-6.586369858349748,-0.895653015019402,E2:open,E2
sky:sunny,S-geo,A,rmse,4164,3,-2.5481436775090955,-9.816030368809308,-0.7574390178496238,E2:open,E2
sky:sunny,S-geo,A,mae,4164,3,-5.154143600204861,-7.895421779062801,-1.9545905820143687,E2:open,E2
sky:sunny,S-geo,P-sim,rmse,4164,3,-0.3163826219285468,-2.014151052718411,0.34486236656552194,E2:open,E2
sky:sunny,S-geo,P-sim,mae,4164,3,-3.488331984277661,-5.344812759084167,-1.956659585439514,E2:open,E2
sky:sunny,S-geo,H,rmse,4164,3,7.364605104467913,-0.9469319371302731,18.943545194322795,E2:open,E2
sky:sunny,S-geo,H,mae,4164,3,6.546141863470499,-2.056059904329146,15.64171830315183,E2:open,E2
sky:sunny,S-geo,D,rmse,4164,3,7.187214854913869,-0.6568990154727921,13.618595177188503,E2:open,E2
sky:sunny,S-geo,D,mae,4164,3,5.424691296194094,-3.2153121165221954,10.27201728164998,E2:open,E2
sky:mixed,H,D,rmse,5504,4,-0.7058340828895382,-2.083261385283805,0.9298748358585271,E2:open,E2
sky:mixed,H,D,mae,5504,4,-0.9438136630777478,-2.4189885152026136,0.5520610468605582,E2:open,E2
sky:mixed,A,B,rmse,5504,4,0.9703823650595496,-0.7774634605497397,1.994189091343003,E2:open,E2
sky:mixed,A,B,mae,5504,4,-0.16794368806245075,-1.6642589187316048,0.6208780750376377,E2:open,E2
sky:mixed,A,R,rmse,5504,4,0.6414666576332593,-1.129077151872508,1.6876230011201585,E2:open,E2
sky:mixed,A,R,mae,5504,4,-0.3586146253451403,-1.871270774705522,0.6455462612354097,E2:open,E2
sky:mixed,R,B,rmse,5504,4,0.3289157074262903,0.2336193244122171,0.46184889209769153,E2:open,E2
sky:mixed,R,B,mae,5504,4,0.19067093728268958,-0.024668186197772002,0.4311881736623917,E2:open,E2
sky:mixed,H,A,rmse,5504,4,34.54131332941316,15.096943666954461,53.21422132394726,E2:open,E2
sky:mixed,H,A,mae,5504,4,32.93925794418706,4.598966999445007,61.47119873856812,E2:open,E2
sky:mixed,P-sim,P-cs,rmse,5504,4,-1.2920010325389626,-2.257076120431293,-0.014760896497016153,E2:open,E2
sky:mixed,P-sim,P-cs,mae,5504,4,-0.9768539337911477,-2.1001141066003726,-0.06448748512880541,E2:open,E2
sky:mixed,H,P-sim,rmse,5504,4,-1.7936930621264935,-9.517809101326009,3.041309510234214,E2:open,E2
sky:mixed,H,P-sim,mae,5504,4,-5.458797385745697,-12.372967312174325,0.6776469796854485,E2:open,E2
sky:mixed,H,S,rmse,5504,4,-9.865557687539365,-18.53921613615229,-5.687448799042087,E2:open,E2
sky:mixed,H,S,mae,5504,4,-13.499602583022607,-18.499903913426245,-6.915973467844964,E2:open,E2
sky:mixed,S-geo,S,rmse,5504,4,-0.3201120325893072,-0.7156354252741153,-0.10115219754661098,E2:open,E2
sky:mixed,S-geo,S,mae,5504,4,-0.06251220377291133,-0.4607508798744959,0.2573876808035891,E2:open,E2
sky:mixed,S-geo,R,rmse,5504,4,44.728225641996474,24.277392162671468,65.75351444949632,E2:open,E2
sky:mixed,S-geo,R,mae,5504,4,46.01773369809162,23.89565656623051,71.7241979305277,E2:open,E2
sky:mixed,S-geo,A,rmse,5504,4,44.086758984363215,22.879043699192458,66.37218714254912,E2:open,E2
sky:mixed,S-geo,A,mae,5504,4,46.37634832343676,23.280152081400285,72.6302483188603,E2:open,E2
sky:mixed,S-geo,P-sim,rmse,5504,4,7.751752592823564,1.5754015222852626,12.400910280086634,E2:open,E2
sky:mixed,S-geo,P-sim,mae,5504,4,7.978292993503999,3.689214760855073,14.970562998053978,E2:open,E2
sky:mixed,S-geo,H,rmse,5504,4,9.545445654950058,5.51265769123755,17.782559087733446,E2:open,E2
sky:mixed,S-geo,H,mae,5504,4,13.437090379249696,6.9350135340316825,18.36204742426265,E2:open,E2
sky:mixed,S-geo,D,rmse,5504,4,8.83961157206052,6.281197950389199,15.750657837314293,E2:open,E2
sky:mixed,S-geo,D,mae,5504,4,12.493276716171948,7.353523416851289,17.26201740110576,E2:open,E2
sky:cloudy,H,D,rmse,4680,4,-0.4957149667568217,-0.9753495996598683,-0.1738439306708841,E2:open,E2
sky:cloudy,H,D,mae,4680,4,-0.5218968853482409,-1.4513638079642703,0.35752960641275067,E2:open,E2
sky:cloudy,A,B,rmse,4680,4,2.443705185250053,1.2689663757862775,3.060384161654383,E2:open,E2
sky:cloudy,A,B,mae,4680,4,0.4158542721404501,-0.1689465613347636,0.9405850854380162,E2:open,E2
sky:cloudy,A,R,rmse,4680,4,1.8662548247351651,0.5976762026819813,2.477973253208006,E2:open,E2
sky:cloudy,A,R,mae,4680,4,-0.23223540204350002,-0.7821784549347797,0.19680259296518443,E2:open,E2
sky:cloudy,R,B,rmse,4680,4,0.577450360514888,0.5282941161614758,0.6833812985046848,E2:open,E2
sky:cloudy,R,B,mae,4680,4,0.6480896741839501,0.5986114983551829,0.7286059960038358,E2:open,E2
sky:cloudy,H,A,rmse,4680,4,203.1752674299749,117.26130934928526,257.5394808595927,E2:open,E2
sky:cloudy,H,A,mae,4680,4,186.0157321264486,126.9710789438685,231.1675257366569,E2:open,E2
sky:cloudy,P-sim,P-cs,rmse,4680,4,-0.8755050581051194,-2.949283431695669,-0.25280248377509906,E2:open,E2
sky:cloudy,P-sim,P-cs,mae,4680,4,-0.9892988597881498,-2.673298325452471,0.14031393536474468,E2:open,E2
sky:cloudy,H,P-sim,rmse,4680,4,-6.18673208052995,-14.093937123525905,9.70269596586973,E2:open,E2
sky:cloudy,H,P-sim,mae,4680,4,-7.630256776630489,-22.3885586481549,5.251539954631081,E2:open,E2
sky:cloudy,H,S,rmse,4680,4,-6.392975577541677,-17.62482562681174,7.456039681969216,E2:open,E2
sky:cloudy,H,S,mae,4680,4,-4.81454430782108,-18.60677193471267,5.413074043940789,E2:open,E2
sky:cloudy,S-geo,S,rmse,4680,4,0.2960167169838144,-0.055094936522834814,0.8879231925566131,E2:open,E2
sky:cloudy,S-geo,S,mae,4680,4,0.336763914109639,0.11124382491738061,0.6297281326265818,E2:open,E2
sky:cloudy,S-geo,R,rmse,4680,4,211.73051454923555,111.84760045255167,277.97044010985445,E2:open,E2
sky:cloudy,S-geo,R,mae,4680,4,190.93480494633582,121.40555457761951,244.10423169888358,E2:open,E2
sky:cloudy,S-geo,A,rmse,4680,4,209.86425972450039,111.12419085381636,275.62469233033664,E2:open,E2
sky:cloudy,S-geo,A,mae,4680,4,191.16704034837932,122.18773303255429,243.91592241342195,E2:open,E2
sky:cloudy,S-geo,P-sim,rmse,4680,4,0.502260213995541,-6.579381081616788,7.934281260345884,E2:open,E2
sky:cloudy,S-geo,P-sim,mae,4680,4,-2.4789485546997696,-9.163849058479784,4.169233652492295,E2:open,E2
sky:cloudy,S-geo,H,rmse,4680,4,6.688992294525491,-6.568116489412603,17.569730690288907,E2:open,E2
sky:cloudy,S-geo,H,mae,4680,4,5.151308221930719,-4.783345911314214,18.753030458566585,E2:open,E2
sky:cloudy,S-geo,D,rmse,4680,4,6.193277327768669,-7.602382938769765,17.247141500974408,E2:open,E2
sky:cloudy,S-geo,D,mae,4680,4,4.6294113365824785,-6.082099883536301,18.535938573885716,E2:open,E2
sky:rainy,H,D,rmse,4060,4,1.4593431839896454,1.1365849361860754,1.845828132630814,E2:open,E2
sky:rainy,H,D,mae,4060,4,1.3180873460477187,1.0171084600632483,1.542914947626457,E2:open,E2
sky:rainy,A,B,rmse,4060,4,2.072889552478557,0.005789005491834587,3.326541279928847,E2:open,E2
sky:rainy,A,B,mae,4060,4,0.25933453280339336,-1.4296865441972955,1.7210215204920587,E2:open,E2
sky:rainy,A,R,rmse,4060,4,1.4484341279643331,-0.7155941975802023,2.719843618196819,E2:open,E2
sky:rainy,A,R,mae,4060,4,-0.4217580237252605,-2.184722949192661,1.1054420316540359,E2:open,E2
sky:rainy,R,B,rmse,4060,4,0.624455424514224,0.6047879810195127,0.7213832030720368,E2:open,E2
sky:rainy,R,B,mae,4060,4,0.6810925565286539,0.6251017715189278,0.7444944553936921,E2:open,E2
sky:rainy,H,A,rmse,4060,4,214.44638713884515,152.60351272469933,263.0485912566108,E2:open,E2
sky:rainy,H,A,mae,4060,4,194.70943243725495,149.13564964935262,242.16085433924206,E2:open,E2
sky:rainy,P-sim,P-cs,rmse,4060,4,0.4388663690965444,0.2433678087291895,1.0304699547358922,E2:open,E2
sky:rainy,P-sim,P-cs,mae,4060,4,0.5802360955156729,0.23054104373201056,1.1408573966951252,E2:open,E2
sky:rainy,H,P-sim,rmse,4060,4,-6.5157272403372986,-9.638000482204603,-4.445833497529833,E2:open,E2
sky:rainy,H,P-sim,mae,4060,4,-11.399254943949742,-15.108956949336076,-6.433040968997069,E2:open,E2
sky:rainy,H,S,rmse,4060,4,-3.9250286827244736,-6.335914817713885,2.441090271805507,E2:open,E2
sky:rainy,H,S,mae,4060,4,-4.595952577068168,-11.20439033500854,3.3828886561484524,E2:open,E2
sky:rainy,S-geo,S,rmse,4060,4,0.12803802467593073,-0.03651690969471133,0.4183932360468603,E2:open,E2
sky:rainy,S-geo,S,mae,4060,4,0.2952644015599404,0.11858166665335546,0.4558863131589135,E2:open,E2
sky:rainy,S-geo,R,rmse,4060,4,219.9478879742099,149.8335403677761,271.9780438177146,E2:open,E2
sky:rainy,S-geo,R,mae,4060,4,199.1788913921578,144.24635376985668,253.91389229690202,E2:open,E2
sky:rainy,S-geo,A,rmse,4060,4,218.49945384624556,150.54913456535633,269.34798068199717,E2:open,E2
sky:rainy,S-geo,A,mae,4060,4,199.60064941588305,146.1896578163993,253.08350102678696,E2:open,E2
sky:rainy,S-geo,P-sim,rmse,4060,4,-2.4626605329368942,-7.501077177731297,-0.4678560868055115,E2:open,E2
sky:rainy,S-geo,P-sim,mae,4060,4,-6.508037965321634,-10.588865839558729,-2.9630961080191582,E2:open,E2
sky:rainy,S-geo,H,rmse,4060,4,4.053066707400404,-2.054378159343031,6.366426491473746,E2:open,E2
sky:rainy,S-geo,H,mae,4060,4,4.891216978628108,-2.9459918329533252,11.317932422843782,E2:open,E2
sky:rainy,S-geo,D,rmse,4060,4,5.51240989139005,-0.9177932231569557,8.0650802659801,E2:open,E2
sky:rainy,S-geo,D,mae,4060,4,6.209304324675827,-1.928883372890077,12.837761048946987,E2:open,E2
sky:cloudy+rainy,H,D,rmse,8740,8,0.2948478246386941,-0.4157546443644325,1.2962177979451348,E2:open,E2
sky:cloudy+rainy,H,D,mae,8740,8,0.33283263175330546,-0.5307033195327826,1.1469198174072195,E2:open,E2
sky:cloudy+rainy,A,B,rmse,8740,8,2.2753549437875336,1.098430042311449,3.0217659880425143,E2:open,E2
sky:cloudy+rainy,A,B,mae,8740,8,0.34314601794039845,-0.46963034469072795,1.1110924329065597,E2:open,E2
sky:cloudy+rainy,A,R,rmse,8740,8,1.6768501488697325,0.4396927486692825,2.4340216539481614,E2:open,E2
sky:cloudy+rainy,A,R,mae,8740,8,-0.32027451463250145,-1.1661433846719447,0.45538532763801803,E2:open,E2
sky:cloudy+rainy,R,B,rmse,8740,8,0.5985047949178011,0.5583847807429805,0.6818320702454465,E2:open,E2
sky:cloudy+rainy,R,B,mae,8740,8,0.6634205325728999,0.6189452627849079,0.7179798300424871,E2:open,E2
sky:cloudy+rainy,H,A,rmse,8740,8,207.6808049859941,152.52290432303403,248.69118821086906,E2:open,E2
sky:cloudy+rainy,H,A,mae,8740,8,190.05422449050735,151.9248304617414,224.9461369434676,E2:open,E2
sky:cloudy+rainy,P-sim,P-cs,rmse,8740,8,-0.34683365074960193,-1.2667072158877137,0.3063473182172191,E2:open,E2
sky:cloudy+rainy,P-sim,P-cs,mae,8740,8,-0.2602013862717243,-1.3642188083303757,0.5527779348962781,E2:open,E2
sky:cloudy+rainy,H,P-sim,rmse,8740,8,-6.267709899806533,-11.698406679556712,1.2467275025153481,E2:open,E2
sky:cloudy+rainy,H,P-sim,mae,8740,8,-9.381072858932136,-17.422165673656412,-1.245582927806467,E2:open,E2
sky:cloudy+rainy,H,S,rmse,8740,8,-5.356062626871264,-13.076349341469301,4.171743168891759,E2:open,E2
sky:cloudy+rainy,H,S,mae,8740,8,-4.713001696052572,-13.024284019067643,2.9213407412383416,E2:open,E2
sky:cloudy+rainy,S-geo,S,rmse,8740,8,0.22626123962241707,-0.011913833579247779,0.621441515500948,E2:open,E2
sky:cloudy+rainy,S-geo,S,mae,8740,8,0.3174861085087315,0.1611415161396362,0.5060565971066756,E2:open,E2
sky:cloudy+rainy,S-geo,R,rmse,8740,8,214.93997900135753,149.14783049178976,261.6419124669923,E2:open,E2
sky:cloudy+rainy,S-geo,R,mae,8740,8,194.76443778043617,149.2665146278898,236.07510134327705,E2:open,E2
sky:cloudy+rainy,S-geo,A,rmse,8740,8,213.2631288524878,148.85911222936537,259.29898567680027,E2:open,E2
sky:cloudy+rainy,S-geo,A,mae,8740,8,195.08471229506867,150.2357372648168,235.77802043847313,E2:open,E2
sky:cloudy+rainy,S-geo,P-sim,rmse,8740,8,-0.6853860333128523,-5.378254919053465,3.0353902022623096,E2:open,E2
sky:cloudy+rainy,S-geo,P-sim,mae,8740,8,-4.350585054370832,-8.417648850328014,-0.14723970747522905,E2:open,E2
sky:cloudy+rainy,S-geo,H,rmse,8740,8,5.582323866493681,-3.6692579816654742,13.083111536581034,E2:open,E2
sky:cloudy+rainy,S-geo,H,mae,8740,8,5.030487804561304,-2.5393986214463586,13.24406644133868,E2:open,E2
sky:cloudy+rainy,S-geo,D,rmse,8740,8,5.877171691132375,-3.765777069357805,13.15919869379825,E2:open,E2
sky:cloudy+rainy,S-geo,D,mae,8740,8,5.363320436314609,-2.5478676678244696,13.798223064692078,E2:open,E2
shade:unshaded,H,D,rmse,18408,15,-0.134194947080303,-0.9050759433400437,0.7407052472585742,E2:open,E2
shade:unshaded,H,D,mae,18408,15,-0.37785274675115943,-1.4682055718095883,0.6498798504305201,E2:open,E2
shade:unshaded,A,B,rmse,18408,15,1.7035416936770105,0.8487750965896467,2.3602827440064384,E2:open,E2
shade:unshaded,A,B,mae,18408,15,0.5249888200831379,-0.08738220622821799,1.1464570526419435,E2:open,E2
shade:unshaded,A,R,rmse,18408,15,1.2513191055296886,0.3707979089472588,1.8706692781632313,E2:open,E2
shade:unshaded,A,R,mae,18408,15,0.13586827719026928,-0.5611380502705451,0.8202455194455325,E2:open,E2
shade:unshaded,R,B,rmse,18408,15,0.45222258814732186,0.3593735507669919,0.5483933618936888,E2:open,E2
shade:unshaded,R,B,mae,18408,15,0.38912054289286857,0.2112802169005928,0.5644118435815542,E2:open,E2
shade:unshaded,H,A,rmse,18408,15,130.44980558493234,65.93672308892027,189.90455159863492,E2:open,E2
shade:unshaded,H,A,mae,18408,15,97.4387010593815,49.1212003459241,155.6533963050935,E2:open,E2
shade:unshaded,P-sim,P-cs,rmse,18408,15,-0.540112763311555,-1.1557717981604854,0.15785915667912356,E2:open,E2
shade:unshaded,P-sim,P-cs,mae,18408,15,-0.029334628772950566,-0.8147787552189765,0.7071596527496833,E2:open,E2
shade:unshaded,H,P-sim,rmse,18408,15,-4.462672560409516,-9.050150852571903,-0.11827723609387207,E2:open,E2
shade:unshaded,H,P-sim,mae,18408,15,-8.35611401022571,-13.277031419304906,-3.530317452875716,E2:open,E2
shade:unshaded,H,S,rmse,18408,15,-6.871384397294918,-11.195883083331259,-1.9029361471236175,E2:open,E2
shade:unshaded,H,S,mae,18408,15,-7.347552549986268,-12.075551759419273,-2.330309216178868,E2:open,E2
shade:unshaded,S-geo,S,rmse,18408,15,0.10938253116462704,-0.13697716006250465,0.495583968736476,E2:open,E2
shade:unshaded,S-geo,S,mae,18408,15,0.5393631159604695,0.023791748289990443,1.3249750105413276,E2:open,E2
shade:unshaded,S-geo,R,rmse,18408,15,138.68189161892158,71.81188144302261,199.42391657370518,E2:open,E2
shade:unshaded,S-geo,R,mae,18408,15,105.46148500251851,56.84096799606338,163.39447316972647,E2:open,E2
shade:unshaded,S-geo,A,rmse,18408,15,137.4305725133919,70.96717835947523,197.6242779154359,E2:open,E2
shade:unshaded,S-geo,A,mae,18408,15,105.32561672532825,56.319444993180895,163.46268281321534,E2:open,E2
shade:unshaded,S-geo,P-sim,rmse,18408,15,2.518094368050029,-1.392519834909954,6.024435900351115,E2:open,E2
shade:unshaded,S-geo,P-sim,mae,18408,15,-0.469198344278972,-4.175739429217533,3.5619534603784317,E2:open,E2
shade:unshaded,S-geo,H,rmse,18408,15,6.980766928459545,2.283797430729322,11.201304269558765,E2:open,E2
shade:unshaded,S-geo,H,mae,18408,15,7.886915665946738,2.9337400170963286,12.478600726083844,E2:open,E2
shade:unshaded,S-geo,D,rmse,18408,15,6.846571981379242,2.2921948787988162,10.972234617671049,E2:open,E2
shade:unshaded,S-geo,D,mae,18408,15,7.5090629191955784,2.6200174260553584,12.066518304399288,E2:open,E2
horizontals,H,D,rmse,18408,15,-0.134194947080303,-0.9050759433400437,0.7407052472585742,E2:open,E2
horizontals,H,D,mae,18408,15,-0.37785274675115943,-1.4682055718095883,0.6498798504305201,E2:open,E2
horizontals,A,B,rmse,18408,15,1.7035416936770105,0.8487750965896467,2.3602827440064384,E2:open,E2
horizontals,A,B,mae,18408,15,0.5249888200831379,-0.08738220622821799,1.1464570526419435,E2:open,E2
horizontals,A,R,rmse,18408,15,1.2513191055296886,0.3707979089472588,1.8706692781632313,E2:open,E2
horizontals,A,R,mae,18408,15,0.13586827719026928,-0.5611380502705451,0.8202455194455325,E2:open,E2
horizontals,R,B,rmse,18408,15,0.45222258814732186,0.3593735507669919,0.5483933618936888,E2:open,E2
horizontals,R,B,mae,18408,15,0.38912054289286857,0.2112802169005928,0.5644118435815542,E2:open,E2
horizontals,H,A,rmse,18408,15,130.44980558493234,65.93672308892027,189.90455159863492,E2:open,E2
horizontals,H,A,mae,18408,15,97.4387010593815,49.1212003459241,155.6533963050935,E2:open,E2
horizontals,P-sim,P-cs,rmse,18408,15,-0.540112763311555,-1.1557717981604854,0.15785915667912356,E2:open,E2
horizontals,P-sim,P-cs,mae,18408,15,-0.029334628772950566,-0.8147787552189765,0.7071596527496833,E2:open,E2
horizontals,H,P-sim,rmse,18408,15,-4.462672560409516,-9.050150852571903,-0.11827723609387207,E2:open,E2
horizontals,H,P-sim,mae,18408,15,-8.35611401022571,-13.277031419304906,-3.530317452875716,E2:open,E2
horizontals,H,S,rmse,18408,15,-6.871384397294918,-11.195883083331259,-1.9029361471236175,E2:open,E2
horizontals,H,S,mae,18408,15,-7.347552549986268,-12.075551759419273,-2.330309216178868,E2:open,E2
horizontals,S-geo,S,rmse,18408,15,0.10938253116462704,-0.13697716006250465,0.495583968736476,E2:open,E2
horizontals,S-geo,S,mae,18408,15,0.5393631159604695,0.023791748289990443,1.3249750105413276,E2:open,E2
horizontals,S-geo,R,rmse,18408,15,138.68189161892158,71.81188144302261,199.42391657370518,E2:open,E2
horizontals,S-geo,R,mae,18408,15,105.46148500251851,56.84096799606338,163.39447316972647,E2:open,E2
horizontals,S-geo,A,rmse,18408,15,137.4305725133919,70.96717835947523,197.6242779154359,E2:open,E2
horizontals,S-geo,A,mae,18408,15,105.32561672532825,56.319444993180895,163.46268281321534,E2:open,E2
horizontals,S-geo,P-sim,rmse,18408,15,2.518094368050029,-1.392519834909954,6.024435900351115,E2:open,E2
horizontals,S-geo,P-sim,mae,18408,15,-0.469198344278972,-4.175739429217533,3.5619534603784317,E2:open,E2
horizontals,S-geo,H,rmse,18408,15,6.980766928459545,2.283797430729322,11.201304269558765,E2:open,E2
horizontals,S-geo,H,mae,18408,15,7.886915665946738,2.9337400170963286,12.478600726083844,E2:open,E2
horizontals,S-geo,D,rmse,18408,15,6.846571981379242,2.2921948787988162,10.972234617671049,E2:open,E2
horizontals,S-geo,D,mae,18408,15,7.5090629191955784,2.6200174260553584,12.066518304399288,E2:open,E2
overall,H,D,rmse,4602,15,7.174677329871031,-20.904675468524015,37.42642673715136,E2:tilted,E2
overall,H,D,mae,4602,15,-2.5849077048025038,-29.809745189915546,24.824962752326993,E2:tilted,E2
overall,A,B,rmse,4602,15,-70.96311061067786,-110.8398849362568,-32.59397251604972,E2:tilted,E2
overall,A,B,mae,4602,15,-36.93535117168278,-86.35958996379358,8.476068487581834,E2:tilted,E2
overall,A,R,rmse,4602,15,-11.774344025454127,-14.495338876740915,-8.907531408655208,E2:tilted,E2
overall,A,R,mae,4602,15,-9.076801252512524,-13.644805032926463,-3.613598612028255,E2:tilted,E2
overall,R,B,rmse,4602,15,-59.18876658522373,-96.55432843007637,-23.686036013511483,E2:tilted,E2
overall,R,B,mae,4602,15,-27.858549919170258,-72.63099643976634,12.735815778349808,E2:tilted,E2
overall,H,A,rmse,4602,15,191.19542724959163,127.9111713267614,251.6944438416664,E2:tilted,E2
overall,H,A,mae,4602,15,137.25979968844536,74.82362660928207,207.93105984228941,E2:tilted,E2
overall,P-sim,P-cs,rmse,4602,15,17.977392960857927,-4.291745107130624,44.63235639750727,E2:tilted,E2
overall,P-sim,P-cs,mae,4602,15,9.0251840780994,-13.472889801863257,33.72417873277475,E2:tilted,E2
overall,H,P-sim,rmse,4602,15,-17.991365186155193,-27.678595301381097,-9.411519227683623,E2:tilted,E2
overall,H,P-sim,mae,4602,15,-21.27884806139933,-31.189530174978188,-12.88593923494197,E2:tilted,E2
overall,S-geo,R,rmse,4602,15,206.9239176017859,137.95975014956383,276.6643484609856,E2:tilted,E2
overall,S-geo,R,mae,4602,15,166.94423241064501,99.76769756168575,247.11111962620413,E2:tilted,E2
overall,S-geo,A,rmse,4602,15,218.69826162724002,147.89610289986302,291.6470602612479,E2:tilted,E2
overall,S-geo,A,mae,4602,15,176.02103366315754,105.85170468747593,260.0982463757276,E2:tilted,E2
overall,S-geo,P-sim,rmse,4602,15,9.511469191493177,4.34943124138804,18.60228010865017,E2:tilted,E2
overall,S-geo,P-sim,mae,4602,15,17.482385913312854,10.682760336959767,26.61015612876494,E2:tilted,E2
overall,S-geo,H,rmse,4602,15,27.50283437764837,15.629280441291566,42.621590986059516,E2:tilted,E2
overall,S-geo,H,mae,4602,15,38.761233974712184,27.00237717817376,52.5808255040456,E2:tilted,E2
overall,S-geo,D,rmse,4602,15,34.6775117075194,11.552096590007194,66.02694130290308,E2:tilted,E2
overall,S-geo,D,mae,4602,15,36.17632626990968,16.412083441676785,64.07399178068002,E2:tilted,E2
sensor:Pinc,H,D,rmse,4602,15,7.174677329871031,-20.904675468524015,37.42642673715136,E2:tilted,E2
sensor:Pinc,H,D,mae,4602,15,-2.5849077048025038,-29.809745189915546,24.824962752326993,E2:tilted,E2
sensor:Pinc,A,B,rmse,4602,15,-70.96311061067786,-110.8398849362568,-32.59397251604972,E2:tilted,E2
sensor:Pinc,A,B,mae,4602,15,-36.93535117168278,-86.35958996379358,8.476068487581834,E2:tilted,E2
sensor:Pinc,A,R,rmse,4602,15,-11.774344025454127,-14.495338876740915,-8.907531408655208,E2:tilted,E2
sensor:Pinc,A,R,mae,4602,15,-9.076801252512524,-13.644805032926463,-3.613598612028255,E2:tilted,E2
sensor:Pinc,R,B,rmse,4602,15,-59.18876658522373,-96.55432843007637,-23.686036013511483,E2:tilted,E2
sensor:Pinc,R,B,mae,4602,15,-27.858549919170258,-72.63099643976634,12.735815778349808,E2:tilted,E2
sensor:Pinc,H,A,rmse,4602,15,191.19542724959163,127.9111713267614,251.6944438416664,E2:tilted,E2
sensor:Pinc,H,A,mae,4602,15,137.25979968844536,74.82362660928207,207.93105984228941,E2:tilted,E2
sensor:Pinc,P-sim,P-cs,rmse,4602,15,17.977392960857927,-4.291745107130624,44.63235639750727,E2:tilted,E2
sensor:Pinc,P-sim,P-cs,mae,4602,15,9.0251840780994,-13.472889801863257,33.72417873277475,E2:tilted,E2
sensor:Pinc,H,P-sim,rmse,4602,15,-17.991365186155193,-27.678595301381097,-9.411519227683623,E2:tilted,E2
sensor:Pinc,H,P-sim,mae,4602,15,-21.27884806139933,-31.189530174978188,-12.88593923494197,E2:tilted,E2
sensor:Pinc,S-geo,R,rmse,4602,15,206.9239176017859,137.95975014956383,276.6643484609856,E2:tilted,E2
sensor:Pinc,S-geo,R,mae,4602,15,166.94423241064501,99.76769756168575,247.11111962620413,E2:tilted,E2
sensor:Pinc,S-geo,A,rmse,4602,15,218.69826162724002,147.89610289986302,291.6470602612479,E2:tilted,E2
sensor:Pinc,S-geo,A,mae,4602,15,176.02103366315754,105.85170468747593,260.0982463757276,E2:tilted,E2
sensor:Pinc,S-geo,P-sim,rmse,4602,15,9.511469191493177,4.34943124138804,18.60228010865017,E2:tilted,E2
sensor:Pinc,S-geo,P-sim,mae,4602,15,17.482385913312854,10.682760336959767,26.61015612876494,E2:tilted,E2
sensor:Pinc,S-geo,H,rmse,4602,15,27.50283437764837,15.629280441291566,42.621590986059516,E2:tilted,E2
sensor:Pinc,S-geo,H,mae,4602,15,38.761233974712184,27.00237717817376,52.5808255040456,E2:tilted,E2
sensor:Pinc,S-geo,D,rmse,4602,15,34.6775117075194,11.552096590007194,66.02694130290308,E2:tilted,E2
sensor:Pinc,S-geo,D,mae,4602,15,36.17632626990968,16.412083441676785,64.07399178068002,E2:tilted,E2
sky:sunny,H,D,rmse,1041,3,85.04695200367092,24.21033182291019,164.39251684268478,E2:tilted,E2
sky:sunny,H,D,mae,1041,3,70.38211121765012,34.93571649367911,148.26348804933508,E2:tilted,E2
sky:sunny,A,B,rmse,1041,3,83.8234145403699,32.0107461184563,168.0666220729481,E2:tilted,E2
sky:sunny,A,B,mae,1041,3,71.24483717371595,40.66812131567215,150.8639554140104,E2:tilted,E2
sky:sunny,A,R,rmse,1041,3,0.7865328758379349,-14.491483916488459,18.454078371082424,E2:tilted,E2
sky:sunny,A,R,mae,1041,3,-1.8836564843569619,-14.01265652500011,18.801963965866427,E2:tilted,E2
sky:sunny,R,B,rmse,1041,3,83.03688166453196,36.17130590936891,149.61254370186566,E2:tilted,E2
sky:sunny,R,B,mae,1041,3,73.12849365807293,46.738207343152254,132.06199144814397,E2:tilted,E2
sky:sunny,H,A,rmse,1041,3,-8.941139384299014,-30.834686628203514,-0.058514523349458614,E2:tilted,E2
sky:sunny,H,A,mae,1041,3,-6.972369560818116,-27.800730550953844,5.281065769541858,E2:tilted,E2
sky:sunny,P-sim,P-cs,rmse,1041,3,84.15277762195106,32.582218351410944,164.13136327125954,E2:tilted,E2
sky:sunny,P-sim,P-cs,mae,1041,3,70.08458581762355,38.393617791059704,150.0933279918626,E2:tilted,E2
sky:sunny,H,P-sim,rmse,1041,3,-7.9451902219166115,-22.936355199417775,-0.6653431450290803,E2:tilted,E2
sky:sunny,H,P-sim,mae,1041,3,-5.6788876421463925,-24.28409598328988,5.235348463198175,E2:tilted,E2
sky:sunny,S-geo,R,rmse,1041,3,10.948139054356822,1.3730696014881882,33.79290053019099,E2:tilted,E2
sky:sunny,S-geo,R,mae,1041,3,12.976079529535138,-0.19878292416601795,46.11587277002728,E2:tilted,E2
sky:sunny,S-geo,A,rmse,1041,3,10.161606178518888,8.202453690596457,15.864553517976647,E2:tilted,E2
sky:sunny,S-geo,A,mae,1041,3,14.8597360138921,5.629135608720812,27.313908804160853,E2:tilted,E2
sky:sunny,S-geo,P-sim,rmse,1041,3,11.15755534090129,6.316840787591431,23.237153587894305,E2:tilted,E2
sky:sunny,S-geo,P-sim,mae,1041,3,16.153217932563823,6.532256069198876,30.830543371824817,E2:tilted,E2
sky:sunny,S-geo,H,rmse,1041,3,19.1027455628179,8.260968213945915,46.17350878731208,E2:tilted,E2
sky:sunny,S-geo,H,mae,1041,3,21.832105574710216,8.668350351039681,55.1146393551147,E2:tilted,E2
sky:sunny,S-geo,D,rmse,1041,3,104.14969756648884,32.47130003685611,210.56602562999686,E2:tilted,E2
sky:sunny,S-geo,D,mae,1041,3,92.21421679236033,43.60406684471879,203.3781274044498,E2:tilted,E2
sky:mixed,H,D,rmse,1376,4,29.396083460312184,2.782835587637422,70.7501397869479,E2:tilted,E2
sky:mixed,H,D,mae,1376,4,11.024165680829498,-7.5936631585909,32.00159570237122,E2:tilted,E2
sky:mixed,A,B,rmse,1376,4,-14.300159785120343,-37.99981964065839,23.09358781553616,E2:tilted,E2
sky:mixed,A,B,mae,1376,4,8.396361168694455,-24.356728854999773,39.58599159358699,E2:tilted,E2
sky:mixed,A,R,rmse,1376,4,-7.951714397377799,-10.256409609486013,-5.408450923327138,E2:tilted,E2
sky:mixed,A,R,mae,1376,4,-3.397403287768185,-8.017121645717339,1.8167768976713887,E2:tilted,E2
sky:mixed,R,B,rmse,1376,4,-6.348445387742544,-28.579315889910845,30.173947959750247,E2:tilted,E2
sky:mixed,R,B,mae,1376,4,11.79376445646264,-19.61322310291112,37.79413553416007,E2:tilted,E2
sky:mixed,H,A,rmse,1376,4,73.11028888991308,31.701093339075218,106.46400859928261,E2:tilted,E2
sky:mixed,H,A,mae,1376,4,48.83071959165423,12.037552644281792,94.08727342076952,E2:tilted,E2
sky:mixed,P-sim,P-cs,rmse,1376,4,27.61416466775819,0.18584243686176194,71.86771639717382,E2:tilted,E2
sky:mixed,P-sim,P-cs,mae,1376,4,14.524206540456575,-4.008189213367942,36.97492677324533,E2:tilted,E2
sky:mixed,H,P-sim,rmse,1376,4,-3.7556088921348305,-14.916163471771583,2.57998772870667,E2:tilted,E2
sky:mixed,H,P-sim,mae,1376,4,-9.742462383767503,-19.01846282851541,-3.1636019740024253,E2:tilted,E2
sky:mixed,S-geo,R,rmse,1376,4,70.16033703670746,34.11590903041541,113.48046181609087,E2:tilted,E2
sky:mixed,S-geo,R,mae,1376,4,63.90402967093566,23.991287885767427,113.10117540366994,E2:tilted,E2
sky:mixed,S-geo,A,rmse,1376,4,78.11205143408526,40.401983888655714,123.73687142557688,E2:tilted,E2
sky:mixed,S-geo,A,mae,1376,4,67.30143295870384,26.222604826239962,118.16213235756828,E2:tilted,E2
sky:mixed,S-geo,P-sim,rmse,1376,4,1.24615365203735,-2.466202090422314,8.439211788174447,E2:tilted,E2
sky:mixed,S-geo,P-sim,mae,1376,4,8.72825098328211,4.552275671005006,13.392494178225448,E2:tilted,E2
sky:mixed,S-geo,H,rmse,1376,4,5.0017625441721805,-4.86302817482175,18.0713401774304,E2:tilted,E2
sky:mixed,S-geo,H,mae,1376,4,18.470713367049612,13.668923538986334,29.2726394059668,E2:tilted,E2
sky:mixed,S-geo,D,rmse,1376,4,34.397846004484364,5.650720321213669,89.87475764143969,E2:tilted,E2
sky:mixed,S-geo,D,mae,1376,4,29.49487904787911,7.229497445153811,59.177614005839345,E2:tilted,E2
sky:cloudy,H,D,rmse,1170,4,-20.612283363490576,-37.56681255402644,-13.71684636725459,E2:tilted,E2
sky:cloudy,H,D,mae,1170,4,-36.53034805425713,-54.119778506858964,-22.98568829574829,E2:tilted,E2
sky:cloudy,A,B,rmse,1170,4,-92.6651600275697,-155.33588852327256,-43.98396594963884,E2:tilted,E2
sky:cloudy,A,B,mae,1170,4,-87.27500090027775,-146.21050119563316,-36.45550782635269,E2:tilted,E2
sky:cloudy,A,R,rmse,1170,4,-14.891477771147095,-17.447075678326712,-12.68129459342822,E2:tilted,E2
sky:cloudy,A,R,mae,1170,4,-14.633919748839219,-17.361571881770544,-12.341838443781057,E2:tilted,E2
sky:cloudy,R,B,rmse,1170,4,-77.7736822564226,-137.88881284494585,-31.302671356210624,E2:tilted,E2
sky:cloudy,R,B,mae,1170,4,-72.64108115143853,-128.8489293138626,-24.11366938257163,E2:tilted,E2
sky:cloudy,H,A,rmse,1170,4,261.946659557432,195.75282109518795,318.4042996093429,E2:tilted,E2
sky:cloudy,H,A,mae,1170,4,239.78948859883732,195.60426804659215,289.1694443517522,E2:tilted,E2
sky:cloudy,P-sim,P-cs,rmse,1170,4,-2.132993566971493,-11.4535048112553,10.698401785953735,E2:tilted,E2
sky:cloudy,P-sim,P-cs,mae,1170,4,-14.67573137689449,-21.854777429084052,-8.837974853779116,E2:tilted,E2
sky:cloudy,H,P-sim,rmse,1170,4,-25.781905504406126,-38.771001280481954,-12.264351055019347,E2:tilted,E2
sky:cloudy,H,P-sim,mae,1170,4,-33.76125730109062,-42.901754641336325,-21.80829924076933,E2:tilted,E2
sky:cloudy,S-geo,R,rmse,1170,4,282.26890998877496,209.99415092131466,350.09384623225,E2:tilted,E2
sky:cloudy,S-geo,R,mae,1170,4,275.7129322374785,217.262793081165,326.1940944183833,E2:tilted,E2
sky:cloudy,S-geo,A,rmse,1170,4,297.16038775992206,226.33573296185415,367.5409219105767,E2:tilted,E2
sky:cloudy,S-geo,A,mae,1170,4,290.34685198631774,230.28982581268656,342.6998671187617,E2:tilted,E2
sky:cloudy,S-geo,P-sim,rmse,1170,4,9.431822698083948,2.8576082278035244,29.033848372920808,E2:tilted,E2
sky:cloudy,S-geo,P-sim,mae,1170,4,16.796106086389813,5.736411940028617,37.92676984307025,E2:tilted,E2
sky:cloudy,S-geo,H,rmse,1170,4,35.213728202490074,22.68726952295674,67.80484965340275,E2:tilted,E2
sky:cloudy,S-geo,H,mae,1170,4,50.557363387480436,36.956447545073104,66.9168438619622,E2:tilted,E2
sky:cloudy,S-geo,D,rmse,1170,4,14.601444838999498,-1.9323264449917872,38.66029488555746,E2:tilted,E2
sky:cloudy,S-geo,D,mae,1170,4,14.027015333223304,1.6795533944896448,26.935725541899373,E2:tilted,E2
sky:rainy,H,D,rmse,1015,4,-49.168860525454576,-83.59315568146255,-36.06526930105764,E2:tilted,E2
sky:rainy,H,D,mae,1015,4,-56.74115053045867,-85.65740246843745,-34.84312884047347,E2:tilted,E2
sky:rainy,A,B,rmse,1015,4,-147.44076014890743,-214.5370041310326,-96.52598198746125,E2:tilted,E2
sky:rainy,A,B,mae,1015,4,-151.31428916721273,-205.83279335550796,-86.59982568349574,E2:tilted,E2
sky:rainy,A,R,rmse,1015,4,-17.161191851113472,-20.35386883045561,-14.607009619624762,E2:tilted,E2
sky:rainy,A,R,mae,1015,4,-17.747822594813613,-21.017607048136313,-13.885991056914236,E2:tilted,E2
sky:rainy,R,B,rmse,1015,4,-130.27956829779396,-194.183135300577,-82.11419163809546,E2:tilted,E2
sky:rainy,R,B,mae,1015,4,-133.56646657239912,-184.81518630737165,-72.7138346265815,E2:tilted,E2
sky:rainy,H,A,rmse,1015,4,308.2771293565972,284.23465116791294,325.28901758566315,E2:tilted,E2
sky:rainy,H,A,mae,1015,4,286.8798650840208,268.5529658694001,300.56983799132774,E2:tilted,E2
sky:rainy,P-sim,P-cs,rmse,1015,4,-23.611342122859966,-59.136111356443465,-10.039064772770189,E2:tilted,E2
sky:rainy,P-sim,P-cs,mae,1015,4,-33.73286620436893,-64.25317476317443,-10.934563425502176,E2:tilted,E2
sky:rainy,H,P-sim,rmse,1015,4,-34.441450331890664,-36.61147718339515,-31.997467221657146,E2:tilted,E2
sky:rainy,H,P-sim,mae,1015,4,-38.529297990881986,-45.234217469074395,-31.287062201723856,E2:tilted,E2
sky:rainy,S-geo,R,rmse,1015,4,350.6219716637177,345.29193786122994,359.8389900359284,E2:tilted,E2
sky:rainy,S-geo,R,mae,1015,4,339.16569775220205,335.48613594637976,342.9647609211803,E2:tilted,E2
sky:rainy,S-geo,A,rmse,1015,4,367.7831635148312,363.0203858648307,376.3657268201079,E2:tilted,E2
sky:rainy,S-geo,A,mae,1015,4,356.91352034701566,352.210577936183,362.70175716034805,E2:tilted,E2
sky:rainy,S-geo,P-sim,rmse,1015,4,25.064583826343323,10.975246552745745,55.006159084043524,E2:tilted,E2
sky:rainy,S-geo,P-sim,mae,1015,4,31.50435727211285,10.0493312203415,57.69412767624248,E2:tilted,E2
sky:rainy,S-geo,H,rmse,1015,4,59.50603415823399,47.5867237361409,87.00362630570066,E2:tilted,E2
sky:rainy,S-geo,H,mae,1015,4,70.03365526299484,55.21715762458308,88.98118987796636,E2:tilted,E2
sky:rainy,S-geo,D,rmse,1015,4,10.337173632779411,3.4104706242381297,15.642404734335742,E2:tilted,E2
sky:rainy,S-geo,D,mae,1015,4,13.292504732536166,3.3237874095289044,21.171705002237886,E2:tilted,E2
sky:cloudy+rainy,H,D,rmse,2185,8,-32.3798727016497,-50.74069405331396,-21.83952045587956,E2:tilted,E2
sky:cloudy+rainy,H,D,mae,2185,8,-45.91889016562763,-64.14001924783112,-31.156122362633774,E2:tilted,E2
sky:cloudy+rainy,A,B,rmse,2185,8,-118.24182615653774,-175.62104679027425,-76.36896779700896,E2:tilted,E2
sky:cloudy+rainy,A,B,mae,2185,8,-117.02322863068463,-167.78708439851897,-69.05221760309689,E2:tilted,E2
sky:cloudy+rainy,A,R,rmse,2185,8,-15.97639332551529,-18.379756109487147,-14.047648565691889,E2:tilted,E2
sky:cloudy+rainy,A,R,mae,2185,8,-16.080423816877612,-18.68675984375121,-13.74862691070497,E2:tilted,E2
sky:cloudy+rainy,R,B,rmse,2185,8,-102.26543283102245,-157.2302594522497,-62.31937324344159,E2:tilted,E2
sky:cloudy+rainy,R,B,mae,2185,8,-100.94280481380702,-148.85425801046068,-55.1580495068643,E2:tilted,E2
sky:cloudy+rainy,H,A,rmse,2185,8,283.6459224126161,241.89139406727293,314.5231825661153,E2:tilted,E2
sky:cloudy+rainy,H,A,mae,2185,8,261.6644232132361,228.43282975979497,290.52726519633256,E2:tilted,E2
sky:cloudy+rainy,P-sim,P-cs,rmse,2185,8,-10.679084794119916,-24.062146743221373,-1.312923334127158,E2:tilted,E2
sky:cloudy+rainy,P-sim,P-cs,mae,2185,8,-23.528359225812835,-40.19396439198813,-10.668475998913417,E2:tilted,E2
sky:cloudy+rainy,H,P-sim,rmse,2185,8,-29.50085878224928,-36.445142886362476,-20.47628781787842,E2:tilted,E2
sky:cloudy+rainy,H,P-sim,mae,2185,8,-35.976159497950206,-42.42990208500909,-28.38513406960608,E2:tilted,E2
sky:cloudy+rainy,S-geo,R,rmse,2185,8,312.84709879556664,260.49273895173695,354.239904412903,E2:tilted,E2
sky:cloudy+rainy,S-geo,R,mae,2185,8,305.1887020303593,264.524634859422,338.1215680414287,E2:tilted,E2
sky:cloudy+rainy,S-geo,A,rmse,2185,8,328.8234921210819,276.7711280393902,370.6352270935587,E2:tilted,E2
sky:cloudy+rainy,S-geo,A,mae,2185,8,321.2691258472369,279.53216569186264,355.8303336164419,E2:tilted,E2
sky:cloudy+rainy,S-geo,P-sim,rmse,2185,8,15.676710926216586,7.653891194455009,32.66408409596509,E2:tilted,E2
sky:cloudy+rainy,S-geo,P-sim,mae,2185,8,23.628543136050638,10.138544556260879,40.25749440180286,E2:tilted,E2
sky:cloudy+rainy,S-geo,H,rmse,2185,8,45.17756970846587,32.995187574482884,65.68222696732637,E2:tilted,E2
sky:cloudy+rainy,S-geo,H,mae,2185,8,59.604702634000844,47.30705325647877,73.97997468415498,E2:tilted,E2
sky:cloudy+rainy,S-geo,D,rmse,2185,8,12.797697006816165,2.9704688639362473,24.68521201480626,E2:tilted,E2
sky:cloudy+rainy,S-geo,D,mae,2185,8,13.685812468373214,5.747573546141445,21.182993403767362,E2:tilted,E2
shade:unshaded,H,D,rmse,4601,15,7.174914730511887,-20.91068218269913,37.42642673715136,E2:tilted,E2
shade:unshaded,H,D,mae,4601,15,-2.5911088369242066,-29.810674058633612,24.8242672158798,E2:tilted,E2
shade:unshaded,A,B,rmse,4601,15,-70.97170825605963,-110.86678153358972,-32.59407298851215,E2:tilted,E2
shade:unshaded,A,B,mae,4601,15,-36.95109451649904,-86.38674063914578,8.471092622087852,E2:tilted,E2
shade:unshaded,A,R,rmse,4601,15,-11.775593623446639,-14.495379113360116,-8.90842646375995,E2:tilted,E2
shade:unshaded,A,R,mae,4601,15,-9.077691416791538,-13.646722999944231,-3.6130177179645004,E2:tilted,E2
shade:unshaded,R,B,rmse,4601,15,-59.19611463261299,-96.56686478325113,-23.68611562823861,E2:tilted,E2
shade:unshaded,R,B,mae,4601,15,-27.873403099707502,-72.68389520813975,12.735668833112063,E2:tilted,E2
shade:unshaded,H,A,rmse,4601,15,191.21615917355257,127.9111713267614,251.72497455690953,E2:tilted,E2
shade:unshaded,H,A,mae,4601,15,137.28733663922242,74.83619887815027,208.01656950213297,E2:tilted,E2
shade:unshaded,P-sim,P-cs,rmse,4601,15,17.97927770117458,-4.292956965405795,44.63696999508538,E2:tilted,E2
shade:unshaded,P-sim,P-cs,mae,4601,15,9.026147970660247,-13.489252529859087,33.72446951394318,E2:tilted,E2
shade:unshaded,H,P-sim,rmse,4601,15,-17.993384346894587,-27.687587174610787,-9.411519227683623,E2:tilted,E2
shade:unshaded,H,P-sim,mae,4601,15,-21.28506620990416,-31.215145550066797,-12.890124331891057,E2:tilted,E2
shade:unshaded,S-geo,R,rmse,4601,15,206.9468552688503,137.95975014956383,276.79248978877865,E2:tilted,E2
shade:unshaded,S-geo,R,mae,4601,15,166.98383116138254,99.7683092781855,247.1141404356397,E2:tilted,E2
shade:unshaded,S-geo,A,rmse,4601,15,218.72244889229694,147.89610289986302,291.6806770729545,E2:tilted,E2
shade:unshaded,S-geo,A,mae,4601,15,176.06152257817408,105.85170468747593,260.28541091844704,E2:tilted,E2
shade:unshaded,S-geo,P-sim,rmse,4601,15,9.512905371849783,4.349450029538779,18.6023503731216,E2:tilted,E2
shade:unshaded,S-geo,P-sim,mae,4601,15,17.489119729047495,10.68300090956876,26.61015612876494,E2:tilted,E2
shade:unshaded,S-geo,H,rmse,4601,15,27.50628971874437,15.633141541589218,42.62185389432593,E2:tilted,E2
shade:unshaded,S-geo,H,mae,4601,15,38.77418593895165,27.00285148143922,52.58187165911095,E2:tilted,E2
shade:unshaded,S-geo,D,rmse,4601,15,34.681204449256256,11.552122918914563,66.0273245100273,E2:tilted,E2
shade:unshaded,S-geo,D,mae,4601,15,36.18307710202745,16.41221979198646,64.08701052404035,E2:tilted,E2
overall,H,D,rmse,11848,4,0.054079942353325805,-1.90109925688067,1.4023639891811115,E4:2025-04,E4
overall,H,D,mae,11848,4,0.16115492220443173,-1.2414426037125992,1.9984049629120335,E4:2025-04,E4
overall,A,B,rmse,11848,4,-3.6418720777074896,-6.569437186007349,-0.5366339825857267,E4:2025-04,E4
overall,A,B,mae,11848,4,-1.6421635116428206,-4.657345987068311,1.2080538833943706,E4:2025-04,E4
overall,A,R,rmse,11848,4,1.5289617803845204,1.2723705550606041,1.8774915939985704,E4:2025-04,E4
overall,A,R,mae,11848,4,0.6965631342107486,0.19781050040953843,1.2253214187702497,E4:2025-04,E4
overall,R,B,rmse,11848,4,-5.17083385809201,-8.277626842199595,-1.8851704286212794,E4:2025-04,E4
overall,R,B,mae,11848,4,-2.338726645853569,-5.21835092259164,0.2562621118745483,E4:2025-04,E4
overall,H,A,rmse,11848,4,299.13187424289004,225.5025185677626,415.33334489009155,E4:2025-04,E4
overall,H,A,mae,11848,4,272.6403869360688,198.74304796878585,390.7391591590392,E4:2025-04,E4
overall,P-sim,P-cs,rmse,11848,4,-0.3624826901846063,-1.1045759526129757,0.4056343189103302,E4:2025-04,E4
overall,P-sim,P-cs,mae,11848,4,0.5337209968853216,-0.7505964393285964,2.186337097155544,E4:2025-04,E4
overall,H,C,rmse,11848,4,4.957710702207947,-3.955815460140343,20.32814132899159,E4:2025-04,E4
overall,H,C,mae,11848,4,13.34785992420106,2.0714593259077247,26.859762502392577,E4:2025-04,E4
overall,H,P-sim,rmse,11848,4,0.9020894968539608,-4.504031074126985,3.9599493554072893,E4:2025-04,E4
overall,H,P-sim,mae,11848,4,-4.504209606783334,-6.986503549578565,-1.862316280783702,E4:2025-04,E4
overall,S-geo,R,rmse,11848,4,300.2421574563443,225.64832693297686,417.7494386855566,E4:2025-04,E4
overall,S-geo,R,mae,11848,4,274.15539029084266,197.94489102794643,391.85225505818454,E4:2025-04,E4
overall,S-geo,A,rmse,11848,4,298.71319567595975,224.2997904869413,415.91163102206053,E4:2025-04,E4
overall,S-geo,A,mae,11848,4,273.45882715663186,197.1261689008236,390.8758031042251,E4:2025-04,E4
overall,S-geo,P-sim,rmse,11848,4,0.4834109299236502,-3.1699622350417798,3.0762195495684352,E4:2025-04,E4
overall,S-geo,P-sim,mae,11848,4,-3.685769386220258,-5.4611293599209745,-2.0712075277846367,E4:2025-04,E4
overall,S-geo,H,rmse,11848,4,-0.4186785669303106,-1.2651780021061256,1.3340688390852051,E4:2025-04,E4
overall,S-geo,H,mae,11848,4,0.8184402205630761,-1.6168790679622873,3.88712629915166,E4:2025-04,E4
overall,S-geo,D,rmse,11848,4,-0.3645986245769848,-1.2894006402186164,1.14866579984988,E4:2025-04,E4
overall,S-geo,D,mae,11848,4,0.9795951427675078,-1.0383324866091357,3.2866360039200515,E4:2025-04,E4
overall,H,D,rmse,16522,5,1.4277861327925336,0.07015786533588653,2.8918871548133893,E4:2025-05,E4
overall,H,D,mae,16522,5,1.9576315224354346,0.7655506123289446,3.053622467543335,E4:2025-05,E4
overall,A,B,rmse,16522,5,0.5822756182001001,-2.2545219586990015,5.326139519994598,E4:2025-05,E4
overall,A,B,mae,16522,5,3.677717904551116,0.396316660595204,6.7754662175702265,E4:2025-05,E4
overall,A,R,rmse,16522,5,0.4901033623698936,0.27220991631634206,0.8849048869331568,E4:2025-05,E4
overall,A,R,mae,16522,5,0.5804157675332533,-0.1923461177869406,1.29233735302735,E4:2025-05,E4
overall,R,B,rmse,16522,5,0.0921722558302065,-2.6067000327392407,4.583131727893658,E4:2025-05,E4
overall,R,B,mae,16522,5,3.097302137017863,0.471239705326127,5.493823223347181,E4:2025-05,E4
overall,H,A,rmse,16522,5,109.97577711884287,41.379039007795654,170.20834699057832,E4:2025-05,E4
overall,H,A,mae,16522,5,71.02064305613436,15.89727748654461,133.97258447588564,E4:2025-05,E4
overall,P-sim,P-cs,rmse,16522,5,0.928597472397314,-0.39135817727350286,2.779098606264853,E4:2025-05,E4
overall,P-sim,P-cs,mae,16522,5,2.56383029410938,1.0641143868646026,4.321114716464746,E4:2025-05,E4
overall,H,C,rmse,16522,5,1.2393664131819833,-1.7740880026852324,5.295864826140331,E4:2025-05,E4
overall,H,C,mae,16522,5,0.8144042888036438,-3.8310739705446935,5.360078583713687,E4:2025-05,E4
overall,H,P-sim,rmse,16522,5,2.5590849354308034,0.7705753312676933,4.150220477378639,E4:2025-05,E4
overall,H,P-sim,mae,16522,5,-2.039678929068174,-4.4506297265971,0.6380770310192361,E4:2025-05,E4
overall,S-geo,R,rmse,16522,5,110.07327417875604,41.98361967553403,170.1311637978068,E4:2025-05,E4
overall,S-geo,R,mae,16522,5,78.32498804060778,23.84493583638039,142.2615568128079,E4:2025-05,E4
overall,S-geo,A,rmse,16522,5,109.58317081638614,41.24061188343309,169.85169386237655,E4:2025-05,E4
overall,S-geo,A,mae,16522,5,77.74457227307452,22.887827038533757,142.4410373365351,E4:2025-05,E4
overall,S-geo,P-sim,rmse,16522,5,2.1664786329740764,0.4233436432776898,4.349814877276728,E4:2025-05,E4
overall,S-geo,P-sim,mae,16522,5,4.68425028787199,3.16755739236136,6.864425439956129,E4:2025-05,E4
overall,S-geo,H,rmse,16522,5,-0.392606302456727,-1.786298897704654,1.9748643773311585,E4:2025-05,E4
overall,S-geo,H,mae,16522,5,6.723929216940164,3.0095654082962398,10.349178279803368,E4:2025-05,E4
overall,S-geo,D,rmse,16522,5,1.0351798303358066,-0.7253100781512956,3.8295910948971112,E4:2025-05,E4
overall,S-geo,D,mae,16522,5,8.681560739375598,4.547023044093876,13.03784971311471,E4:2025-05,E4
overall,H,D,rmse,17424,5,5.066481027638062,4.265094608671674,5.879793686736832,E4:2025-06,E4
overall,H,D,mae,17424,5,4.757227818360327,3.67467848737067,6.141044437823183,E4:2025-06,E4
overall,A,B,rmse,17424,5,5.087838575744371,2.2740014243113933,7.102206444177057,E4:2025-06,E4
overall,A,B,mae,17424,5,6.4942785974901085,5.891442342496362,7.254892488295958,E4:2025-06,E4
overall,A,R,rmse,17424,5,0.13702326660785502,-0.23051930425341993,0.3915373180103643,E4:2025-06,E4
overall,A,R,mae,17424,5,0.05280015057880405,-0.912667877787456,1.015280655391578,E4:2025-06,E4
overall,R,B,rmse,17424,5,4.950815309136516,2.0651106564648387,7.224281544745224,E4:2025-06,E4
overall,R,B,mae,17424,5,6.4414784469113044,5.726672054287917,7.234916951485658,E4:2025-06,E4
overall,H,A,rmse,17424,5,163.02693046253836,72.98383272334243,216.67343544522032,E4:2025-06,E4
overall,H,A,mae,17424,5,59.3342786488208,5.491826359691856,110.42254689259337,E4:2025-06,E4
overall,P-sim,P-cs,rmse,17424,5,5.627981760672377,2.1847411324874173,11.064217602311835,E4:2025-06,E4
overall,P-sim,P-cs,mae,17424,5,5.136030455376304,3.156015661044613,7.114000835878013,E4:2025-06,E4
overall,H,C,rmse,17424,5,-2.541293050474181,-13.179911387189307,12.345586776040633,E4:2025-06,E4
overall,H,C,mae,17424,5,3.909944577444449,-6.979098638118842,15.868354665575858,E4:2025-06,E4
overall,H,P-sim,rmse,17424,5,-26.868430580420366,-35.2284517197466,-17.33600966838509,E4:2025-06,E4
overall,H,P-sim,mae,17424,5,-24.152366322412522,-30.123094015629437,-17.9642726776678,E4:2025-06,E4
overall,S-geo,R,rmse,17424,5,192.94484994995858,92.04081732742216,258.5342235665995,E4:2025-06,E4
overall,S-geo,R,mae,17424,5,87.83759670397619,28.31127779706355,143.23616932292094,E4:2025-06,E4
overall,S-geo,A,rmse,17424,5,192.80782668335073,91.86480619364605,258.39727150159865,E4:2025-06,E4
overall,S-geo,A,mae,17424,5,87.78479655339738,27.82198337216351,143.84155215631415,E4:2025-06,E4
overall,S-geo,P-sim,rmse,17424,5,2.9124656403920213,0.21648107859506638,7.000759825276496,E4:2025-06,E4
overall,S-geo,P-sim,mae,17424,5,4.2981515821640635,1.7294428941756692,6.569883953951617,E4:2025-06,E4
overall,S-geo,H,rmse,17424,5,29.780896220812387,18.51529174392621,40.64842009515907,E4:2025-06,E4
overall,S-geo,H,mae,17424,5,28.450517904576586,21.209541125962993,35.67654942668118,E4:2025-06,E4
overall,S-geo,D,rmse,17424,5,34.84737724845045,23.650983971260235,45.68005518493831,E4:2025-06,E4
overall,S-geo,D,mae,17424,5,33.20774572293691,25.22725298704388,40.835003785291754,E4:2025-06,E4
overall,H,D,rmse,17737,6,4.648497840392935,3.7859205170819963,6.468489624814246,E4:2025-07,E4
overall,H,D,mae,17737,6,3.5532780530952337,1.4060197293826207,5.639363239454035,E4:2025-07,E4
overall,A,B,rmse,17737,6,7.246889924310693,6.698914546527533,13.355027187467204,E4:2025-07,E4
overall,A,B,mae,17737,6,8.81851838886137,8.212494450450599,9.44138130970643,E4:2025-07,E4
overall,A,R,rmse,17737,6,0.1597823765920765,-0.26120798249853294,0.5680860667850286,E4:2025-07,E4
overall,A,R,mae,17737,6,1.0954373858993733,0.7138750906637223,1.4456162525907388,E4:2025-07,E4
overall,R,B,rmse,17737,6,7.087107547718617,6.547012605817855,12.830019889890186,E4:2025-07,E4
overall,R,B,mae,17737,6,7.723081002961997,6.9206515768835075,8.53069076483488,E4:2025-07,E4
overall,H,A,rmse,17737,6,24.340061594093342,-12.503058298762,48.039513290765214,E4:2025-07,E4
overall,H,A,mae,17737,6,-7.163161860149032,-21.631025266160012,9.970855338337863,E4:2025-07,E4
overall,P-sim,P-cs,rmse,17737,6,7.695746708618117,6.891503969881901,14.329475386513614,E4:2025-07,E4
overall,P-sim,P-cs,mae,17737,6,8.146084646941645,7.032808495518353,9.215466558125584,E4:2025-07,E4
overall,H,C,rmse,17737,6,6.5573390110843235,0.5973588483256852,11.84244413670315,E4:2025-07,E4
overall,H,C,mae,17737,6,6.4118983762438475,-0.42475507008416,15.075815397455472,E4:2025-07,E4
overall,H,P-sim,rmse,17737,6,-3.30879697259968,-17.003851016581905,3.18293216662188,E4:2025-07,E4
overall,H,P-sim,mae,17737,6,-15.258102187912947,-21.207641788482825,-8.950148458009302,E4:2025-07,E4
overall,S-geo,R,rmse,17737,6,24.163733488797135,6.331922841951474,47.407672654901035,E4:2025-07,E4
overall,S-geo,R,mae,17737,6,11.949647315393243,0.7863669268342264,25.6405062014231,E4:2025-07,E4
overall,S-geo,A,rmse,17737,6,24.00395111220506,6.361234209182459,47.25292313828146,E4:2025-07,E4
overall,S-geo,A,mae,17737,6,10.85420992949387,-0.09889650019757568,24.30900683514384,E4:2025-07,E4
overall,S-geo,P-sim,rmse,17737,6,-3.6449074544879636,-6.849131473080959,1.7420731691171234,E4:2025-07,E4
overall,S-geo,P-sim,mae,17737,6,2.7592696017299545,-2.5891360151260208,9.222413123323307,E4:2025-07,E4
overall,S-geo,H,rmse,17737,6,-0.33611048188828363,-7.6735151090996965,19.020672827146253,E4:2025-07,E4
overall,S-geo,H,mae,17737,6,18.0173717896429,6.9053150003751185,30.31647916867921,E4:2025-07,E4
overall,S-geo,D,rmse,17737,6,4.312387358504651,-3.2753860242704036,24.026395873075767,E4:2025-07,E4
overall,S-geo,D,mae,17737,6,21.570649842738135,12.416551383976639,31.729729791989627,E4:2025-07,E4
overall,H,D,rmse,16425,5,2.924983488338171,0.8695615944920263,6.547467548482274,E4:2025-08,E4
overall,H,D,mae,16425,5,3.25208353350596,2.019298334202652,4.393038567855427,E4:2025-08,E4
overall,A,B,rmse,16425,5,3.0709328205770703,0.6780293616193092,6.837455287323351,E4:2025-08,E4
overall,A,B,mae,16425,5,5.58190303416481,2.863070725280153,7.623737533231093,E4:2025-08,E4
overall,A,R,rmse,16425,5,-0.15541577692351893,-0.5443374756932826,0.2354242308816339,E4:2025-08,E4
overall,A,R,mae,16425,5,-0.44321220285074503,-0.8795725326423138,0.11308712543617361,E4:2025-08,E4
overall,R,B,rmse,16425,5,3.226348597500589,0.9853743568297944,7.047969554597586,E4:2025-08,E4
overall,R,B,mae,16425,5,6.025115237015555,3.5435714671726823,7.896665402658073,E4:2025-08,E4
overall,H,A,rmse,16425,5,49.725915402368244,11.16120906759648,77.86333916174404,E4:2025-08,E4
overall,H,A,mae,16425,5,22.061786009456974,-0.02484790791683622,52.917839799446,E4:2025-08,E4
overall,P-sim,P-cs,rmse,16425,5,3.344020937979664,1.4382198214681665,7.51490741818602,E4:2025-08,E4
overall,P-sim,P-cs,mae,16425,5,5.056481915597722,2.8241776686733857,7.305976624269537,E4:2025-08,E4
overall,H,C,rmse,16425,5,2.848543683222303,-5.397389780253832,11.625148845800027,E4:2025-08,E4
overall,H,C,mae,16425,5,7.065555658436651,-0.5119737370636059,12.819657818893369,E4:2025-08,E4
overall,H,P-sim,rmse,16425,5,-3.435063653649209,-5.420978024282078,-1.5622898270741388,E4:2025-08,E4
overall,H,P-sim,mae,16425,5,-4.495369166714731,-5.84714794948016,-3.176710556708383,E4:2025-08,E4
overall,S-geo,R,rmse,16425,5,53.210631453825584,13.93053879330207,83.23400038795884,E4:2025-08,E4
overall,S-geo,R,mae,16425,5,26.729704413178226,5.36811706969268,55.170226306805176,E4:2025-08,E4
overall,S-geo,A,rmse,16425,5,53.3660472307491,14.474317903890672,83.54517398999758,E4:2025-08,E4
overall,S-geo,A,mae,16425,5,27.17291661602897,5.418320969596767,55.771818091350724,E4:2025-08,E4
overall,S-geo,P-sim,rmse,16425,5,0.2050681747316503,-1.4398349757015723,1.6526385748552883,E4:2025-08,E4
overall,S-geo,P-sim,mae,16425,5,0.6157614398572662,-2.0251400924958887,3.033152252476267,E4:2025-08,E4
overall,S-geo,H,rmse,16425,5,3.6401318283808592,1.158068556786084,5.774779651618346,E4:2025-08,E4
overall,S-geo,H,mae,16425,5,5.111130606571997,3.07453518143641,7.246517685902241,E4:2025-08,E4
overall,S-geo,D,rmse,16425,5,6.56511531671903,5.045168463137031,9.211207931342088,E4:2025-08,E4
overall,S-geo,D,mae,16425,5,8.363214140077957,5.649048327679438,10.800870442852727,E4:2025-08,E4
overall,H,D,rmse,14181,5,14.407127099063615,3.9116840953017853,25.601391422550577,E4:2025-09,E4
overall,H,D,mae,14181,5,5.638166721875088,1.0842142809976139,9.57753629689278,E4:2025-09,E4
overall,A,B,rmse,14181,5,1.8844765821277178,-4.749817584322497,34.33969925710089,E4:2025-09,E4
overall,A,B,mae,14181,5,6.637369514363343,-0.0714850535667324,13.41005324914012,E4:2025-09,E4
overall,A,R,rmse,14181,5,0.4287656469197998,-0.02094864536523744,2.1067321277843263,E4:2025-09,E4
overall,A,R,mae,14181,5,0.736212069652197,-0.5667228811146215,2.029102830083617,E4:2025-09,E4
overall,R,B,rmse,14181,5,1.455710935207918,-5.263008853259976,32.23560620738424,E4:2025-09,E4
overall,R,B,mae,14181,5,5.901157444711146,-0.8210529192623823,12.201390416605825,E4:2025-09,E4
overall,H,A,rmse,14181,5,103.1774092189372,-29.780271001177198,207.65733699216815,E4:2025-09,E4
overall,H,A,mae,14181,5,38.39493141759884,-29.139120316608743,144.28701641855423,E4:2025-09,E4
overall,P-sim,P-cs,rmse,14181,5,16.813253686201286,4.969044261362598,34.48151095073928,E4:2025-09,E4
overall,P-sim,P-cs,mae,14181,5,8.077411170320723,2.3534691949403523,13.543155333418483,E4:2025-09,E4
overall,H,C,rmse,14181,5,11.37097550417333,-2.8399577759470844,24.03465342061449,E4:2025-09,E4
overall,H,C,mae,14181,5,0.9153452251010634,-7.085393931830303,8.910689109199787,E4:2025-09,E4
overall,H,P-sim,rmse,14181,5,-16.20229249806207,-29.938448519239216,-6.361637137664971,E4:2025-09,E4
overall,H,P-sim,mae,14181,5,-19.914218597890255,-29.32335358674784,-9.757127463398355,E4:2025-09,E4
overall,S-geo,R,rmse,14181,5,120.91031040088401,6.74824511972232,224.8458004098079,E4:2025-09,E4
overall,S-geo,R,mae,14181,5,62.83160272048855,0.2518277580688596,165.75574474255296,E4:2025-09,E4
overall,S-geo,A,rmse,14181,5,120.48154475396422,5.244639635062946,224.32911635423437,E4:2025-09,E4
overall,S-geo,A,mae,14181,5,62.09539065083635,-1.5476883172991514,165.6596986107907,E4:2025-09,E4
overall,S-geo,P-sim,rmse,14181,5,1.1018430369649508,-5.124648417398092,11.35311880325293,E4:2025-09,E4
overall,S-geo,P-sim,mae,14181,5,3.786240635347255,-6.899790569759764,15.709625162579023,E4:2025-09,E4
overall,S-geo,H,rmse,14181,5,17.304135535027022,2.5195606609958077,41.291567322492156,E4:2025-09,E4
overall,S-geo,H,mae,14181,5,23.70045923323751,6.221154567676969,42.05145515488631,E4:2025-09,E4
overall,S-geo,D,rmse,14181,5,31.711262634090637,7.852848223855915,66.26202161270422,E4:2025-09,E4
overall,S-geo,D,mae,14181,5,29.338625955112597,8.107075837263366,51.628991451779086,E4:2025-09,E4
overall,H,D,rmse,11736,5,9.247642093253262,-6.4139344490596955,19.759966416674857,E4:2025-10,E4
overall,H,D,mae,11736,5,1.6965094668870222,-4.422405546673481,8.258638786819574,E4:2025-10,E4
overall,A,B,rmse,11736,5,-11.92456296021453,-22.84990577376459,6.7478852344861195,E4:2025-10,E4
overall,A,B,mae,11736,5,-4.622841336988557,-16.0889020013106,6.098631646671436,E4:2025-10,E4
overall,A,R,rmse,11736,5,-0.9354004182672497,-1.5154364248348884,-0.030822882671458274,E4:2025-10,E4
overall,A,R,mae,11736,5,-0.888042561979205,-2.16126437485633,0.7338846636817493,E4:2025-10,E4
overall,R,B,rmse,11736,5,-10.98916254194728,-21.508028478985295,7.51006499076135,E4:2025-10,E4
overall,R,B,mae,11736,5,-3.7347987750093523,-14.335918481786337,6.169384713520458,E4:2025-10,E4
overall,H,A,rmse,11736,5,145.7331825259254,30.26097988060826,244.88709105617164,E4:2025-10,E4
overall,H,A,mae,11736,5,116.12208505571816,18.625697041303496,219.00068572011682,E4:2025-10,E4
overall,P-sim,P-cs,rmse,11736,5,10.759903805256286,-4.133412118355757,20.40890092681873,E4:2025-10,E4
overall,P-sim,P-cs,mae,11736,5,2.77841228515004,-3.49632652446833,9.733917642766542,E4:2025-10,E4
overall,H,C,rmse,11736,5,3.7573499945622046,-13.401506883636742,13.15450128862453,E4:2025-10,E4
overall,H,C,mae,11736,5,-6.324458921209882,-11.970472445148857,-0.33628216684904544,E4:2025-10,E4
overall,H,P-sim,rmse,11736,5,-11.155091149966708,-22.23969335767731,-5.891973201195057,E4:2025-10,E4
overall,H,P-sim,mae,11736,5,-16.1582323789697,-23.93227076823606,-8.607484585918101,E4:2025-10,E4
overall,S-geo,R,rmse,11736,5,158.28064645492557,39.23482134084826,260.7588984187673,E4:2025-10,E4
overall,S-geo,R,mae,11736,5,133.73555025157398,37.53485506497286,231.96139168709607,E4:2025-10,E4
overall,S-geo,A,rmse,11736,5,159.21604687319282,38.942331079333414,262.1007757135465,E4:2025-10,E4
overall,S-geo,A,mae,11736,5,134.6235928135532,38.23809029237876,233.71437520662033,E4:2025-10,E4
overall,S-geo,P-sim,rmse,11736,5,2.327773197300715,-3.532658805543477,7.825565093548712,E4:2025-10,E4
overall,S-geo,P-sim,mae,11736,5,2.3432753788653287,-6.6513424313414475,13.747523930078273,E4:2025-10,E4
overall,S-geo,H,rmse,11736,5,13.482864347267423,5.3668804822353025,20.459647885730135,E4:2025-10,E4
overall,S-geo,H,mae,11736,5,18.50150775783503,8.29329001164394,29.565301774808887,E4:2025-10,E4
overall,S-geo,D,rmse,11736,5,22.730506440520685,7.105466203703671,33.16228420737865,E4:2025-10,E4
overall,S-geo,D,mae,11736,5,20.19801722472205,7.261155136747007,33.174623896684736,E4:2025-10,E4
overall,H,D,rmse,8557,4,-0.21624255043823837,-9.754969544716744,12.431475807180817,E4:2025-11,E4
overall,H,D,mae,8557,4,-2.1023490254564905,-6.153654255360507,5.344623707091046,E4:2025-11,E4
overall,A,B,rmse,8557,4,-20.660328464743145,-27.660663409662504,-8.264078989104746,E4:2025-11,E4
overall,A,B,mae,8557,4,-11.862320116579838,-20.673169403796578,0.9226232496797593,E4:2025-11,E4
overall,A,R,rmse,8557,4,-2.261627479502863,-2.6945260043508483,-1.2886912041869607,E4:2025-11,E4
overall,A,R,mae,8557,4,-2.1658214363042134,-3.322352186184105,-0.01930831863609228,E4:2025-11,E4
overall,R,B,rmse,8557,4,-18.398700985240282,-24.970892953392877,-6.95821433071103,E4:2025-11,E4
overall,R,B,mae,8557,4,-9.696498680275624,-17.350817217612473,0.9664954605484866,E4:2025-11,E4
overall,H,A,rmse,8557,4,171.97248083690798,73.32195028070689,248.29846464274817,E4:2025-11,E4
overall,H,A,mae,8557,4,144.61664227210014,59.588254986880344,231.73918229086445,E4:2025-11,E4
overall,P-sim,P-cs,rmse,8557,4,2.909392281028815,-7.210226026485138,12.340567238808546,E4:2025-11,E4
overall,P-sim,P-cs,mae,8557,4,-0.5326843222071602,-3.933837703997362,5.84748342908712,E4:2025-11,E4
overall,H,C,rmse,8557,4,6.668875823141761,-15.012341566627711,21.992965500813014,E4:2025-11,E4
overall,H,C,mae,8557,4,5.091881441406997,-8.742417430243478,18.616051588641028,E4:2025-11,E4
overall,H,P-sim,rmse,8557,4,-12.610251698518624,-34.62334560271382,1.6570830956190576,E4:2025-11,E4
overall,H,P-sim,mae,8557,4,-18.257916190675722,-34.537161965822094,-2.396823241249379,E4:2025-11,E4
overall,S-geo,R,rmse,8557,4,174.67481269195713,59.575330769757116,276.85914611852456,E4:2025-11,E4
overall,S-geo,R,mae,8557,4,152.00182018371981,47.78345504153535,258.8839984428596,E4:2025-11,E4
overall,S-geo,A,rmse,8557,4,176.93644017146,61.35196629070232,279.54797260899767,E4:2025-11,E4
overall,S-geo,A,mae,8557,4,154.16764162002403,48.81867211638999,262.2055443603278,E4:2025-11,E4
overall,S-geo,P-sim,rmse,8557,4,-7.646292363966623,-21.459974795799596,3.2931001561963313,E4:2025-11,E4
overall,S-geo,P-sim,mae,8557,4,-8.706916842751845,-17.00254738048126,-1.1705587528422328,E4:2025-11,E4
overall,S-geo,H,rmse,8557,4,4.963959334552001,-16.29060053999224,31.24950796624954,E4:2025-11,E4
overall,S-geo,H,mae,8557,4,9.550999347923877,-10.769582870490353,30.466362069463333,E4:2025-11,E4
overall,S-geo,D,rmse,8557,4,4.747716784113763,-4.929091893507035,21.506862851559962,E4:2025-11,E4
overall,S-geo,D,mae,8557,4,7.448650322467387,-8.992510310962402,24.402610155110022,E4:2025-11,E4
overall,H,D,rmse,7524,4,-11.300461371120178,-17.42033464231929,-7.225288110227126,E4:2025-12,E4
overall,H,D,mae,7524,4,-7.853243600298349,-9.649963182400981,-6.5016932707694295,E4:2025-12,E4
overall,A,B,rmse,7524,4,-32.3957936917796,-34.89345597070894,-29.892141874342144,E4:2025-12,E4
overall,A,B,mae,7524,4,-21.812568445958874,-24.22017798398818,-17.572787227481,E4:2025-12,E4
overall,A,R,rmse,7524,4,-4.558711975723867,-5.11092328548736,-4.038707958179515,E4:2025-12,E4
overall,A,R,mae,7524,4,-3.8891042185117612,-4.542887298347324,-2.797452907578304,E4:2025-12,E4
overall,R,B,rmse,7524,4,-27.837081716055735,-29.782532685221582,-25.783595372574524,E4:2025-12,E4
overall,R,B,mae,7524,4,-17.923464227447113,-19.677290685640855,-14.749325909302371,E4:2025-12,E4
overall,H,A,rmse,7524,4,151.28956014207202,108.08754661229742,189.0164390331583,E4:2025-12,E4
overall,H,A,mae,7524,4,138.58147107209837,93.04915938124682,178.82746321705054,E4:2025-12,E4
overall,P-sim,P-cs,rmse,7524,4,-6.936635442626752,-13.935724578173257,-2.873968664422577,E4:2025-12,E4
overall,P-sim,P-cs,mae,7524,4,-5.866137577797204,-7.895991608680273,-4.63541594799009,E4:2025-12,E4
overall,H,C,rmse,7524,4,0.7309646978456072,-3.226869989979974,3.900669881851428,E4:2025-12,E4
overall,H,C,mae,7524,4,8.100556714744727,4.09286051363155,10.579112203063275,E4:2025-12,E4
overall,H,P-sim,rmse,7524,4,-14.219590531987322,-23.661715069527084,-7.103457271248644,E4:2025-12,E4
overall,H,P-sim,mae,7524,4,-16.69123752603177,-23.266152521324614,-10.08478816625312,E4:2025-12,E4
overall,S-geo,R,rmse,7524,4,161.05475198068257,109.3576283547495,204.3824261834369,E4:2025-12,E4
overall,S-geo,R,mae,7524,4,147.4155501330648,96.50149301395545,190.86791232496716,E4:2025-12,E4
overall,S-geo,A,rmse,7524,4,165.6134639564064,113.46617485651711,208.83918743077032,E4:2025-12,E4
overall,S-geo,A,mae,7524,4,151.30465435157657,99.34405579057777,195.25561565031273,E4:2025-12,E4
overall,S-geo,P-sim,rmse,7524,4,0.10431328234707848,-3.7099328893597914,4.333582494736348,E4:2025-12,E4
overall,S-geo,P-sim,mae,7524,4,-3.9680542465535567,-6.508589202465416,-1.9612039674285782,E4:2025-12,E4
overall,S-geo,H,rmse,7524,4,14.3239038143344,6.646069368901422,23.675644950607996,E4:2025-12,E4
overall,S-geo,H,mae,7524,4,12.723183279478214,6.399682031006641,18.083200700081477,E4:2025-12,E4
overall,S-geo,D,rmse,7524,4,3.023442443214222,-0.9201567757656335,7.369521584689004,E4:2025-12,E4
overall,S-geo,D,mae,7524,4,4.869939679179865,-0.7354036148758567,8.8848580844763,E4:2025-12,E4
overall,H,D,rmse,121954,43,3.490329876341306,1.3585287787150413,6.062564407926424,E4:pooled,E4
overall,H,D,mae,121954,43,2.1021920218399544,0.7734392049674629,3.441383920086023,E4:pooled,E4
overall,A,B,rmse,121954,43,-3.402854575171176,-6.95035080590203,-0.08490169731654056,E4:pooled,E4
overall,A,B,mae,121954,43,1.4497865026355896,-1.386535561061072,4.082706090250949,E4:pooled,E4
overall,A,R,rmse,121954,43,-0.13914612770832946,-0.6680106162890823,0.29729902447093626,E4:pooled,E4
overall,A,R,mae,121954,43,-0.13828071803558828,-0.6370452463214754,0.31646892859629355,E4:pooled,E4
overall,R,B,rmse,121954,43,-3.2637084474628466,-6.46565605308964,-0.07174273161963284,E4:pooled,E4
overall,R,B,mae,121954,43,1.588067220671178,-0.9221830767553598,3.9536213693430433,E4:pooled,E4
overall,H,A,rmse,121954,43,138.5713829126329,101.54597983774329,174.2928982239442,E4:pooled,E4
overall,H,A,mae,121954,43,80.85226874376094,49.43155900415857,111.91438410315138,E4:pooled,E4
overall,P-sim,P-cs,rmse,121954,43,4.27557682383889,2.2258343818025126,6.959496582583354,E4:pooled,E4
overall,P-sim,P-cs,mae,121954,43,3.806118368366043,2.244468050043306,5.422458083708027,E4:pooled,E4
overall,H,C,rmse,121954,43,3.629430451584355,0.38983006591385033,7.288214027910046,E4:pooled,E4
overall,H,C,mae,121954,43,4.204732755808692,0.9845800112639638,7.633459944417489,E4:pooled,E4
overall,H,P-sim,rmse,121954,43,-6.482193049247641,-11.048152474020485,-2.985762010608633,E4:pooled,E4
overall,H,P-sim,mae,121954,43,-13.170704426956036,-16.705104452055718,-9.94517941324519,E4:pooled,E4
overall,S-geo,R,rmse,121954,43,144.97092253660213,106.72586835054359,181.85179564010585,E4:pooled,E4
overall,S-geo,R,mae,121954,43,95.06958887291508,64.59411392304303,126.64227950759098,E4:pooled,E4
overall,S-geo,A,rmse,121954,43,145.11006866431046,107.36507002909957,181.74985493185852,E4:pooled,E4
overall,S-geo,A,mae,121954,43,95.20786959095066,64.73039464511062,126.9293626871799,E4:pooled,E4
overall,S-geo,P-sim,rmse,121954,43,0.05649270242992088,-1.8406169369523737,1.6482092343616044,E4:pooled,E4
overall,S-geo,P-sim,mae,121954,43,1.1848964202336845,-1.1662664217553085,3.536177675086731,E4:pooled,E4
overall,S-geo,H,rmse,121954,43,6.538685751677562,2.506299917920843,11.569797564960188,E4:pooled,E4
overall,S-geo,H,mae,121954,43,14.35560084718972,9.79250620345409,19.094392365355283,E4:pooled,E4
overall,S-geo,D,rmse,121954,43,10.029015628018868,5.3758528363628475,15.93900221240711,E4:pooled,E4
overall,S-geo,D,mae,121954,43,16.457792869029674,11.480715496346335,21.653186895447092,E4:pooled,E4
sensor:P0,H,D,rmse,13714,43,-0.6114598112285847,-1.3201574210177973,-0.01577876691139189,E4:pooled,E4
sensor:P0,H,D,mae,13714,43,-1.4748947258437823,-2.456490761031386,-0.5505822915453376,E4:pooled,E4
sensor:P0,A,B,rmse,13714,43,1.5862589055941498,1.0582095613601574,2.049552401801424,E4:pooled,E4
sensor:P0,A,B,mae,13714,43,0.37896543006220895,-0.12664572443696756,0.8405742784000387,E4:pooled,E4
sensor:P0,A,R,rmse,13714,43,1.191309979447368,0.6897316376899433,1.633614658288043,E4:pooled,E4
sensor:P0,A,R,mae,13714,43,0.23570737364750016,-0.24411628878398836,0.6566996947770696,E4:pooled,E4
sensor:P0,R,B,rmse,13714,43,0.3949489261467818,0.3182468809646373,0.46380276507970414,E4:pooled,E4
sensor:P0,R,B,mae,13714,43,0.1432580564147088,-0.01585207821275034,0.2999709639619908,E4:pooled,E4
sensor:P0,H,A,rmse,13714,43,130.5946074292699,94.0710712174776,165.4098600739006,E4:pooled,E4
sensor:P0,H,A,mae,13714,43,75.38460275846523,44.81367631082022,106.28801125275834,E4:pooled,E4
sensor:P0,P-sim,P-cs,rmse,13714,43,-0.06546605496110658,-0.4431587053580241,0.36621773569248545,E4:pooled,E4
sensor:P0,P-sim,P-cs,mae,13714,43,0.5064616119681844,0.06588881790218686,0.906537955191101,E4:pooled,E4
sensor:P0,H,C,rmse,13714,43,1.8981143157592726,-0.8941729951375287,4.8271058347460105,E4:pooled,E4
sensor:P0,H,C,mae,13714,43,2.980910458430472,-0.5465029886423978,6.618761788045031,E4:pooled,E4
sensor:P0,H,P-sim,rmse,13714,43,-6.56162479933063,-11.284531453466554,-2.9804060339563523,E4:pooled,E4
sensor:P0,H,P-sim,mae,13714,43,-14.795104111555695,-18.319576531907163,-11.496216680430067,E4:pooled,E4
sensor:P0,H,S,rmse,13714,43,-6.362375403243377,-11.469478806113841,-2.461817043332116,E4:pooled,E4
sensor:P0,H,S,mae,13714,43,-16.36691569373395,-22.396546763385782,-10.599005886579345,E4:pooled,E4
sensor:P0,S-geo,S,rmse,13714,43,0.23939926472520767,0.07062186660745695,0.44968106269259156,E4:pooled,E4
sensor:P0,S-geo,S,mae,13714,43,0.516957051589614,0.18489490810558368,0.8978227506343869,E4:pooled,E4
sensor:P0,S-geo,R,rmse,13714,43,138.38769207668582,100.59687634033948,175.17484286539215,E4:pooled,E4
sensor:P0,S-geo,R,mae,13714,43,92.5041828774363,63.632430419968614,122.43790708598331,E4:pooled,E4
sensor:P0,S-geo,A,rmse,13714,43,137.19638209723848,99.74839011037618,173.6276675709381,E4:pooled,E4
sensor:P0,S-geo,A,mae,13714,43,92.2684755037888,63.35386371588335,122.2605817076317,E4:pooled,E4
sensor:P0,S-geo,P-sim,rmse,13714,43,0.040149868637954,-2.042187794056305,1.9349189720856945,E4:pooled,E4
sensor:P0,S-geo,P-sim,mae,13714,43,2.08876863376787,-1.5075253080577797,5.817035882617398,E4:pooled,E4
sensor:P0,S-geo,H,rmse,13714,43,6.601774667968584,2.711256981110507,11.704388758092469,E4:pooled,E4
sensor:P0,S-geo,H,mae,13714,43,16.883872745323565,11.201920365073457,22.878167230858736,E4:pooled,E4
sensor:P0,S-geo,D,rmse,13714,43,5.9903148567399995,2.0791179169197216,10.979396802244027,E4:pooled,E4
sensor:P0,S-geo,D,mae,13714,43,15.408978019479783,10.260961765188483,20.793687007565893,E4:pooled,E4
sensor:P1,H,D,rmse,12324,39,0.045497899289671295,-0.6070633864083493,0.6867869920404941,E4:pooled,E4
sensor:P1,H,D,mae,12324,39,-0.31759214534635305,-1.1826138144555571,0.5155899204619685,E4:pooled,E4
sensor:P1,A,B,rmse,12324,39,2.5124157019753,1.9910770846315402,3.0303577455886135,E4:pooled,E4
sensor:P1,A,B,mae,12324,39,1.7213959519592663,1.1737239846433642,2.28514829017027,E4:pooled,E4
sensor:P1,A,R,rmse,12324,39,1.34315953770664,0.8816214268945302,1.7682647000749794,E4:pooled,E4
sensor:P1,A,R,mae,12324,39,0.40246969517244224,-0.0792384856688841,0.8400519621945419,E4:pooled,E4
sensor:P1,R,B,rmse,12324,39,1.1692561642686599,0.9957776794326726,1.3520906602336566,E4:pooled,E4
sensor:P1,R,B,mae,12324,39,1.318926256786824,0.8457990657689152,1.8004720339748412,E4:pooled,E4
sensor:P1,H,A,rmse,12324,39,140.4408478273853,102.55990391491446,175.74378931732156,E4:pooled,E4
sensor:P1,H,A,mae,12324,39,85.2831444410364,53.43029563359793,119.23662522483548,E4:pooled,E4
sensor:P1,P-sim,P-cs,rmse,12324,39,0.13330213272043068,-0.31116155602728385,0.7355203799149641,E4:pooled,E4
sensor:P1,P-sim,P-cs,mae,12324,39,0.933760696722878,0.4367094135533147,1.407555359843705,E4:pooled,E4
sensor:P1,H,C,rmse,12324,39,0.825447278698789,-2.0684052946788327,3.9482375756752415,E4:pooled,E4
sensor:P1,H,C,mae,12324,39,1.140431136540812,-2.3473819317647155,5.028282166786081,E4:pooled,E4
sensor:P1,H,P-sim,rmse,12324,39,-6.387091153842135,-11.378941842578744,-2.7234815737737694,E4:pooled,E4
sensor:P1,H,P-sim,mae,12324,39,-12.812099459987088,-16.637720632314107,-9.177071613211885,E4:pooled,E4
sensor:P1,H,S,rmse,12324,39,-5.566907538501738,-10.336108822395945,-1.890360425973691,E4:pooled,E4
sensor:P1,H,S,mae,12324,39,-11.543524993188441,-16.441485165371716,-6.69878555352397,E4:pooled,E4
sensor:P1,S-geo,S,rmse,12324,39,1.1246159536961926,0.5624520440881756,1.964436895403347,E4:pooled,E4
sensor:P1,S-geo,S,mae,12324,39,1.7741456314643642,1.1365108338834649,2.614601063076667,E4:pooled,E4
sensor:P1,S-geo,R,rmse,12324,39,148.47553085728987,110.00609783566487,184.38876078986524,E4:pooled,E4
sensor:P1,S-geo,R,mae,12324,39,99.00328476086165,68.37071323665874,130.97250368485533,E4:pooled,E4
sensor:P1,S-geo,A,rmse,12324,39,147.13237131958323,109.20266015352824,182.81684480638663,E4:pooled,E4
sensor:P1,S-geo,A,mae,12324,39,98.6008150656892,67.89818699819394,130.46672902948728,E4:pooled,E4
sensor:P1,S-geo,P-sim,rmse,12324,39,0.3044323383557952,-1.6251949289606558,2.0996565059810846,E4:pooled,E4
sensor:P1,S-geo,P-sim,mae,12324,39,0.5055711646657173,-2.31733046402595,3.5700275815998253,E4:pooled,E4
sensor:P1,S-geo,H,rmse,12324,39,6.6915234921979305,2.8855099743814505,11.713368682137546,E4:pooled,E4
sensor:P1,S-geo,H,mae,12324,39,13.317670624652806,8.23336096258908,18.79644483976106,E4:pooled,E4
sensor:P1,S-geo,D,rmse,12324,39,6.737021391487602,2.765378305179417,11.855922829079457,E4:pooled,E4
sensor:P1,S-geo,D,mae,12324,39,13.000078479306453,7.94704983063163,18.218355788561887,E4:pooled,E4
sensor:P3,H,D,rmse,13711,43,-0.27379967621426715,-0.975483584000472,0.3414944827825515,E4:pooled,E4
sensor:P3,H,D,mae,13711,43,-0.8011251216410216,-1.7422633339102587,0.03733252688130653,E4:pooled,E4
sensor:P3,A,B,rmse,13711,43,2.215292742288341,1.6798797643936212,2.686234483236504,E4:pooled,E4
sensor:P3,A,B,mae,13711,43,1.4407809107800347,0.8155995083244694,1.9801938686912608,E4:pooled,E4
sensor:P3,A,R,rmse,13711,43,1.5466093882894825,1.0340396920428199,2.001471352561011,E4:pooled,E4
sensor:P3,A,R,mae,13711,43,0.3761121475866105,-0.1403095603607305,0.8291255534516648,E4:pooled,E4
sensor:P3,R,B,rmse,13711,43,0.6686833539988584,0.5978874428612876,0.7381293024375452,E4:pooled,E4
sensor:P3,R,B,mae,13711,43,1.0646687631934242,0.8462296281981082,1.2814500724794313,E4:pooled,E4
sensor:P3,H,A,rmse,13711,43,131.25923918247875,94.5802324373799,166.14740028668317,E4:pooled,E4
sensor:P3,H,A,mae,13711,43,76.00247895778624,45.39093851935222,106.89860377597545,E4:pooled,E4
sensor:P3,P-sim,P-cs,rmse,13711,43,0.13874100022133007,-0.2897759616906527,0.6198069823861878,E4:pooled,E4
sensor:P3,P-sim,P-cs,mae,13711,43,0.6844559512220556,0.19740051052982518,1.1171890852271316,E4:pooled,E4
sensor:P3,H,C,rmse,13711,43,1.3831087526892958,-1.3617094922319162,4.333518372663277,E4:pooled,E4
sensor:P3,H,C,mae,13711,43,2.9595903616581865,-0.37939362311464075,6.4890255802119094,E4:pooled,E4
sensor:P3,H,P-sim,rmse,13711,43,-6.235376650251467,-10.97873929314961,-2.654009730469258,E4:pooled,E4
sensor:P3,H,P-sim,mae,13711,43,-13.63748469225682,-17.163190195526305,-10.28509981291554,E4:pooled,E4
sensor:P3,H,S,rmse,13711,43,-5.096537650720151,-10.077688628777258,-1.1596518120512862,E4:pooled,E4
sensor:P3,H,S,mae,13711,43,-13.291035145072442,-18.635193073663466,-8.328869896544425,E4:pooled,E4
sensor:P3,S-geo,S,rmse,13711,43,0.8042889099634323,0.5102122906375562,1.2107320709462503,E4:pooled,E4
sensor:P3,S-geo,S,mae,13711,43,1.4723456480100836,1.0162169442966733,2.0004580646135577,E4:pooled,E4
sensor:P3,S-geo,R,rmse,13711,43,138.70667513145182,100.58960050658833,175.35073639570334,E4:pooled,E4
sensor:P3,S-geo,R,mae,13711,43,91.14197189845538,62.328458037029925,121.56043292876097,E4:pooled,E4
sensor:P3,S-geo,A,rmse,13711,43,137.16006574316233,99.41154018305114,173.54724196316613,E4:pooled,E4
sensor:P3,S-geo,A,mae,13711,43,90.76585975086877,62.00670844158277,120.9825560399069,E4:pooled,E4
sensor:P3,S-geo,P-sim,rmse,13711,43,-0.3345500895678839,-2.3510842760579997,1.5630506978411645,E4:pooled,E4
sensor:P3,S-geo,P-sim,mae,13711,43,1.125896100825706,-1.7361307520580385,4.17925226307293,E4:pooled,E4
sensor:P3,S-geo,H,rmse,13711,43,5.9008265606835835,1.8862059079322768,10.983545579159209,E4:pooled,E4
sensor:P3,S-geo,H,mae,13711,43,14.763380793082526,9.832096618745533,20.23756704205198,E4:pooled,E4
sensor:P3,S-geo,D,rmse,13711,43,5.627026884469316,1.557411159838614,10.716197834454231,E4:pooled,E4
sensor:P3,S-geo,D,mae,13711,43,13.962255671441504,9.407507221000063,18.99841852892346,E4:pooled,E4
sensor:P4,H,D,rmse,13695,43,0.37789385265298847,-0.21509554244507462,0.9530849593362318,E4:pooled,E4
sensor:P4,H,D,mae,13695,43,0.2479243932434585,-0.5138678891469702,0.9220676717489787,E4:pooled,E4
sensor:P4,A,B,rmse,13695,43,1.7747819449060387,1.3064709452825602,2.2058504612445486,E4:pooled,E4
sensor:P4,A,B,mae,13695,43,1.175991379721438,0.660839393806959,1.646396446731691,E4:pooled,E4
sensor:P4,A,R,rmse,13695,43,1.4117599744568565,0.955731991666147,1.8272212567896426,E4:pooled,E4
sensor:P4,A,R,mae,13695,43,0.8907282743835196,0.38238356417679464,1.3573572155903055,E4:pooled,E4
sensor:P4,R,B,rmse,13695,43,0.36302197044918216,0.310631048468197,0.41209826053913257,E4:pooled,E4
sensor:P4,R,B,mae,13695,43,0.28526310533791843,0.18434082002665733,0.38312574676129213,E4:pooled,E4
sensor:P4,H,A,rmse,13695,43,135.76585171087197,99.66628152074996,169.9480013051327,E4:pooled,E4
sensor:P4,H,A,mae,13695,43,81.3276469695509,51.53349146160467,111.25896233444327,E4:pooled,E4
sensor:P4,P-sim,P-cs,rmse,13695,43,0.45131396358065956,0.02206872813823253,0.9621969475157518,E4:pooled,E4
sensor:P4,P-sim,P-cs,mae,13695,43,1.1791653609399049,0.6815633980245538,1.6454029585795764,E4:pooled,E4
sensor:P4,H,C,rmse,13695,43,1.1087227529773145,-1.7359168982916038,4.3293936977133916,E4:pooled,E4
sensor:P4,H,C,mae,13695,43,2.173361096220127,-1.24830754190408,5.930339082331569,E4:pooled,E4
sensor:P4,H,P-sim,rmse,13695,43,-4.314414116830619,-8.668118401838102,-1.08065082171611,E4:pooled,E4
sensor:P4,H,P-sim,mae,13695,43,-10.166027273564737,-14.090968472522047,-6.457460128111598,E4:pooled,E4
sensor:P4,H,S,rmse,13695,43,-0.961438684038086,-5.205009806198323,2.8591849122854343,E4:pooled,E4
sensor:P4,H,S,mae,13695,43,-4.760652427994316,-9.225984257592554,-0.15941784893756591,E4:pooled,E4
sensor:P4,S-geo,S,rmse,13695,43,0.49542642194874986,0.2625707544283575,0.808824089642507,E4:pooled,E4
sensor:P4,S-geo,S,mae,13695,43,1.028809509273458,0.6447877948445301,1.4684362369550519,E4:pooled,E4
sensor:P4,S-geo,R,rmse,13695,43,138.63447679131565,100.54331823735237,175.44431595457326,E4:pooled,E4
sensor:P4,S-geo,R,mae,13695,43,88.0078371812022,58.31339111429594,119.54638795204998,E4:pooled,E4
sensor:P4,S-geo,A,rmse,13695,43,137.2227168168588,99.51683242029182,173.6870141088806,E4:pooled,E4
sensor:P4,S-geo,A,mae,13695,43,87.11710890681869,57.560330688383836,118.54624279322712,E4:pooled,E4
sensor:P4,S-geo,P-sim,rmse,13695,43,-2.8575490108437833,-5.292577417496232,-1.0972419057799743,E4:pooled,E4
sensor:P4,S-geo,P-sim,mae,13695,43,-4.376565336296963,-7.382663449215946,-1.7845123554298399,E4:pooled,E4
sensor:P4,S-geo,H,rmse,13695,43,1.4568651059868358,-2.2915366556375893,5.729142474518056,E4:pooled,E4
sensor:P4,S-geo,H,mae,13695,43,5.789461937267774,1.3187457046979638,10.146029157507222,E4:pooled,E4
sensor:P4,S-geo,D,rmse,13695,43,1.8347589586398243,-2.217105816794822,6.338336872137504,E4:pooled,E4
sensor:P4,S-geo,D,mae,13695,43,6.037386330511232,1.5086511262078535,10.291448805016572,E4:pooled,E4
sensor:P5,H,D,rmse,13713,43,0.012573979374010946,-0.5762876937754434,0.5770067354665885,E4:pooled,E4
sensor:P5,H,D,mae,13713,43,-0.3682242550933523,-1.224621032374408,0.38617570399137785,E4:pooled,E4
sensor:P5,A,B,rmse,13713,43,3.113950743669193,2.554502050356741,3.6272857996034915,E4:pooled,E4
sensor:P5,A,B,mae,13713,43,3.2125039033915357,2.4219697709530204,3.956472567395245,E4:pooled,E4
sensor:P5,A,R,rmse,13713,43,1.535494119271732,1.1199804451184001,1.9222835823475048,E4:pooled,E4
sensor:P5,A,R,mae,13713,43,0.8978459268732593,0.42061768727171367,1.3137185174386194,E4:pooled,E4
sensor:P5,R,B,rmse,13713,43,1.578456624397461,1.3463536943424153,1.828199779511166,E4:pooled,E4
sensor:P5,R,B,mae,13713,43,2.3146579765182764,1.6971332545768156,3.0344314480075205,E4:pooled,E4
sensor:P5,H,A,rmse,13713,43,131.00333456978183,94.90054858417597,165.20252562497086,E4:pooled,E4
sensor:P5,H,A,mae,13713,43,75.88764364765046,45.746723502957,106.16634877967829,E4:pooled,E4
sensor:P5,P-sim,P-cs,rmse,13713,43,0.3845338562024807,-0.15196934953204141,1.0060285609997572,E4:pooled,E4
sensor:P5,P-sim,P-cs,mae,13713,43,0.9664104496046662,0.3497392705116372,1.5494424368128785,E4:pooled,E4
sensor:P5,H,C,rmse,13713,43,0.7891587491119623,-1.928812579151129,3.7379607498837975,E4:pooled,E4
sensor:P5,H,C,mae,13713,43,1.035331684670723,-2.1610368331391614,4.733194943578014,E4:pooled,E4
sensor:P5,H,P-sim,rmse,13713,43,-5.6673965709751,-10.267348610801799,-2.156272242726105,E4:pooled,E4
sensor:P5,H,P-sim,mae,13713,43,-12.905341631996244,-16.622700534840362,-9.481865740199432,E4:pooled,E4
sensor:P5,H,S,rmse,13713,43,-3.574126412084823,-8.100474247653272,0.14375040180818754,E4:pooled,E4
sensor:P5,H,S,mae,13713,43,-10.200390410624486,-14.82747958329811,-5.865118249512447,E4:pooled,E4
sensor:P5,S-geo,S,rmse,13713,43,1.5568343436499532,1.0046486161888168,2.343508232734497,E4:pooled,E4
sensor:P5,S-geo,S,mae,13713,43,2.226175022316937,1.5075704310081572,3.0554732385709715,E4:pooled,E4
sensor:P5,S-geo,R,rmse,13713,43,137.66978944478834,100.04914145316829,173.7856394720347,E4:pooled,E4
sensor:P5,S-geo,R,mae,13713,43,89.21205500746515,60.272516408299154,119.66779216319537,E4:pooled,E4
sensor:P5,S-geo,A,rmse,13713,43,136.1342953255166,98.8592198585178,172.1213745317435,E4:pooled,E4
sensor:P5,S-geo,A,mae,13713,43,88.3142090805919,59.36988436375888,118.81399795193055,E4:pooled,E4
sensor:P5,S-geo,P-sim,rmse,13713,43,-0.5364358152403241,-2.5490850112483114,1.1311384881482767,E4:pooled,E4
sensor:P5,S-geo,P-sim,mae,13713,43,-0.4787761990548205,-2.7257855293599142,1.7535123278300686,E4:pooled,E4
sensor:P5,S-geo,H,rmse,13713,43,5.130960755734776,1.4311628453174716,9.82629330849942,E4:pooled,E4
sensor:P5,S-geo,H,mae,13713,43,12.426565432941423,8.10813657222377,16.96922726484927,E4:pooled,E4
sensor:P5,S-geo,D,rmse,13713,43,5.143534735108787,1.200632766232958,9.925397868727403,E4:pooled,E4
sensor:P5,S-geo,D,mae,13713,43,12.058341177848071,7.8703440165835135,16.498466245234543,E4:pooled,E4
sensor:P6,H,D,rmse,13706,43,-0.03759153525692227,-0.6452070784108503,0.5229536980311122,E4:pooled,E4
sensor:P6,H,D,mae,13706,43,-0.4611307164097269,-1.236619889628982,0.21958364200650657,E4:pooled,E4
sensor:P6,A,B,rmse,13706,43,1.6697874753035364,1.183516519766227,2.1071838172496027,E4:pooled,E4
sensor:P6,A,B,mae,13706,43,0.9792422647765875,0.4745379051817206,1.4126124963455742,E4:pooled,E4
sensor:P6,A,R,rmse,13706,43,1.181817922127891,0.714277614868481,1.5974685661070502,E4:pooled,E4
sensor:P6,A,R,mae,13706,43,0.7083188914562584,0.22808953552065886,1.1366376091186035,E4:pooled,E4
sensor:P6,R,B,rmse,13706,43,0.4879695531756454,0.41057155318514094,0.5597622442786729,E4:pooled,E4
sensor:P6,R,B,mae,13706,43,0.2709233733203291,0.11151007285549283,0.4268459940242861,E4:pooled,E4
sensor:P6,H,A,rmse,13706,43,132.30651315976732,96.0328667741354,166.79353316277243,E4:pooled,E4
sensor:P6,H,A,mae,13706,43,77.26664825368267,46.94817703570664,107.65714228147321,E4:pooled,E4
sensor:P6,P-sim,P-cs,rmse,13706,43,0.25489254721279053,-0.14991308685585877,0.7266649988359292,E4:pooled,E4
sensor:P6,P-sim,P-cs,mae,13706,43,1.0206139881136167,0.541999206141789,1.472077084987397,E4:pooled,E4
sensor:P6,H,C,rmse,13706,43,0.17770421821718685,-2.589612491911759,3.1194802867166262,E4:pooled,E4
sensor:P6,H,C,mae,13706,43,0.5344884529490344,-2.7567940921135743,4.153340471472106,E4:pooled,E4
sensor:P6,H,P-sim,rmse,13706,43,-5.409730378120841,-10.014733951336748,-1.9701489760601538,E4:pooled,E4
sensor:P6,H,P-sim,mae,13706,43,-12.777491126900145,-16.468567474045997,-9.420164904289543,E4:pooled,E4
sensor:P6,H,S,rmse,13706,43,-4.05763760102495,-8.69726210044177,-0.3963991817137594,E4:pooled,E4
sensor:P6,H,S,mae,13706,43,-11.238188669341675,-15.729518431011059,-6.866177050638,E4:pooled,E4
sensor:P6,S-geo,S,rmse,13706,43,0.3876067233417615,0.1819662513696972,0.6475684868504364,E4:pooled,E4
sensor:P6,S-geo,S,mae,13706,43,0.6591208041684951,0.29455102566048036,1.0834918986514976,E4:pooled,E4
sensor:P6,S-geo,R,rmse,13706,43,137.93357540626192,99.97715175700051,174.57786248696056,E4:pooled,E4
sensor:P6,S-geo,R,mae,13706,43,89.8722766186491,60.83404391016935,120.62927792730042,E4:pooled,E4
sensor:P6,S-geo,A,rmse,13706,43,136.75175748413403,99.31372061210469,173.01753804603428,E4:pooled,E4
sensor:P6,S-geo,A,mae,13706,43,89.16395772719284,59.91654627739778,119.9341903453452,E4:pooled,E4
sensor:P6,S-geo,P-sim,rmse,13706,43,-0.9644860537541291,-2.960243948367003,0.638300879663277,E4:pooled,E4
sensor:P6,S-geo,P-sim,mae,13706,43,-0.8801816533899753,-3.3149239086046474,1.422069827439484,E4:pooled,E4
sensor:P6,S-geo,H,rmse,13706,43,4.445244324366712,0.7701862560629025,9.12359344451172,E4:pooled,E4
sensor:P6,S-geo,H,mae,13706,43,11.89730947351017,7.562732030148809,16.290802743230866,E4:pooled,E4
sensor:P6,S-geo,D,rmse,13706,43,4.40765278910979,0.5928512073672394,9.173970969273823,E4:pooled,E4
sensor:P6,S-geo,D,mae,13706,43,11.436178757100443,7.147951795120056,15.807465279354433,E4:pooled,E4
sensor:P7,H,D,rmse,13693,43,0.13452194032980458,-0.4253412841809062,0.6740751416440827,E4:pooled,E4
sensor:P7,H,D,mae,13693,43,-0.4168940151157585,-1.2455606529335437,0.342048748057638,E4:pooled,E4
sensor:P7,A,B,rmse,13693,43,2.967339209156478,2.4665462436392955,3.424967713377062,E4:pooled,E4
sensor:P7,A,B,mae,13693,43,3.1172784257455817,2.4883613624187233,3.730586275480866,E4:pooled,E4
sensor:P7,A,R,rmse,13693,43,1.4343335706545588,0.9566899925248329,1.8865096369738414,E4:pooled,E4
sensor:P7,A,R,mae,13693,43,0.72304500004185,0.2289455181016134,1.161058424581801,E4:pooled,E4
sensor:P7,R,B,rmse,13693,43,1.533005638501919,1.3651365098758348,1.7208297908584937,E4:pooled,E4
sensor:P7,R,B,mae,13693,43,2.3942334257037317,1.9718098016233863,2.833180237961244,E4:pooled,E4
sensor:P7,H,A,rmse,13693,43,132.01857499297978,95.66622350926977,166.53964226114033,E4:pooled,E4
sensor:P7,H,A,mae,13693,43,76.16262054542932,45.85699267375187,106.7381664399599,E4:pooled,E4
sensor:P7,P-sim,P-cs,rmse,13693,43,0.5232660092560906,0.014716586698399328,1.1292433970178772,E4:pooled,E4
sensor:P7,P-sim,P-cs,mae,13693,43,1.3138255625501216,0.7508798582383049,1.8841465805873552,E4:pooled,E4
sensor:P7,H,C,rmse,13693,43,2.3400923099914763,-0.3554820815361651,5.265496476402664,E4:pooled,E4
sensor:P7,H,C,mae,13693,43,3.365211603842468,0.231027351890447,6.861252409890544,E4:pooled,E4
sensor:P7,H,P-sim,rmse,13693,43,-5.78166491630563,-10.37275729681841,-2.3264574929251047,E4:pooled,E4
sensor:P7,H,P-sim,mae,13693,43,-13.067806591825281,-16.600902298882772,-9.718402967630864,E4:pooled,E4
sensor:P7,H,S,rmse,13693,43,-3.112445804626873,-7.51241179394506,0.6732007990088777,E4:pooled,E4
sensor:P7,H,S,mae,13693,43,-10.573428077073565,-15.472984110472439,-5.661783850938271,E4:pooled,E4
sensor:P7,S-geo,S,rmse,13693,43,1.9791360469240828,1.3428008036740255,2.9079566346461663,E4:pooled,E4
sensor:P7,S-geo,S,mae,13693,43,3.1892430298346923,2.4133737575108745,4.1310862551710015,E4:pooled,E4
sensor:P7,S-geo,R,rmse,13693,43,138.5444904151853,100.22028911563767,175.032011131416,E4:pooled,E4
sensor:P7,S-geo,R,mae,13693,43,90.64833665237943,61.76676695634078,121.37303594573726,E4:pooled,E4
sensor:P7,S-geo,A,rmse,13693,43,137.1101568445307,99.2674555286721,173.17861487688586,E4:pooled,E4
sensor:P7,S-geo,A,mae,13693,43,89.92529165233758,61.24935467017091,120.56171076860417,E4:pooled,E4
sensor:P7,S-geo,P-sim,rmse,13693,43,-0.6900830647546741,-2.7205429568635173,0.9922777866476336,E4:pooled,E4
sensor:P7,S-geo,P-sim,mae,13693,43,0.6948645150829762,-2.2202512642244074,3.5262685096648734,E4:pooled,E4
sensor:P7,S-geo,H,rmse,13693,43,5.091581851550956,1.2404720661715956,10.01508074813483,E4:pooled,E4
sensor:P7,S-geo,H,mae,13693,43,13.762671106908257,8.8512499921142,18.791883336510555,E4:pooled,E4
sensor:P7,S-geo,D,rmse,13693,43,5.22610379188076,1.2193951470292697,10.225531780851894,E4:pooled,E4
sensor:P7,S-geo,D,mae,13693,43,13.345777091792499,8.588035556814361,18.23813227620522,E4:pooled,E4
sensor:P8,H,D,rmse,13687,43,-0.40965110482386535,-1.068720035220028,0.1504778217252339,E4:pooled,E4
sensor:P8,H,D,mae,13687,43,-1.0747487962532318,-1.9060493310599562,-0.28554370407104496,E4:pooled,E4
sensor:P8,A,B,rmse,13687,43,1.4428733579912603,0.943531921707379,1.8876074422406475,E4:pooled,E4
sensor:P8,A,B,mae,13687,43,0.42266339100751793,-0.049187119758503074,0.8327593089956786,E4:pooled,E4
sensor:P8,A,R,rmse,13687,43,1.1551387938554,0.6658450715455814,1.597835461773097,E4:pooled,E4
sensor:P8,A,R,mae,13687,43,0.27743523237754175,-0.17613129615140152,0.6928740994410783,E4:pooled,E4
sensor:P8,R,B,rmse,13687,43,0.2877345641358602,0.23563159566307662,0.3370001727111301,E4:pooled,E4
sensor:P8,R,B,mae,13687,43,0.14522815862997618,0.03008964391878486,0.25314054448948076,E4:pooled,E4
sensor:P8,H,A,rmse,13687,43,131.54417907624682,95.10623839732403,166.20266107089816,E4:pooled,E4
sensor:P8,H,A,mae,13687,43,76.11129978976385,45.416476690890335,106.97956293358017,E4:pooled,E4
sensor:P8,P-sim,P-cs,rmse,13687,43,-0.007329101138523697,-0.3722155906360804,0.4238681857763706,E4:pooled,E4
sensor:P8,P-sim,P-cs,mae,13687,43,0.5480898495324951,0.14694094560793475,0.9056572410285986,E4:pooled,E4
sensor:P8,H,C,rmse,13687,43,1.6082172441875002,-1.068046511862309,4.54094185013441,E4:pooled,E4
sensor:P8,H,C,mae,13687,43,3.0104911613209993,-0.2412607575213261,6.480988156532703,E4:pooled,E4
sensor:P8,H,P-sim,rmse,13687,43,-6.041893600028274,-10.724185047027035,-2.5285941965137377,E4:pooled,E4
sensor:P8,H,P-sim,mae,13687,43,-13.770243150060367,-17.37801811706581,-10.377499708450614,E4:pooled,E4
sensor:P8,H,S,rmse,13687,43,-5.34469410879133,-10.311607370481296,-1.48625968151607,E4:pooled,E4
sensor:P8,H,S,mae,13687,43,-13.933902399682133,-19.14281341996556,-9.052881911557607,E4:pooled,E4
sensor:P8,S-geo,S,rmse,13687,43,0.23203571249722188,0.0693828026733243,0.4402795211239571,E4:pooled,E4
sensor:P8,S-geo,S,mae,13687,43,0.6161645787779051,0.27171784785450387,1.011245141886579,E4:pooled,E4
sensor:P8,S-geo,R,rmse,13687,43,138.27604769139077,100.25700289442771,174.8391869540641,E4:pooled,E4
sensor:P8,S-geo,R,mae,13687,43,90.93880200060143,62.12601088668768,121.19382105630218,E4:pooled,E4
sensor:P8,S-geo,A,rmse,13687,43,137.12090889753537,99.41794281360099,173.33094979111186,E4:pooled,E4
sensor:P8,S-geo,A,mae,13687,43,90.66136676822389,61.720739630917336,120.94060626695676,E4:pooled,E4
sensor:P8,S-geo,P-sim,rmse,13687,43,-0.46516377873972203,-2.538494623238429,1.3360452374573328,E4:pooled,E4
sensor:P8,S-geo,P-sim,mae,13687,43,0.779823828399671,-2.272166003354032,3.824902156162909,E4:pooled,E4
sensor:P8,S-geo,H,rmse,13687,43,5.576729821288552,1.7437825079779141,10.516407140318474,E4:pooled,E4
sensor:P8,S-geo,H,mae,13687,43,14.550066978460038,9.662930472045755,19.87364812854061,E4:pooled,E4
sensor:P8,S-geo,D,rmse,13687,43,5.167078716464687,1.2430503916931133,10.151332725452754,E4:pooled,E4
sensor:P8,S-geo,D,mae,13687,43,13.475318182206806,8.808777296986937,18.37842366890309,E4:pooled,E4
sensor:Pinc,H,D,rmse,13711,43,24.975850471944142,9.365565809975807,42.19391745620315,E4:pooled,E4
sensor:Pinc,H,D,mae,13711,43,23.33080541250058,8.889248322720292,38.58226681124159,E4:pooled,E4
sensor:Pinc,A,B,rmse,13711,43,-40.61677818199868,-66.94532558864013,-13.25619968840444,E4:pooled,E4
sensor:Pinc,A,B,mae,13711,43,0.6266100711066827,-25.711212107702693,24.510017647262313,E4:pooled,E4
sensor:Pinc,A,R,rmse,13711,43,-9.54868331883074,-11.327450984143239,-7.6616115704784615,E4:pooled,E4
sensor:Pinc,A,R,mae,13711,43,-5.698351880876572,-8.623072925151149,-2.673678341369615,E4:pooled,E4
sensor:Pinc,R,B,rmse,13711,43,-31.068094863167943,-55.744465380345346,-5.480748148737658,E4:pooled,E4
sensor:Pinc,R,B,mae,13711,43,6.324961951983255,-17.504070422402147,28.080389641699522,E4:pooled,E4
sensor:Pinc,H,A,rmse,13711,43,176.63708130632423,131.31194048021285,218.22364008950132,E4:pooled,E4
sensor:Pinc,H,A,mae,13711,43,104.67927154556308,66.33657229737642,143.558495793425,E4:pooled,E4
sensor:Pinc,P-sim,P-cs,rmse,13711,43,28.84560793099945,15.719958401190365,44.280095503101045,E4:pooled,E4
sensor:Pinc,P-sim,P-cs,mae,13711,43,26.79979519673418,13.252934338600744,41.387285200045675,E4:pooled,E4
sensor:Pinc,H,C,rmse,13711,43,18.18673107189437,4.059550394277315,33.83102200712541,E4:pooled,E4
sensor:Pinc,H,C,mae,13711,43,20.326623757741572,6.854892667178857,34.2946448059017,E4:pooled,E4
sensor:Pinc,H,P-sim,rmse,13711,43,-11.141951670665179,-16.691758942829097,-6.60851341274004,E4:pooled,E4
sensor:Pinc,H,P-sim,mae,13711,43,-14.565413404247892,-19.203543652232465,-10.416940708838844,E4:pooled,E4
sensor:Pinc,S-geo,R,rmse,13711,43,183.606488501974,135.94770794753182,230.20782933371387,E4:pooled,E4
sensor:Pinc,S-geo,R,mae,13711,43,124.67372902934409,84.00980465532017,167.31631336632816,E4:pooled,E4
sensor:Pinc,S-geo,A,rmse,13711,43,193.15517182080475,143.74915862075497,241.33184261376925,E4:pooled,E4
sensor:Pinc,S-geo,A,mae,13711,43,130.37208091022066,87.27534870086161,176.07884543095352,E4:pooled,E4
sensor:Pinc,S-geo,P-sim,rmse,13711,43,5.376138843815326,1.4013658123487542,10.628719860401857,E4:pooled,E4
sensor:Pinc,S-geo,P-sim,mae,13711,43,11.127395960409686,6.426886217561612,16.885819732522947,E4:pooled,E4
sensor:Pinc,S-geo,H,rmse,13711,43,16.518090514480505,8.438408122356622,26.279034933625237,E4:pooled,E4
sensor:Pinc,S-geo,H,mae,13711,43,25.692809364657577,17.89819704353945,34.672293410255755,E4:pooled,E4
sensor:Pinc,S-geo,D,rmse,13711,43,41.49394098642465,26.239315759944333,59.97656285941903,E4:pooled,E4
sensor:Pinc,S-geo,D,mae,13711,43,49.02361477715816,36.6779650521786,63.4053969572193,E4:pooled,E4
sky:sunny,H,D,rmse,36800,12,12.071015349235417,6.988313930745352,17.3084468883163,E4:pooled,E4
sky:sunny,H,D,mae,36800,12,5.029268153949218,3.406894376790497,6.710944411932171,E4:pooled,E4
sky:sunny,A,B,rmse,36800,12,16.89937534714803,11.49590682214295,24.02631151213115,E4:pooled,E4
sky:sunny,A,B,mae,36800,12,9.183199425223709,7.93645636242349,10.754561969882687,E4:pooled,E4
sky:sunny,A,R,rmse,36800,12,0.3490002690803209,-0.41732066275573826,1.2707616986851862,E4:pooled,E4
sky:sunny,A,R,mae,36800,12,0.600187448660698,-0.06447884877885857,1.3254578609516687,E4:pooled,E4
sky:sunny,R,B,rmse,36800,12,16.55037507806771,11.622093780920705,22.85808680330297,E4:pooled,E4
sky:sunny,R,B,mae,36800,12,8.58301197656301,7.487637433498206,9.879753332938934,E4:pooled,E4
sky:sunny,H,A,rmse,36800,12,-10.791966480762454,-22.362996833960686,0.07326080150398721,E4:pooled,E4
sky:sunny,H,A,mae,36800,12,-14.511278448702488,-21.191932389097055,-7.471801976400828,E4:pooled,E4
sky:sunny,P-sim,P-cs,rmse,36800,12,18.073153391669784,12.483293311197794,24.46070395379913,E4:pooled,E4
sky:sunny,P-sim,P-cs,mae,36800,12,9.105247550284918,7.778767154964864,10.732967174154433,E4:pooled,E4
sky:sunny,H,C,rmse,36800,12,14.551097364666283,9.24804667846704,19.67251531353919,E4:pooled,E4
sky:sunny,H,C,mae,36800,12,7.2913646609097995,2.062889004902095,12.717807172990197,E4:pooled,E4
sky:sunny,H,P-sim,rmse,36800,12,-15.483507657071456,-22.920513687305085,-7.725117780137943,E4:pooled,E4
sky:sunny,H,P-sim,mae,36800,12,-15.953097851260967,-21.703659719789986,-10.150808645534795,E4:pooled,E4
sky:sunny,S-geo,R,rmse,36800,12,7.369772191420907,2.7841509074929673,11.19454165463394,E4:pooled,E4
sky:sunny,S-geo,R,mae,36800,12,7.51792477270239,2.103010224061346,12.517803366484609,E4:pooled,E4
sky:sunny,S-geo,A,rmse,36800,12,7.020771922340586,2.2035764368520248,10.547256127821473,E4:pooled,E4
sky:sunny,S-geo,A,mae,36800,12,6.917737324041692,1.0153520644725618,11.91869072352445,E4:pooled,E4
sky:sunny,S-geo,P-sim,rmse,36800,12,2.329230746031584,-2.2437948142458892,7.788864754463911,E4:pooled,E4
sky:sunny,S-geo,P-sim,mae,36800,12,5.475917921483212,-0.5904287133535611,10.92840062900219,E4:pooled,E4
sky:sunny,S-geo,H,rmse,36800,12,17.81273840310304,7.090609540422059,30.374361673738136,E4:pooled,E4
sky:sunny,S-geo,H,mae,36800,12,21.42901577274418,12.21055560814571,30.93075341206997,E4:pooled,E4
sky:sunny,S-geo,D,rmse,36800,12,29.883753752338457,15.931573900202302,45.453423564365615,E4:pooled,E4
sky:sunny,S-geo,D,mae,36800,12,26.458283926693397,17.146132966639566,36.40824966005948,E4:pooled,E4
sky:mixed,H,D,rmse,49294,16,5.281729483199825,2.674508298181041,8.883743961099224,E4:pooled,E4
sky:mixed,H,D,mae,49294,16,4.068630568315129,2.7577273646963745,5.646897676053654,E4:pooled,E4
sky:mixed,A,B,rmse,49294,16,3.676370084979027,1.226703905231794,6.291037435294345,E4:pooled,E4
sky:mixed,A,B,mae,49294,16,5.220628130406709,3.2161919189785793,7.027163537437977,E4:pooled,E4
sky:mixed,A,R,rmse,49294,16,0.20878259216948436,-0.04316368579232161,0.4491756904179297,E4:pooled,E4
sky:mixed,A,R,mae,49294,16,0.24140198535286572,-0.2923529355243474,0.7925681536020261,E4:pooled,E4
sky:mixed,R,B,rmse,49294,16,3.4675874928095425,1.0418121677898882,6.091501745784089,E4:pooled,E4
sky:mixed,R,B,mae,49294,16,4.979226145053843,3.2150735145213636,6.513228969808878,E4:pooled,E4
sky:mixed,H,A,rmse,49294,16,108.92241738738147,66.0178564054682,147.61642942022257,E4:pooled,E4
sky:mixed,H,A,mae,49294,16,56.121199453591714,30.007134451146833,85.44883817119799,E4:pooled,E4
sky:mixed,P-sim,P-cs,rmse,49294,16,4.759727121945616,2.006610883540259,8.393343229362088,E4:pooled,E4
sky:mixed,P-sim,P-cs,mae,49294,16,4.450127729045121,2.996172760625527,6.179783364629581,E4:pooled,E4
sky:mixed,H,C,rmse,49294,16,2.5726667920932016,-2.252242231803723,7.409950123031062,E4:pooled,E4
sky:mixed,H,C,mae,49294,16,2.9028242257602415,-1.6613695692509907,8.038576507754104,E4:pooled,E4
sky:mixed,H,P-sim,rmse,49294,16,-4.55327963137637,-10.877897477565597,0.26094616015907063,E4:pooled,E4
sky:mixed,H,P-sim,mae,49294,16,-10.691086607032204,-16.542594052555703,-5.608114916038289,E4:pooled,E4
sky:mixed,S-geo,R,rmse,49294,16,113.28183440054377,67.23403100153942,156.0464183268922,E4:pooled,E4
sky:mixed,S-geo,R,mae,49294,16,68.85459122945889,39.87035509718758,100.84012136482751,E4:pooled,E4
sky:mixed,S-geo,A,rmse,49294,16,113.07305180837429,67.22944025799472,155.7955047960552,E4:pooled,E4
sky:mixed,S-geo,A,mae,49294,16,68.61318924410602,39.55358373009265,100.96890324175669,E4:pooled,E4
sky:mixed,S-geo,P-sim,rmse,49294,16,-0.40264521038355383,-3.758732269264224,2.413343848653961,E4:pooled,E4
sky:mixed,S-geo,P-sim,mae,49294,16,1.8009031834821059,-1.3766293488667145,4.991734094034138,E4:pooled,E4
sky:mixed,S-geo,H,rmse,49294,16,4.150634420992816,-1.9543683154729676,11.542731842655153,E4:pooled,E4
sky:mixed,S-geo,H,mae,49294,16,12.49198979051431,5.842681465036202,19.96503579510621,E4:pooled,E4
sky:mixed,S-geo,D,rmse,49294,16,9.432363904192641,2.5598285413034345,18.5144993761025,E4:pooled,E4
sky:mixed,S-geo,D,mae,49294,16,16.56062035882944,9.480960976879862,24.68194022273573,E4:pooled,E4
sky:cloudy,H,D,rmse,15754,6,-1.3545229875668525,-3.8564696025751317,0.6254654309674911,E4:pooled,E4
sky:cloudy,H,D,mae,15754,6,-1.9329244726906012,-4.147364523188742,0.3573830389499334,E4:pooled,E4
sky:cloudy,A,B,rmse,15754,6,-7.8701724377802975,-15.49235273735658,-3.2797619127808275,E4:pooled,E4
sky:cloudy,A,B,mae,15754,6,-6.188897578339777,-11.102069851608633,-1.7296161263699332,E4:pooled,E4
sky:cloudy,A,R,rmse,15754,6,0.1750039285388425,-1.3598634337963915,0.9967507088445018,E4:pooled,E4
sky:cloudy,A,R,mae,15754,6,-0.38483879645013985,-1.6122627295156917,0.5713335260897452,E4:pooled,E4
sky:cloudy,R,B,rmse,15754,6,-8.04517636631914,-14.185586911889857,-4.073159976725263,E4:pooled,E4
sky:cloudy,R,B,mae,15754,6,-5.804058781889637,-9.489807122092941,-2.163926104876209,E4:pooled,E4
sky:cloudy,H,A,rmse,15754,6,214.54553973193003,142.3355298724481,268.8765825922367,E4:pooled,E4
sky:cloudy,H,A,mae,15754,6,176.5378535228695,116.6429173322339,226.84009574558968,E4:pooled,E4
sky:cloudy,P-sim,P-cs,rmse,15754,6,-0.13514884753337242,-0.9147162551977317,0.42520586444112496,E4:pooled,E4
sky:cloudy,P-sim,P-cs,mae,15754,6,-1.225154942539021,-3.183192113517478,0.7885741110914921,E4:pooled,E4
sky:cloudy,H,C,rmse,15754,6,4.512970055471214,-5.758815171531538,12.829212113831233,E4:pooled,E4
sky:cloudy,H,C,mae,15754,6,1.8361024923697613,-6.069374148464114,9.692554472645412,E4:pooled,E4
sky:cloudy,H,P-sim,rmse,15754,6,-1.425900896815108,-6.198610322798018,2.5565065965048537,E4:pooled,E4
sky:cloudy,H,P-sim,mae,15754,6,-5.505293189957911,-7.8017109631317965,-2.9411093478331765,E4:pooled,E4
sky:cloudy,S-geo,R,rmse,15754,6,217.27459416929315,142.40662995661626,272.0569163021795,E4:pooled,E4
sky:cloudy,S-geo,R,mae,15754,6,179.1658484952044,115.60840313963807,230.74119311688702,E4:pooled,E4
sky:cloudy,S-geo,A,rmse,15754,6,217.0995902407543,143.55712120229285,271.0262873924114,E4:pooled,E4
sky:cloudy,S-geo,A,mae,15754,6,179.55068729165453,116.92559066683991,230.60094772705446,E4:pooled,E4
sky:cloudy,S-geo,P-sim,rmse,15754,6,1.1281496120091674,-1.4801424255437188,3.1623464502123113,E4:pooled,E4
sky:cloudy,S-geo,P-sim,mae,15754,6,-2.492459421172896,-4.069506111287396,-1.1358297839713454,E4:pooled,E4
sky:cloudy,S-geo,H,rmse,15754,6,2.5540505088242753,0.17722738178792916,6.460705593568489,E4:pooled,E4
sky:cloudy,S-geo,H,mae,15754,6,3.012833768785015,0.04725100266093897,6.1661286700418145,E4:pooled,E4
sky:cloudy,S-geo,D,rmse,15754,6,1.1995275212574228,-0.8570363436805337,3.6700560858003684,E4:pooled,E4
sky:cloudy,S-geo,D,mae,15754,6,1.0799092960944137,-2.5787319987372257,4.068271401923823,E4:pooled,E4
sky:rainy,H,D,rmse,20106,9,-5.633933874997439,-11.965062779923112,-2.273269276167505,E4:pooled,E4
sky:rainy,H,D,mae,20106,9,-4.914658575828867,-7.043239042585291,-2.7579834301425548,E4:pooled,E4
sky:rainy,A,B,rmse,20106,9,-18.47531103689886,-28.825661948609664,-11.11884253507635,E4:pooled,E4
sky:rainy,A,B,mae,20106,9,-15.964399995867211,-21.736527898175154,-9.791793848028481,E4:pooled,E4
sky:rainy,A,R,rmse,20106,9,-1.0753046556431514,-3.183550812879038,0.46467634514788597,E4:pooled,E4
sky:rainy,A,R,mae,20106,9,-2.2275790244074756,-3.6085921141870627,-0.8181175902232204,E4:pooled,E4
sky:rainy,R,B,rmse,20106,9,-17.400006381255707,-25.6569274600642,-11.332326195186111,E4:pooled,E4
sky:rainy,R,B,mae,20106,9,-13.736820971459736,-18.113332300334065,-8.901091052580927,E4:pooled,E4
sky:rainy,H,A,rmse,20106,9,259.23901211164696,201.62726777360777,344.4571012447946,E4:pooled,E4
sky:rainy,H,A,mae,20106,9,241.05525112027442,189.84039359988924,310.40139267948956,E4:pooled,E4
sky:rainy,P-sim,P-cs,rmse,20106,9,-3.4581979071958386,-9.802843155436184,-1.6465938102780082,E4:pooled,E4
sky:rainy,P-sim,P-cs,mae,20106,9,-3.5295561357587104,-5.248203198951435,-2.002501374757809,E4:pooled,E4
sky:rainy,H,C,rmse,20106,9,-3.8771248745042612,-11.948185979990281,6.31709679180349,E4:pooled,E4
sky:rainy,H,C,mae,20106,9,3.603102702228057,-6.465812750370169,14.449742827245576,E4:pooled,E4
sky:rainy,H,P-sim,rmse,20106,9,-12.133937669577321,-28.873699561418107,-4.0977356683169175,E4:pooled,E4
sky:rainy,H,P-sim,mae,20106,9,-20.16359666949907,-28.22422086514898,-12.531804313839652,E4:pooled,E4
sky:rainy,S-geo,R,rmse,20106,9,269.47245031336985,208.98090284518796,359.6551237333628,E4:pooled,E4
sky:rainy,S-geo,R,mae,20106,9,253.6934254706871,201.30357607462656,321.9443134598052,E4:pooled,E4
sky:rainy,S-geo,A,rmse,20106,9,270.547754969013,210.54654028732284,359.73272441902077,E4:pooled,E4
sky:rainy,S-geo,A,mae,20106,9,255.92100449509456,203.69643792516527,323.0244145575495,E4:pooled,E4
sky:rainy,S-geo,P-sim,rmse,20106,9,-0.8251948122112935,-4.36758775962867,0.8751679409641038,E4:pooled,E4
sky:rainy,S-geo,P-sim,mae,20106,9,-5.2978432946788985,-7.665397819882538,-2.913964056969026,E4:pooled,E4
sky:rainy,S-geo,H,rmse,20106,9,11.308742857366028,3.800454712414561,27.371627819977686,E4:pooled,E4
sky:rainy,S-geo,H,mae,20106,9,14.865753374820173,7.142698203556985,23.71372247932148,E4:pooled,E4
sky:rainy,S-geo,D,rmse,20106,9,5.674808982368589,1.247426741270768,17.174934266566872,E4:pooled,E4
sky:rainy,S-geo,D,mae,20106,9,9.951094798991306,3.792094927689034,18.0393882109442,E4:pooled,E4
sky:cloudy+rainy,H,D,rmse,35860,15,-3.7393436165265825,-7.159463718000152,-1.6224918000953203,E4:pooled,E4
sky:cloudy+rainy,H,D,mae,35860,15,-3.604724413507654,-5.346637107321543,-1.933801082842101,E4:pooled,E4
sky:cloudy+rainy,A,B,rmse,35860,15,-14.101503186937123,-20.91525298130776,-8.865278279025711,E4:pooled,E4
sky:cloudy+rainy,A,B,mae,35860,15,-11.66983041734727,-16.399059185045804,-7.174627686875825,E4:pooled,E4
sky:cloudy+rainy,A,R,rmse,35860,15,-0.5648642863367854,-1.8439127767120282,0.42320181530049417,E4:pooled,E4
sky:cloudy+rainy,A,R,mae,35860,15,-1.4180271685446542,-2.458346747454673,-0.4425744007910473,E4:pooled,E4
sky:cloudy+rainy,R,B,rmse,35860,15,-13.536638900600337,-19.177611661925916,-9.171494574009932,E4:pooled,E4
sky:cloudy+rainy,R,B,mae,35860,15,-10.251803248802617,-13.966484911032692,-6.691515193008901,E4:pooled,E4
sky:cloudy+rainy,H,A,rmse,35860,15,240.33949486670417,193.64493983626784,295.77479723094433,E4:pooled,E4
sky:cloudy+rainy,H,A,mae,35860,15,212.71149535481103,170.95718584426575,261.5934194843258,E4:pooled,E4
sky:cloudy+rainy,P-sim,P-cs,rmse,35860,15,-1.8967645214866593,-3.936880029853106,-0.7864187464498524,E4:pooled,E4
sky:cloudy+rainy,P-sim,P-cs,mae,35860,15,-2.5171875803213695,-3.8998818303567555,-1.167458934099114,E4:pooled,E4
sky:cloudy+rainy,H,C,rmse,35860,15,-0.1233264645368024,-6.847903422444977,6.857891227371024,E4:pooled,E4
sky:cloudy+rainy,H,C,mae,35860,15,2.826824919012566,-3.984073397163537,10.230776239242758,E4:pooled,E4
sky:cloudy+rainy,H,P-sim,rmse,35860,15,-7.305500574214193,-16.222752743807547,-2.1868950797240796,E4:pooled,E4
sky:cloudy+rainy,H,P-sim,mae,35860,15,-13.723916998091084,-20.04683895847739,-8.302399662474146,E4:pooled,E4
sky:cloudy+rainy,S-geo,R,rmse,35860,15,247.15714742797087,199.46720884881043,304.07569462193976,E4:pooled,E4
sky:cloudy+rainy,S-geo,R,mae,35860,15,220.95200194386743,177.59476482816063,271.71927384622825,E4:pooled,E4
sky:cloudy+rainy,S-geo,A,rmse,35860,15,247.72201171430765,200.8775870691994,304.1936615219867,E4:pooled,E4
sky:cloudy+rainy,S-geo,A,mae,35860,15,222.37002911241208,179.74791218815645,272.1503943682961,E4:pooled,E4
sky:cloudy+rainy,S-geo,P-sim,rmse,35860,15,0.07701627338929029,-1.853080907497003,1.6962136847205416,E4:pooled,E4
sky:cloudy+rainy,S-geo,P-sim,mae,35860,15,-4.065383240490036,-5.783393565629506,-2.2937507618439916,E4:pooled,E4
sky:cloudy+rainy,S-geo,H,rmse,35860,15,7.382516847603483,2.852364240588531,15.547650615044677,E4:pooled,E4
sky:cloudy+rainy,S-geo,H,mae,35860,15,9.658533757601049,4.4713583478775565,15.969255768687338,E4:pooled,E4
sky:cloudy+rainy,S-geo,D,rmse,35860,15,3.6431732310769007,0.9634706213529409,8.884457137195923,E4:pooled,E4
sky:cloudy+rainy,S-geo,D,mae,35860,15,6.053809344093395,2.042208015488532,11.425917426468367,E4:pooled,E4
shade:shaded,H,D,rmse,1259,43,26.532563067516936,16.104298855738673,36.70504930053542,E4:pooled,E4
shade:shaded,H,D,mae,1259,43,21.899959611303633,12.498773593479894,31.303177875260868,E4:pooled,E4
shade:shaded,A,B,rmse,1259,43,51.220369903994765,44.311108748501056,56.851322297559754,E4:pooled,E4
shade:shaded,A,B,mae,1259,43,50.358766658049674,43.49955761831775,55.94398656812487,E4:pooled,E4
shade:shaded,A,R,rmse,1259,43,-0.21398551585038916,-2.842042353713411,2.7468191591204856,E4:pooled,E4
shade:shaded,A,R,mae,1259,43,0.25134328338080536,-2.5888620727156897,3.307467887445988,E4:pooled,E4
shade:shaded,R,B,rmse,1259,43,51.43435541984515,42.15160843272601,59.14961155335606,E4:pooled,E4
shade:shaded,R,B,mae,1259,43,50.10742337466887,40.88836023349377,57.94557830876065,E4:pooled,E4
shade:shaded,H,A,rmse,1259,43,-1.9637138921866182,-7.157251258201138,3.613600834307609,E4:pooled,E4
shade:shaded,H,A,mae,1259,43,-2.108451528406306,-6.573437700457411,2.7818628569886563,E4:pooled,E4
shade:shaded,P-sim,P-cs,rmse,1259,43,22.133905228350912,9.7142067034321,34.53348727729,E4:pooled,E4
shade:shaded,P-sim,P-cs,mae,1259,43,17.44392322141144,6.889873124730945,28.480669992163556,E4:pooled,E4
shade:shaded,H,C,rmse,1259,43,73.12872787912538,53.261818209295875,91.33715193686577,E4:pooled,E4
shade:shaded,H,C,mae,1259,43,64.50155412381862,47.36623954541445,82.2939733772766,E4:pooled,E4
shade:shaded,H,P-sim,rmse,1259,43,3.5364003814724008,1.2561852031884382,5.501108817656994,E4:pooled,E4
shade:shaded,H,P-sim,mae,1259,43,1.9945825448889813,-0.368565482418082,4.228906348772539,E4:pooled,E4
shade:shaded,H,S,rmse,1259,43,51.411476091871606,35.33969653327399,66.8769163409292,E4:pooled,E4
shade:shaded,H,S,mae,1259,43,40.60782848654034,25.679391157870114,56.16511537776522,E4:pooled,E4
shade:shaded,S-geo,S,rmse,1259,43,55.221565328812375,39.14160699140653,71.34998071807038,E4:pooled,E4
shade:shaded,S-geo,S,mae,1259,43,43.81658987642939,29.834368334447767,59.77553316701047,E4:pooled,E4
shade:shaded,S-geo,R,rmse,1259,43,1.6323898289037615,-4.313938009624621,7.130319960737791,E4:pooled,E4
shade:shaded,S-geo,R,mae,1259,43,1.3516531448635476,-4.104230231656834,6.2070092565832695,E4:pooled,E4
shade:shaded,S-geo,A,rmse,1259,43,1.8463753447541507,-4.325144994038644,7.240879659588219,E4:pooled,E4
shade:shaded,S-geo,A,mae,1259,43,1.1003098614827422,-3.879298674418806,5.854390929939536,E4:pooled,E4
shade:shaded,S-geo,P-sim,rmse,1259,43,7.34648961841317,-0.2595925030427021,14.240664641625274,E4:pooled,E4
shade:shaded,S-geo,P-sim,mae,1259,43,5.2033439347780295,-1.648421810683415,11.431541917960416,E4:pooled,E4
shade:shaded,S-geo,H,rmse,1259,43,3.810089236940769,-2.7384162547906814,9.516470083370383,E4:pooled,E4
shade:shaded,S-geo,H,mae,1259,43,3.208761389889048,-2.536200006531232,8.465846738372527,E4:pooled,E4
shade:shaded,S-geo,D,rmse,1259,43,30.342652304457705,20.069791163974187,40.94587772902884,E4:pooled,E4
shade:shaded,S-geo,D,mae,1259,43,25.10872100119268,16.459619597889137,34.72765381356152,E4:pooled,E4
shade:unshaded,H,D,rmse,120575,43,3.40119748236539,1.2773876186234165,5.944846242016949,E4:pooled,E4
shade:unshaded,H,D,mae,120575,43,1.891358474739775,0.5824237353181666,3.178419111021744,E4:pooled,E4
shade:unshaded,A,B,rmse,120575,43,-3.5408558465182125,-7.109627451017919,-0.22425938138662108,E4:pooled,E4
shade:unshaded,A,B,mae,120575,43,0.9288695063607975,-1.964880151602523,3.600633069779023,E4:pooled,E4
shade:unshaded,A,R,rmse,120575,43,-0.13748513972166165,-0.6671289033878459,0.29945234241887303,E4:pooled,E4
shade:unshaded,A,R,mae,120575,43,-0.13368691103570995,-0.6387820165470479,0.32850842939891384,E4:pooled,E4
shade:unshaded,R,B,rmse,120575,43,-3.403370706796551,-6.646320174280748,-0.1789913504627558,E4:pooled,E4
shade:unshaded,R,B,mae,120575,43,1.0625564173965074,-1.5163514130440816,3.419569867994884,E4:pooled,E4
shade:unshaded,H,A,rmse,120575,43,139.38768923765588,102.12587940076617,175.3078022677186,E4:pooled,E4
shade:unshaded,H,A,mae,120575,43,81.7731909970898,50.02907183890129,113.10381370747524,E4:pooled,E4
shade:unshaded,P-sim,P-cs,rmse,120575,43,4.201870360968812,2.1825285003810446,6.854070958068072,E4:pooled,E4
shade:unshaded,P-sim,P-cs,mae,120575,43,3.6630700016843534,2.148690462853879,5.1962431199386545,E4:pooled,E4
shade:unshaded,H,C,rmse,120575,43,3.1582398966166636,-0.003738246625858815,6.666214828429102,E4:pooled,E4
shade:unshaded,H,C,mae,120575,43,3.537465838944442,0.2734983221678407,6.96632680700006,E4:pooled,E4
shade:unshaded,H,P-sim,rmse,120575,43,-6.534631712945895,-11.145746148588527,-3.0165224289443966,E4:pooled,E4
shade:unshaded,H,P-sim,mae,120575,43,-13.342503585543078,-16.910531643219038,-10.092360834809682,E4:pooled,E4
shade:unshaded,S-geo,R,rmse,120575,43,145.8280734610923,107.36210530584746,182.9555090518162,E4:pooled,E4
shade:unshaded,S-geo,R,mae,120575,43,96.13641233123525,65.31749171013169,128.0742207511162,E4:pooled,E4
shade:unshaded,S-geo,A,rmse,120575,43,145.96555860081395,107.93433267436521,182.8704875399771,E4:pooled,E4
shade:unshaded,S-geo,A,mae,120575,43,96.27009924227096,65.43595697675937,128.29490751456436,E4:pooled,E4
shade:unshaded,S-geo,P-sim,rmse,120575,43,0.04323765021219117,-1.8630296276291858,1.6483314642665283,E4:pooled,E4
shade:unshaded,S-geo,P-sim,mae,120575,43,1.1544046596380824,-1.2300473514314894,3.5304782700071544,E4:pooled,E4
shade:unshaded,S-geo,H,rmse,120575,43,6.5778693631580865,2.512574221110156,11.644499347219831,E4:pooled,E4
shade:unshaded,S-geo,H,mae,120575,43,14.49690824518116,9.883352575309948,19.288798024951628,E4:pooled,E4
shade:unshaded,S-geo,D,rmse,120575,43,9.979066845523477,5.307596846890005,15.874030511667938,E4:pooled,E4
shade:unshaded,S-geo,D,mae,120575,43,16.388266719920935,11.41841924054102,21.622325493853854,E4:pooled,E4
horizontals,H,D,rmse,108243,43,-0.10046025117598845,-0.723590691529969,0.4662077835603664,E4:pooled,E4
horizontals,H,D,mae,108243,43,-0.5868088207027,-1.3649842510242487,0.13182450692216277,E4:pooled,E4
horizontals,A,B,rmse,108243,43,2.1571964432645245,1.6536662264167135,2.60522931502404,E4:pooled,E4
horizontals,A,B,mae,108243,43,1.5540571903725038,1.0648118520008638,1.9962337694284136,E4:pooled,E4
horizontals,A,R,rmse,108243,43,1.3499594773483068,0.8783192968508473,1.7695284079970004,E4:pooled,E4
horizontals,A,R,mae,108243,43,0.56600626323538,0.10488047581093518,0.9625735526222219,E4:pooled,E4
horizontals,R,B,rmse,108243,43,0.8072369659162177,0.7064709031352422,0.9127683223585655,E4:pooled,E4
horizontals,R,B,mae,108243,43,0.9880509271371238,0.7597793282934276,1.2243755620164498,E4:pooled,E4
horizontals,H,A,rmse,108243,43,133.02233966032938,96.56159484063267,167.79340277489908,E4:pooled,E4
horizontals,H,A,mae,108243,43,77.83413329467407,47.021009801494614,108.2114124398104,E4:pooled,E4
horizontals,P-sim,P-cs,rmse,108243,43,0.22726297614697444,-0.18267294307859813,0.7288457666550069,E4:pooled,E4
horizontals,P-sim,P-cs,mae,108243,43,0.893539236285875,0.4657864192107386,1.3072451969441794,E4:pooled,E4
horizontals,H,C,rmse,108243,43,1.2774200902788237,-1.402838446471041,4.239406161548791,E4:pooled,E4
horizontals,H,C,mae,108243,43,2.162593795067579,-1.0812147379316404,5.696428214210331,E4:pooled,E4
horizontals,H,P-sim,rmse,108243,43,-5.797304170560196,-10.41035804222002,-2.2995514005407314,E4:pooled,E4
horizontals,H,P-sim,mae,108243,43,-12.994038455136625,-16.64728847918526,-9.680098033859144,E4:pooled,E4
horizontals,H,S,rmse,108243,43,-4.246896856699763,-8.880324995447667,-0.5335182776291997,E4:pooled,E4
horizontals,H,S,mae,108243,43,-11.488527129903062,-16.29856770841001,-6.900444021216387,E4:pooled,E4
horizontals,S-geo,S,rmse,108243,43,0.8492087515142117,0.5317715335758123,1.3058788468424245,E4:pooled,E4
horizontals,S-geo,S,mae,108243,43,1.431004262605974,0.9963864143050293,1.9566361109055637,E4:pooled,E4
horizontals,S-geo,R,rmse,108243,43,139.46840474589166,101.6923279976375,175.71902752545606,E4:pooled,E4
horizontals,S-geo,R,mae,108243,43,91.3196709504185,61.64220086012454,121.68860104198193,E4:pooled,E4
horizontals,S-geo,A,rmse,108243,43,138.11844526854335,100.49876844369894,174.03300446518756,E4:pooled,E4
horizontals,S-geo,A,mae,108243,43,90.75366468718312,61.44165808378307,121.15511894033268,E4:pooled,E4
horizontals,S-geo,P-sim,rmse,108243,43,-0.7011985623462209,-2.7349428023623483,0.9491830946220137,E4:pooled,E4
horizontals,S-geo,P-sim,mae,108243,43,-0.074507062627589,-2.636460464024538,2.456019012124256,E4:pooled,E4
horizontals,S-geo,H,rmse,108243,43,5.096105608213975,1.348094628794718,9.835053674408854,E4:pooled,E4
horizontals,S-geo,H,mae,108243,43,12.919531392509036,8.268760156466252,17.769208073710345,E4:pooled,E4
horizontals,S-geo,D,rmse,108243,43,4.995645357037986,1.1333934708678672,9.94673341100708,E4:pooled,E4
horizontals,S-geo,D,mae,108243,43,12.332722571806336,7.874336996822259,16.916536771832973,E4:pooled,E4
