group,model,n_rows,n_days,r2,mae,rmse,mbe,p90,p95,p99,max_abs,r2_lo,r2_hi,mae_lo,mae_hi,rmse_lo,rmse_hi,mbe_lo,mbe_hi,unit,experiment
overall,A,41418,15,0.25668687170778937,174.01039874608205,250.00240624791485,148.05780452740674,425.8070699056334,542.4645349124,764.7880529378634,987.483728027,-0.5055140261566697,0.6492525080825512,113.94695209168583,242.07411356173503,174.31196472918091,318.54898930102456,87.38350180219268,220.26502064174008,E1,E1
overall,B,41418,15,0.30056714548362773,171.32189892651098,242.5109212245695,141.09366326295086,408.7210356000001,508.428389133334,755.5810306666682,889.129777,-0.4096958967802036,0.6807881055043816,114.6663903336127,236.90819315464722,165.5148313326625,311.53219136286924,82.05654939897624,211.75400561167552,E1,E1
overall,R,41418,15,0.2597961484693624,173.32429277240269,249.4789786129719,146.13435142966028,426.40345221215773,537.5987265902527,767.2637954126432,968.5177493492411,-0.5049332798455215,0.651401250592306,113.64544099656713,241.17946669028817,173.12108920524744,318.2275698867123,85.06728968629764,218.38920208479553,E1,E1
overall,P-cs,41418,15,0.8615031176391493,63.993876107164,107.91412302100801,-13.797062591432727,153.38923623327554,240.93492094208486,426.56522016022916,1015.8198983234752,0.7571640594079441,0.9279241482689712,46.66101008467818,82.86644557185197,76.88924778191786,134.32378119379982,-26.42398803399487,-2.3977891315963724,E1,E1
overall,P-sim,41418,15,0.8669296481701707,62.93654759785828,105.77887398266482,-12.430133344154621,148.85544254833692,229.4874649578035,420.0092094313073,957.0160867353932,0.7648114351208183,0.9353251939620287,44.375509545678035,82.95341996246188,73.36107362057889,133.4344438903913,-24.744246066160127,-1.1433295351073494,E1,E1
overall,D,41418,15,0.8481960755848793,72.24277062426494,112.97953594906855,-3.672371709827672,171.8392472189702,244.185497008757,413.24102869822315,999.3142550627783,0.7378674886252883,0.9195541118505813,53.29671746850807,92.8320667427581,81.93269459558044,139.74129007424264,-21.023196476776096,15.209194175280544,E1,E1
overall,H,41418,15,0.851580762155906,72.5275333376135,111.71291533961367,-2.019433972594323,171.193213755361,235.9004021488445,408.89565000268266,897.1710205473228,0.7413348435323625,0.9231388733339781,53.0272143186637,93.42723943416289,79.58168861737026,139.19927211079457,-19.068095904425316,17.53577540342813,E1,E1
overall,C,41418,15,0.8497807352132776,72.41319893251482,112.38830027201818,-5.976324530037699,164.07830900000002,238.29845700000016,427.4426144333338,1049.7285333333334,0.7424024620339738,0.9175772800433106,54.38803068676512,91.51206607943006,82.37558217596155,138.1071380450315,-21.220250522699434,9.552259481135756,E1,E1
overall,S-geo,41418,15,0.8753654606793224,61.0642840525536,102.37112912457619,7.53693456059198,145.50280166333346,221.3497399100001,407.07131958000025,982.6753158333333,0.7815216651132322,0.9399013006018744,43.42789249230152,79.6196857095752,70.23892406934722,128.6327231575745,-1.1897081630779995,16.24354663026106,E1,E1
sensor:P0,A,4602,15,0.32766623950632134,167.06988466708935,239.0424697573909,137.90895177986772,401.8875789389334,500.62267394979995,746.5912083335234,881.3700154623334,-0.3666573290317277,0.7053674283676983,108.2221446767692,234.47216924207723,160.63590833278016,308.79224047811186,77.10250921919983,210.54794144313433,E1,E1
sensor:P0,B,4602,15,0.31822707950493445,167.41873508564646,240.71462715690424,138.45881242969978,408.50734620000026,505.51858416666636,753.5964740133329,887.7881103333334,-0.3880382176243316,0.700904279756397,108.82247481012053,235.06032056347254,161.3938935184992,310.9205015516477,77.70763178814997,211.31546393681515,E1,E1
sensor:P0,S,4602,15,0.880141592494578,61.0953970469676,100.92920655580208,6.2312256722030135,148.2158333333336,222.76666666666668,399.54391666666646,795.7833333333333,0.7855186376612807,0.9422195095593756,43.081796961443445,79.64080071476893,69.81691437175733,126.55819444695555,-3.0057093553208074,15.743553490284096,E1,E1
sensor:P0,R,4602,15,0.3208320904173224,167.06914057979407,240.25430939429805,137.64001044810217,407.62297413299024,504.6876582545985,752.8899695531637,887.0803982700434,-0.3834439472296498,0.702859363734739,108.62908824897018,234.55010453447218,160.93639708298576,310.41702673683756,76.87241543167148,210.51970014458996,E1,E1
sensor:P0,P-cs,4602,15,0.8748073199909728,60.60922412176825,103.15067535952052,-16.43191342468383,145.5001017385179,226.4529295665913,404.64377843214885,838.161228821903,0.7730699196665941,0.9406572644090144,41.620500538036325,81.14582437314766,70.31785303695173,130.9704684722764,-28.18983547355475,-6.123008921119323,E1,E1
sensor:P0,P-sim,4602,15,0.8733663517736324,60.74052316648516,103.742609272842,-18.819943779634198,148.42240826628787,229.4644279773779,409.3455015290386,845.4416466538596,0.7695062533940424,0.9399900764704876,41.52065677181006,81.56285043942047,70.56159937257704,131.7027942091255,-30.734858610981004,-8.283359954459142,E1,E1
sensor:P0,D,4602,15,0.8604118717099276,70.42499162738845,108.9198035805205,-6.307222543078777,169.54257227541686,236.09784692892072,401.0590759664105,799.148333118027,0.7496844727190487,0.9310729221822587,50.74743592767478,91.63086206481401,75.761539782531,136.72018334055872,-23.823777715796133,14.065316214625186,E1,E1
sensor:P0,H,4602,15,0.8591190483680651,71.09193586432768,109.42303233987596,-9.145555524168502,168.1024651723495,234.72278628895162,405.08032836869035,808.8939227798891,0.7475095851161354,0.9302388174757235,51.15059637270746,92.50479415187637,76.07257191092168,137.34899608464534,-26.839915655752105,11.664405713349076,E1,E1
sensor:P0,C,4602,15,0.8588825480036609,71.50277924506989,109.51483941198991,-8.725692579644011,162.20389699999998,233.34470033333326,411.25286296666644,773.9286333333333,0.7550909550835744,0.9243859271095118,52.46564614936543,91.04139461768949,79.08504352126914,135.31300881893995,-25.365200655851847,8.846678773542873,E1,E1
sensor:P0,S-geo,4602,15,0.8802056912974551,60.62925828308958,100.90221509718853,4.962915835805792,147.51103220333343,221.49595155999995,401.33188556266634,797.5978133333333,0.7855152532449841,0.942393363813716,42.38324366428271,79.42583098156405,69.74273535232987,126.61663706075817,-4.006183262140973,14.490411367573873,E1,E1
sensor:P1,A,4602,15,0.31143503541959416,165.29111361909628,236.94403617713974,139.16201158665356,400.1197412106001,499.3070973709833,747.05453076172,878.813366699,-0.3971709760715164,0.6921545711635514,108.37693732409474,231.35379142547808,159.3389741952062,305.94839635699816,80.84389555710088,207.68266507896698,E1,E1
sensor:P1,B,4602,15,0.294918301276089,167.64671724653428,239.76900583578166,142.5134250666125,406.4175842,505.4684900499996,754.5352029299997,886.379777,-0.4289962825695258,0.6845526844867572,110.50614907291884,234.39858776884216,161.843959371725,309.3500447458421,84.04770608746425,211.45529457124894,E1,E1
sensor:P1,S,4602,15,0.8718872271732185,62.18295369373114,102.20438681207544,10.28583830911576,150.0487500000002,226.01104166666653,392.35324999999955,830.775,0.7764668037993794,0.9365015203699367,45.36889970151531,80.61283850559602,71.32553688819506,128.21738602136708,1.0523727631465767,19.471636878625027,E1,E1
sensor:P1,R,4602,15,0.30326968218157435,165.5435083995394,238.344797073336,139.17037577317194,404.58255598894874,503.451426994404,752.3971166123915,884.260768051458,-0.41381324081849363,0.6908809434593213,108.9005465271392,231.85048685547554,160.12915641689392,307.88060048629603,80.81215198974219,207.95391123755266,E1,E1
sensor:P1,P-cs,4602,15,0.8666851430620973,61.71501418094342,104.25876998637301,-12.377300787771084,145.32928899051737,226.30704595096046,410.9775052035656,897.849629571952,0.7621690371259181,0.9355896000682311,43.6730107701455,81.42120263646598,71.25101292301949,132.4194813043149,-25.20565880880783,-1.1208676772910535,E1,E1
sensor:P1,P-sim,4602,15,0.8657527754770573,61.73134894865642,104.6227134016557,-16.427721369066894,145.59381526871243,227.60100531911473,414.5224696485448,907.8413640676042,0.7589207609006197,0.9373423453904937,43.27198553857972,81.7834369045122,71.13610492198839,133.24754963272537,-29.55420618904062,-4.632169459168038,E1,E1
sensor:P1,D,4602,15,0.8547304945458825,69.75835176385198,108.83298740758875,-2.2526099061660303,166.77846916242888,234.95669652965637,399.6826922263015,859.9725883961116,0.7443766228666353,0.9283104402831269,50.253195541521215,90.7218194282336,75.37229033846478,137.21254502549525,-19.297809777953635,15.165481516347095,E1,E1
sensor:P1,H,4602,15,0.8545404183829491,70.10259949313443,108.90416474875101,-6.877287767446079,164.4918331708062,232.51656943661288,402.5466846625921,864.5476730087237,0.7422635282409277,0.9289889227968303,50.51763241915923,91.10128710354036,74.81185927923231,137.5341680643765,-24.015060276767432,10.935909753971492,E1,E1
sensor:P1,C,4602,15,0.8541566563584178,69.10375002525367,109.0477295557734,-4.671079942731263,162.99157900000003,229.87318933333324,415.4849664999986,920.4111,0.7452692712805988,0.9239567836369956,50.02608174079133,89.01656636452549,77.5950609465526,136.00443819399015,-20.37086772235454,10.770639566890832,E1,E1
sensor:P1,S-geo,4602,15,0.8736712124961659,60.7260588733994,101.49028810892773,6.8090023526837715,144.83556835333334,222.47524969499963,397.12887898666554,838.170482,0.7781243860900393,0.9391228040394601,42.495932174705914,79.3420654485325,69.48634726401419,128.1483120217759,-2.1407463675123015,15.549476237879405,E1,E1
sensor:P3,A,4602,15,0.3148425093739251,165.9953206358307,237.95153775293042,139.74217007807334,401.6509141031669,499.4496389772498,748.3006047362999,878.84074707,-0.3993779379772559,0.6964704214829901,108.07278490118249,232.81497110072965,159.8271995474426,307.3990588750217,80.11537517383425,209.73801108406977,E1,E1
sensor:P3,B,4602,15,0.3012249073313492,167.43068221690635,240.30456383031085,142.19080726181434,408.3082398333336,503.077388,755.8596479499996,886.1547770000001,-0.4281456358341633,0.690259033280952,109.75281241041449,234.65471798187917,161.39803464696533,310.28298689036995,82.73536724530074,212.5225970018347,E1,E1
sensor:P3,S,4602,15,0.8761159481608933,61.108749622092475,101.18147620468122,9.963220504317597,142.84333333333348,214.9775,392.3019999999995,818.9833333333331,0.7801374754185656,0.9401856943220867,43.50598780564231,79.43539277094565,69.38480253958647,127.48803993195196,1.0029221699022464,18.728327076197722,E1,E1
sensor:P3,R,4602,15,0.30509339015308656,166.59136704648483,239.6384666355014,140.28045728325637,407.2600137196734,502.0559371226824,754.7845170633767,885.0834587930731,-0.42116018830442586,0.6927317491127419,108.94315144072638,233.6129512615158,160.76578642299532,309.4967107064143,80.48690073250798,210.4492562567029,E1,E1
sensor:P3,P-cs,4602,15,0.8711786250456575,60.43299607921159,103.17804051820659,-12.699918592569249,144.69022842345004,226.78189215069628,400.88330495072245,890.5030033866385,0.7673987614707636,0.9392913868844127,42.14785897047414,80.00910789517637,69.98297982346004,131.42092312600525,-24.97885503041728,-2.037676716774217,E1,E1
sensor:P3,P-sim,4602,15,0.8695995525332445,60.653323887480084,103.80848467117485,-16.32337854139783,145.16002175009095,228.75745810892005,405.04406152441004,900.5653757635143,0.7632327787023986,0.9387477269428558,42.30694717549757,80.65996090717293,70.45238278099004,132.28486173614047,-28.9135808627031,-5.281308219701684,E1,E1
sensor:P3,D,4602,15,0.8585770503792252,68.93866078253636,108.10686071821924,-2.575227710964194,164.41086647811264,234.32914809119248,398.42827123563984,843.3809217294449,0.7472894615450276,0.9312187084170781,49.485424853021826,89.96099168469148,74.60883286229588,136.39268058598668,-19.53446885364051,15.514316578546286,E1,E1
sensor:P3,H,4602,15,0.857439347957315,69.5824712095406,108.540832244291,-6.754947098911487,163.25341067117998,233.27393132298943,402.0952255187881,847.7510568660309,0.744225896698339,0.9304060372322996,50.09280019435702,90.78725783887403,74.66777069615821,136.9195713130887,-23.925874885003896,12.084078374736253,E1,E1
sensor:P3,C,4602,15,0.8577978286889125,69.49274321205336,108.40427882760955,-4.993697747529429,156.94474633333337,225.47789566666654,413.07998783333255,898.03278,0.7504997204076411,0.9266934876312306,50.57716317547274,88.98880058082389,76.86606787233528,135.05443828540376,-20.314703939734173,10.397672782905065,E1,E1
sensor:P3,S-geo,4602,15,0.8764243635412787,60.308319820093345,101.05544961211933,8.140700817963843,144.22125866666667,215.791092795,394.2649088539995,822.5152223333331,0.7800211165227217,0.9408532877364456,42.20551294749739,78.78649040730383,69.10653954796753,127.56511497244945,-0.7915904874931458,16.85734145256406,E1,E1
sensor:P4,A,4602,15,0.27903146651975574,167.4172415622855,238.87367906868883,146.9587495791072,403.427319742767,501.7704467775997,748.9633053791032,879.9696492513333,-0.4667630582537793,0.6751247633634272,109.65802749471196,234.3442158991347,161.02742873136793,308.53907096830625,89.59289886745492,215.21235491094922,E1,E1
sensor:P4,B,4602,15,0.26781497030217283,168.3605666203352,240.7246510233442,147.62086893947182,408.81757013333373,506.76529839999927,754.5155847166666,886.3881103333333,-0.4906929739736968,0.6721917650235782,110.99079995062236,235.07900014973993,162.13686918779473,310.99708872602446,90.1654857619947,216.18971322684834,E1,E1
sensor:P4,S,4602,15,0.870904818929976,63.133559959752844,101.07998266704614,15.39328218197507,143.08250000000004,216.8604166666666,390.48691666666645,826.6083333333331,0.7741681812310282,0.9362977693355291,47.62088350425647,80.70531218673281,70.37473523975447,126.76681943145624,6.125220675042771,25.707946693102695,E1,E1
sensor:P4,R,4602,15,0.2703510757035037,167.93486039509943,240.3073844596482,146.9408979967878,408.14182869663136,506.1163761387643,753.875619894521,885.7584253394934,-0.48623650442813166,0.6740496305652535,110.69239870745304,234.52735992186942,161.69990469413773,310.52537356313667,89.49656978101216,215.50596555872318,E1,E1
sensor:P4,P-cs,4602,15,0.8686471121821808,60.72350009855979,101.96003031189599,-7.269856914911773,142.06520569153062,218.91354344888362,400.284525632571,893.2448983234749,0.7644860197448727,0.9384113807822272,42.36587288751734,80.07665711921341,68.76972826286386,129.7663170915144,-20.549516122809752,4.735588173692958,E1,E1
sensor:P4,P-sim,4602,15,0.8679907408728499,60.346720965106535,102.21446035705073,-9.719972002720427,142.3254063269171,219.75093278654174,396.9123086516869,902.6066413253448,0.7624539700086563,0.9386910045765627,41.71636313695888,80.14090522166491,68.61401318192286,130.3636493124414,-23.370101809105858,2.7716433459369956,E1,E1
sensor:P4,D,4602,15,0.857676613533197,66.3694514777272,106.13247149412892,2.854833966693283,161.6985733487614,228.43446316113523,394.51070372211336,876.739255062778,0.7466146599940563,0.9318128447818351,45.19098858009166,88.27202258064453,72.25463399235255,134.60952633535382,-13.879850084186138,19.481404265376767,E1,E1
sensor:P4,H,4602,15,0.8580222797089753,66.45167535874033,106.00350917470826,-0.03473346234490231,161.08134182746983,227.63540043660885,392.90524499164815,880.6380747838701,0.7460851588427874,0.9329468256165259,45.272283909651804,88.71341977581093,71.53818741901632,134.76808913139772,-16.5543683015705,16.691569190241005,E1,E1
sensor:P4,C,4602,15,0.8571961413669851,68.47680241469997,106.31146784391464,0.43636393012804714,152.5333893333335,226.1644411666666,398.01751666666667,931.3911133333331,0.7488193028760356,0.9263927118731784,50.22200446959612,88.19788266081888,75.05895721930138,132.99488688062021,-15.391458188512381,16.49271327165396,E1,E1
sensor:P4,S-geo,4602,15,0.8715230139035169,62.51581514223148,100.8376725978187,14.359445611723004,143.63372009333364,216.8395381933333,392.23093501866606,828.660599333333,0.7747651464990004,0.9369850145908493,46.91651857071663,79.88423988816842,69.64252500753568,126.6552943738451,5.447874267078063,24.101994464069808,E1,E1
sensor:P5,A,4602,15,0.312440008779699,166.53691769122992,237.38445156480324,137.6847749495266,400.1064274086667,497.3991131593499,746.7683628739134,879.1512898763333,-0.3938837319686972,0.69284063467831,110.4031364338456,231.92948307428497,159.75346571349706,306.5440681615654,80.16078354244385,206.86908369915017,E1,E1
sensor:P5,B,4602,15,0.2931640313626085,169.88084504978931,240.68902721999874,143.6973437629575,407.68431196666677,503.41320994999995,754.7560224033331,886.6896853333333,-0.42936036912225833,0.6827213798472054,113.45309453416654,235.52097485403468,162.63478455564882,310.28640018572406,85.34478374179899,213.73494314200224,E1,E1
sensor:P5,S,4602,15,0.8728386018562251,62.72243156724549,102.0879817925559,11.469757005460764,147.47875000000008,217.7320833333333,399.6400416666652,792.125,0.7770155456345808,0.9366108009289977,46.16899500042674,80.92908388451417,71.2443383359119,128.1889516203555,2.8250309382209555,20.443095317983026,E1,E1
sensor:P5,R,4602,15,0.3030955553464505,167.41110296197874,238.99212356653288,138.13268657371438,405.2836193148878,501.1721482738345,752.0380733689807,883.9967558191872,-0.41211714341114725,0.6886132164492393,111.04868809129158,233.10253571340516,160.6969494594773,308.49570071457805,80.41257042984897,207.65317458478603,E1,E1
sensor:P5,P-cs,4602,15,0.8685462455675477,62.45868711669285,103.79668135985564,-11.19338209142608,144.85282203931342,224.52050785117538,403.7830469981075,863.6446700533054,0.766550238407755,0.9366989673146695,44.93616334771845,81.4876379114861,70.93657771316686,131.986977208551,-23.32462683818994,-0.13786163043465152,E1,E1
sensor:P5,P-sim,4602,15,0.8666745856053473,62.85636763720271,104.53300666957941,-16.88966524813388,145.30769960271536,224.6039216772842,400.93331219114475,873.8776665046398,0.7615748853495143,0.9365509208535845,44.73800477717981,82.69778112858558,71.14729308281612,133.12632732890452,-29.584298794001118,-5.213975810805916,E1,E1
sensor:P5,D,4602,15,0.8561125464313227,70.27631408450979,108.59465112429828,-1.0686912098210248,164.34162288433953,232.2113142923905,402.32556471266474,798.6404001688683,0.7484330767263434,0.9281864708104112,51.056646250144034,90.74892647035072,75.47454059642114,136.7737838598448,-17.626381742981334,16.73236251020187,E1,E1
sensor:P5,H,4602,15,0.8550917894606112,70.80064660319852,108.97916292377643,-7.402612593544691,164.07655196046838,231.84235283738397,403.18805676846836,814.3603677168661,0.7441371964162415,0.9281310070268152,51.51348878690543,91.51246451713222,75.24884475326672,137.32709864019478,-24.46320016886082,10.566577707616583,E1,E1
sensor:P5,C,4602,15,0.8560945838826295,69.69979495410627,108.60142925465613,-3.487161246386258,160.547227,227.15499833333322,405.9809064666665,857.40018,0.7498202652442532,0.9243508643730443,50.4665400840133,89.46386638315306,77.59587527605066,135.28468487096836,-19.222742681994717,12.376302252651652,E1,E1
sensor:P5,S-geo,4602,15,0.8746286423789946,61.09020328076861,101.36689306833543,6.941620037468591,143.79963691666669,217.90090549666647,401.97066836199855,801.478029,0.7795020315880281,0.938934834883308,43.50588610645786,79.17281743994305,69.28328029382246,127.95093929926828,-1.6449887420631533,15.554142352247196,E1,E1
sensor:P6,A,4602,15,0.3023759423258875,165.99773272673502,237.28983555264458,141.24697195926754,400.4211580400336,498.0960961910496,747.6936288249265,879.8246582029999,-0.4127212313849841,0.6897136689614338,108.27454639278996,232.55539361984424,159.8494150719996,306.4491664904067,82.73142972542112,210.7012033950303,E1,E1
sensor:P6,B,4602,15,0.29203985402985577,166.6440733032393,239.041230633002,141.80526037451264,405.51647396666704,501.67065349999984,753.1671188066664,886.192277,-0.4342549824871109,0.684664610642673,109.18010633762523,233.22888841338988,160.7309649651326,308.6033453303942,83.17738711124487,211.4044364784035,E1,E1
sensor:P6,S,4602,15,0.8746450610774189,61.257828984247546,100.58637006460394,9.57767361701592,144.7008333333336,217.45020833333328,399.28454166666637,805.6125,0.7783195147299936,0.9386981155837918,44.58907602636684,79.13201748316078,69.38421110227416,126.26451145440886,0.9420950073774284,18.500451335799337,E1,E1
sensor:P6,R,4602,15,0.29547703274452575,166.14204444061693,238.46024657449146,140.85067402234296,404.54861389758986,500.68650331266474,752.1668221620243,885.1815361724459,-0.42718336543761515,0.6865795136117997,108.75793875476941,232.55794824364528,160.16533602472762,307.93562599169906,82.22313284848478,210.44958111668356,E1,E1
sensor:P6,P-cs,4602,15,0.8693327528003241,60.82655549273884,102.69558704062271,-13.085465479870924,143.45277559226162,223.06605686725428,398.22483941398366,872.2490649901417,0.7660012603600462,0.9380538366733155,41.977556853879136,80.66199072166664,69.66436345596865,130.52295844735372,-25.23422760460579,-2.074799533742804,E1,E1
sensor:P6,P-sim,4602,15,0.8683152717405568,60.71233705077722,103.09464722046012,-15.468656997802004,145.13939619589567,223.00016481243654,395.4669617624823,881.5653062427701,0.7625092265643527,0.9380085210482205,41.539647908512705,81.04261742125549,69.73679833996273,131.4188442367364,-27.854145698632816,-4.029382499289725,E1,E1
sensor:P6,D,4602,15,0.8578161284879459,68.47826995923838,107.12567677312147,-2.9607745982658695,162.22189558980273,230.7476138239318,395.2544612232622,855.7434217294449,0.7484532917841861,0.9299740449277466,48.30659108136195,89.75258449532154,73.81231364472526,135.19542939662432,-19.77526035494119,14.498333553248397,E1,E1
sensor:P6,H,4602,15,0.857413240723684,68.93957827935665,107.2773433906207,-5.7790694579180375,162.60988525539366,229.38020890980147,396.948910013581,859.5944338090133,0.7462645425614228,0.9304013773351819,49.02920109555295,90.41378485327664,73.51444088113182,135.66665609237094,-22.45084388454274,11.946319185144,E1,E1
sensor:P6,C,4602,15,0.8584151868102183,68.3060435857976,106.8997641349102,-5.379244634831105,154.626947666667,227.36753799999974,395.1671129666651,910.39528,0.7509133944449355,0.9268637127313089,48.898057915352055,88.28947292718084,75.7559486411633,133.21649545083974,-20.73801206817085,10.190647593323268,E1,E1
sensor:P6,S-geo,4602,15,0.8749095794087287,60.6717946624382,100.48018761176323,8.081112379271458,143.7701175200001,217.96271679333327,401.1778034039995,809.033283,0.7778754811800643,0.9392168111393139,43.59522098461212,78.70459442862273,69.07672647649522,126.36393719909564,-0.32267031394977,16.7061452349466,E1,E1
sensor:P7,A,4602,15,0.31591383247040195,164.10923602841308,237.14775500222038,138.62121063976625,401.2035742189002,498.4699340823998,746.6623096108766,878.8991129556666,-0.4029157407934697,0.6975477122758434,106.64556515507626,230.19608863814895,159.18774680853102,306.36082666856066,79.77706163799101,208.17428261737388,E1,E1
sensor:P7,B,4602,15,0.2967216937125642,167.61324097655083,240.45135224541127,144.2815293171274,407.5960578,503.62973483333326,753.6511355266667,886.6589436666667,-0.4387224687932208,0.6868341256618459,109.60598321634978,234.67150668192747,161.76560312383452,310.17562190014354,85.16677821156053,214.20464606656265,E1,E1
sensor:P7,S,4602,15,0.8753867948635295,62.48761451385345,101.21517876316422,12.05394255963066,147.54875000000007,220.98895833333333,395.77074999999905,774.7583333333334,0.7798431808776097,0.9381922320324616,46.05680112491272,80.69002475043729,70.23495449205073,126.98638187802305,3.2028307474123388,21.255899688067895,E1,E1
sensor:P7,R,4602,15,0.30739232913981285,164.74498394720445,238.62023101644616,138.83859426144667,405.1649458307278,501.2920864655624,750.9580604421163,883.8471962088076,-0.42177260361907504,0.6943245963577683,107.05759555147739,231.2791076444384,159.93236275035179,308.1765772808632,79.8474355451945,208.45015794655504,E1,E1
sensor:P7,P-cs,4602,15,0.8724564196791761,59.98370193781644,102.3983397626251,-10.609196537256183,144.0511389630089,223.2986065847327,404.65656382694686,817.1362288219032,0.7708385679538692,0.9398874377903826,41.328343262514075,79.7825012950976,69.38972650405483,130.4413918899857,-22.22623620115234,-0.4173834155236881,E1,E1
sensor:P7,P-sim,4602,15,0.8710497617389538,60.20572146664798,102.96145891512343,-16.17267846676611,144.64890527898783,224.7088476765574,410.78614908132454,824.9904025785038,0.7675676682049523,0.9399619529833604,41.11874180831234,80.49962766319557,69.74031453312816,131.26275580840968,-28.256593021009976,-5.61634431497208,E1,E1
sensor:P7,D,4602,15,0.8601155419092126,68.49950903966699,107.23791106976732,-0.484505655651131,164.38899818944864,233.8721600990399,399.11716902550506,778.1233331180272,0.7500205735123464,0.9315410928781356,48.7325721360176,89.56464486505253,73.86782699836279,135.185579090285,-16.502501265385412,16.66569472609108,E1,E1
sensor:P7,H,4602,15,0.8595094296078225,68.93779952503445,107.46998817678937,-6.65522804642966,165.2615147659491,232.88948311430917,400.0666101379554,788.524322277958,0.7481026291461612,0.9313776082148487,49.62202815035516,90.00415625311098,73.6537343979088,135.87898921308584,-23.139834097054617,11.075855162504919,E1,E1
sensor:P7,C,4602,15,0.8580685835022582,69.7913931146792,108.01967885652259,-2.902975692216362,158.59260600000027,227.2681916666667,401.3189749999997,793.1418466666665,0.751517114273867,0.9251122514585188,50.980542076220445,89.22359301523197,77.33683337822592,134.19158164327501,-18.384866241867144,12.385180491119225,E1,E1
sensor:P7,S-geo,4602,15,0.8772693106972888,60.61647432302339,100.4477469463568,7.346536047766253,144.1197056899999,220.84699383666637,397.9678510623331,780.7071918333334,0.7818850460825173,0.9410882061349856,43.38582629230926,78.62260376090573,68.980769490556,126.5965190731385,-1.5781335507195906,16.229290158364748,E1,E1
sensor:P8,A,4602,15,0.32006928332719686,165.40199370229905,237.43808489867152,139.29668606946373,399.6506551108333,498.94016581191664,747.4523546548264,879.865722656,-0.3844258771362439,0.701461655059321,107.45523045344737,232.2379505308934,159.50523724049353,306.8711735967129,79.81641409525389,210.01412753525437,E1,E1
sensor:P8,B,4602,15,0.31122693903495235,165.56343292952027,238.97701185141676,139.58921402730383,405.25616043333355,503.7302983999998,753.8716896166662,886.017277,-0.4045848407009607,0.6983727289873608,107.81198160480744,232.75868536459436,160.14371967635572,309.00641910232235,79.94116600297622,210.65793828930862,E1,E1
sensor:P8,S,4602,15,0.8775346527481874,61.25505222996932,100.7684687470096,7.36162726980708,146.7345833333334,224.46645833333326,396.55104166666615,783.9000000000001,0.782173712845857,0.9408665521788868,44.07479155970606,79.67509338163028,69.68133616378938,126.3886726147582,-1.608261775955,16.773265410392856,E1,E1
sensor:P8,R,4602,15,0.3132461779606148,165.2842803516593,238.62645671279003,138.9840824292749,404.6934061300651,503.17525858963245,753.3499999505835,885.491438942228,-0.4009566130290752,0.6994568734991701,107.71520738359125,232.46223417653204,159.78290828888487,308.602082773163,79.33687512651655,210.04202001254592,E1,E1
sensor:P8,P-cs,4602,15,0.871962395378241,60.43535397572183,103.0354851480199,-15.301511827079764,145.017090608881,231.4744460194637,398.49692995072087,827.1740649901417,0.7699323382475214,0.9394255632482242,41.06678602857896,81.01650816771685,70.15551955138427,130.8739404012732,-27.190915504274205,-4.690861309945351,E1,E1
sensor:P8,P-sim,4602,15,0.8706131017530441,60.67340340602534,103.57696969960632,-17.50709520249024,146.43119305798672,229.6322278295994,394.5487023475329,836.3971679431859,0.76617109561273,0.9390437276177248,41.39014616757996,81.48128558463019,70.50460384728149,131.59679449805057,-29.642242860762714,-6.520740582832317,E1,E1
sensor:P8,D,4602,15,0.8593487758385493,69.30430640697513,107.99155835687073,-5.17682094547471,166.54570429785704,234.02032948038817,398.4982646862068,810.6684217294448,0.7495120916046962,0.9305559365186442,49.24068531171806,90.60411494841173,74.53954824338251,136.1364366087881,-22.2371238139734,13.495824338130559,E1,E1
sensor:P8,H,4602,15,0.8584422197081729,69.89938600774481,108.33902480763066,-7.81169599161302,167.4562255864086,232.52559048299625,401.6605829387227,814.4215755395426,0.7464125164334283,0.9303228323653432,50.099875327874784,91.36797791471842,74.82270054218377,136.7407980758345,-24.73606717687175,11.01139223674627,E1,E1
sensor:P8,C,4602,15,0.857680160752534,70.4391240149179,108.63024832119248,-7.595290982039945,158.2041673333335,229.9838628333331,413.55086296666593,865.3202799999999,0.7516612159060478,0.9248545449804548,51.333362081428945,90.21582852172067,77.96056999857811,134.523069375109,-23.531284921158427,8.748064089832306,E1,E1
sensor:P8,S-geo,4602,15,0.8776850478906978,60.767517669336264,100.70657473263198,6.453894369176923,145.87941842333348,222.98546055833316,397.96269847666645,784.9102240000001,0.7820079588319968,0.9412664205458976,43.02615745958283,79.03804133258966,69.54602832878999,126.42491559733416,-2.3528136142111067,15.514615395948404,E1,E1
sensor:Pinc,A,4602,15,-0.09773386024935049,238.27414808175973,332.0718821355395,211.89871410493473,548.8121040849335,676.22322753935,885.175963012389,987.483728027,-1.0779342174964102,0.39956875106804635,156.1202569581943,325.9864687282742,247.6023389607513,408.0002792057906,128.31043041193834,305.5624023171781,E1,E1
sensor:Pinc,B,4602,15,0.3213032397914286,201.33879691007692,261.1087715248617,129.68570818705794,422.82432663333344,524.6950783499999,757.4060935633332,889.129777,-0.2848696738520689,0.6425107635868675,152.24314406584287,258.4985919168805,192.774936084997,326.2655667588515,57.12894620054785,209.12460590857248,E1,E1
sensor:Pinc,R,4602,15,-0.021268776345395368,229.1973468292472,320.2975381100854,194.37138407884538,530.3464392681184,658.0171840224804,865.4057608879657,968.5177493492411,-0.9329996924526028,0.44747370575130985,149.0186229997994,313.79660062173025,236.76426074391895,395.1591354560369,111.62386755415233,287.42537345411097,E1,E1
sensor:Pinc,P-cs,4602,15,0.8025389639120883,88.75985196102309,140.83943662623702,-25.205017667325652,237.15272984825128,300.5900935167555,541.3163073638784,1015.8198983234752,0.7041526744361404,0.8839931361660817,67.7151469202383,112.92130600055151,106.63102267416043,170.58004433956967,-58.737882440008114,0.615617279390148,E1,E1
sensor:Pinc,P-sim,4602,15,0.851820836786054,78.50918185234308,122.0048632322331,15.45791151062,169.77501950765242,248.54434281223433,460.616421874078,957.0160867353932,0.7562340527934015,0.916377879243858,60.279298743664064,97.9225826726997,91.02273246148081,148.4243751078402,-2.6060925450617525,34.50735627792746,E1,E1
sensor:Pinc,D,4602,15,0.7830928427882723,98.1350804764901,147.61160918322676,-15.080326785720604,251.29115266313357,314.33311936942164,541.9315447034588,999.3142550627783,0.6731907649686222,0.8727466756058734,74.57849280952645,124.58657730220062,111.43629283467767,179.02204574647777,-54.91047404483112,16.295205153578852,E1,E1
sensor:Pinc,H,4602,15,0.8129036121671401,96.94170769744407,137.09331400132177,32.28622418902748,207.16960857522633,282.3291627161768,447.7735787232629,897.1710205473228,0.6949413825086478,0.8866521853258336,73.32745207594732,120.72293069939069,107.18464064911609,162.88601827525315,4.154636096470656,64.23754825851591,E1,E1
sensor:Pinc,C,4602,15,0.8003958102117077,94.90635982605546,141.6016780532326,-16.468141875088964,222.12555233333327,289.8771133333333,545.5866791666647,1049.7285333333334,0.6968222157246294,0.8835566216705252,73.20557614677824,117.7786884602373,106.62292487394504,171.69362733230332,-45.06508707679626,8.326453427433123,E1,E1
sensor:Pinc,S-geo,4602,15,0.8720451109400396,62.25311441860218,113.37362050829952,4.7371835934681865,149.59161753666694,237.76633294666658,450.47858000266643,982.6753158333333,0.778900754837791,0.9399278988021336,41.95143048370042,83.36963912333069,76.36032116193718,142.8297492221551,-3.9443765560604884,13.076804496552443,E1,E1
sky:sunny,A,9369,3,0.97231287076949,23.877368384339842,41.93334072529952,5.339086446396413,39.86527018226671,56.92802652966673,223.35354654950646,447.71006266266664,0.9481059568345895,0.9910098254198171,19.686074436529783,30.442763226449163,24.38146089656867,60.957607784631165,-16.673747427771072,18.950957464401522,E1,E1
sky:sunny,B,9369,3,0.9423000947891716,33.90373582609314,60.535209380693374,3.2948143389902884,67.0216233333334,136.26030180000006,276.00931117333306,416.89147066666663,0.865105552862287,0.9799214166411395,26.488439474885876,37.9912274479167,36.436965009503766,74.07300796303461,-29.95579994122947,19.12269587123291,E1,E1
sky:sunny,R,9369,3,0.9708260709649792,24.95044341599884,43.044529009130095,3.3537954664548715,45.017220222824484,64.17925558562055,225.6267432350342,428.81444323108457,0.946878840289902,0.99083692383207,19.26856151210374,32.26936489014284,24.614799915085285,61.67411620665965,-18.289708554826145,16.988938312322098,E1,E1
sky:sunny,P-cs,9369,3,0.9392303112349412,35.35461149658408,62.12465716536402,0.656614274810681,83.3468528666667,141.90327588786988,271.5044906799998,410.98096700360173,0.8535812033790171,0.9799621276538195,26.45961989830035,40.55294448439162,36.40000676390636,77.17228530278794,-32.68270041776662,19.052460646120338,E1,E1
sky:sunny,P-sim,9369,3,0.9693681541338786,25.543391337060896,44.10695566368533,2.6303952647298448,42.67640706393329,82.7707160855256,211.73423652885887,440.92306247029734,0.9453660695577026,0.991020224363253,19.65626651956434,32.885037484196125,24.367355787105815,62.54612141646653,-19.54792827333564,18.87966146270685,E1,E1
sky:sunny,D,9369,3,0.9267087442646458,42.73673233686708,68.22547695078693,-16.55771348491812,90.08805893159641,144.0666090975804,299.505136617742,418.34181733240337,0.8017050592600047,0.9817163458209384,23.57619256451488,57.95827686422045,34.7701977565714,89.80877270896265,-52.968245548625575,1.6140215341932054,E1,E1
sky:sunny,H,9369,3,0.9573270822601732,35.580683921045654,52.059101508801334,-19.03383385485532,62.789920725244166,91.6596035014953,209.50038690687904,393.89173385600424,0.9301165180300189,0.9916102796281259,19.270150736724634,45.918758094081596,23.55317205663846,68.1141750048707,-44.074008106025595,-2.6990091239833345,E1,E1
sky:sunny,C,9369,3,0.9348150239583157,40.273734261927636,64.34195523259861,-10.064777291066283,85.25524666666671,141.1125873333336,262.6905058666665,456.81690000000003,0.8516357279434525,0.9818022419405408,24.989355897513967,51.05468586197037,34.68842687338201,77.68328988575969,-26.429902881825143,1.0343203378995456,E1,E1
sky:sunny,S-geo,9369,3,0.9718237686362124,25.256572143508734,42.30210232534679,5.053026800490983,43.26729790000006,68.71643868000014,207.8324713773331,404.8777800666666,0.9469710871876577,0.9921639743889291,19.02500289597156,35.25131254821496,22.76269005690072,61.620543223997494,-10.667112330078261,15.906148970846186,E1,E1
sky:mixed,A,12384,4,0.6454008977041408,128.44513378804632,173.15291865702991,74.14398609595717,299.7452298988668,373.82568756139995,471.27166394007,681.0908040363333,0.38580491311648957,0.8171908333669762,80.76690276373893,187.1929322630212,117.59905517019938,223.46269547160773,44.01068774730209,94.5534456755798,E1,E1
sky:mixed,B,12384,4,0.6480078440750112,129.94533623646103,172.51525053182797,72.56697654583873,298.43369333333357,369.48818068333304,458.3755107233334,668.4107846666666,0.4004077683482977,0.8034452360799218,85.49612762008897,184.72845554742534,121.94047360790411,219.45756298041252,46.42437571673156,90.66360452577403,E1,E1
sky:mixed,R,12384,4,0.6471503927303413,127.98088373015656,172.72524591866326,72.7306440476694,299.7426860366104,375.16905145642437,469.9462878769129,666.2635307890666,0.38366400976101656,0.8168428251173913,80.90791298205927,185.99627734948072,117.71106892133523,222.6531360934844,42.71818625531575,92.98724906213042,E1,E1
sky:mixed,P-cs,12384,4,0.7860243600637503,88.30935687528985,134.50646760324855,-34.222888780280925,204.97952167816055,281.6704573014898,500.1544060534672,1015.8198983234752,0.5627589855694952,0.9088410465167263,60.73104486655219,128.08304786059273,86.65710236803154,183.30065736220382,-63.10705555489129,-10.838788626333804,E1,E1
sky:mixed,P-sim,12384,4,0.7931870816930938,87.7111436553573,132.23603901736618,-35.2352417051881,202.90154466327044,274.6958396492516,473.04922974472873,957.0160867353932,0.5615296727802457,0.91335765339208,60.270992531327096,129.2567089849699,85.30722229194046,183.5581534277926,-60.11399692587875,-15.078899463237981,E1,E1
sky:mixed,D,12384,4,0.7782566451310984,93.75607133161579,136.92612172660986,-38.80149141355845,211.47743479841327,281.2811021953685,479.1493390949959,999.3142550627783,0.5740060698253788,0.8992944858586813,67.36557516569154,129.90391214640485,91.71979249059525,180.92779123777652,-64.60027577157719,-17.952276722124157,E1,E1
sky:mixed,H,12384,4,0.7875399109721695,93.36378318543132,134.0292786019546,-39.043353145177676,209.14884707147894,271.7614921662535,429.01959853836615,897.1710205473228,0.5750754426860959,0.9080768426181796,66.58046471180788,131.27523715599824,88.2389769082344,180.70055696116407,-61.15178306598452,-22.51233223352802,E1,E1
sky:mixed,C,12384,4,0.769462848376574,94.83376815008614,139.61480110983737,-42.375380166774335,215.49099399999997,275.8762241666665,477.8946627333334,1049.7285333333334,0.5676475606392039,0.8844170915471736,66.35157931162696,130.0775823062933,94.16268326974425,182.27308018130816,-60.21775568154169,-27.907136794536342,E1,E1
sky:mixed,S-geo,12384,4,0.8139322894582626,80.18953354054693,125.42858054228662,-4.638693477174845,185.9908220133334,251.78129810999994,459.8668652693339,982.6753158333333,0.6051557284622457,0.9194338570914578,55.59769218815186,116.17985545989687,79.40433877201848,174.1873037008287,-19.159655317241835,13.359313279605544,E1,E1
sky:cloudy,A,10530,4,-1.995117775465879,272.9119289307882,338.4722599034194,258.5812546096881,557.4976509605334,737.631834717,873.5992721354265,987.483728027,-4.8092520053734,-0.556470646775052,201.3088374886109,340.82088822793634,235.3594831114229,431.88650659686397,187.3953754585808,317.1767900647069,E1,E1
sky:cloudy,B,10530,4,-1.834666643058866,265.0724840283001,329.2813437598436,248.70954287432733,544.2497488333335,740.9790001833333,875.031888,889.129777,-3.9539083169808897,-0.33050237267733285,187.97754070542146,339.67766112392883,214.30090722822268,429.72755232398663,170.61018075725036,315.0915092079367,E1,E1
sky:cloudy,R,10530,4,-1.989105572761054,271.50609135350743,338.1323757605302,256.7301198200129,559.2681939215972,741.6691145134914,876.6378142808327,968.5177493492411,-4.739372863916698,-0.5299158057029942,199.47032735860955,339.56486122065354,233.3431196930825,432.4477890509858,184.6098365902738,315.9261346057053,E1,E1
sky:cloudy,P-cs,10530,4,0.632921395099696,69.23562687777434,118.49381033288378,-15.421912819642396,167.81352446176936,267.28271348235063,490.0923024136603,867.7489428347205,0.5634191063271845,0.768396617588724,36.59243008679578,95.12258684857414,53.18853116013442,153.9239858628451,-24.509872229706815,-3.3511555554941634,E1,E1
sky:cloudy,P-sim,10530,4,0.6274243334469134,71.80866031316665,119.3777453779135,-13.394512829191491,165.86114655330854,261.0273541347429,496.17056712352286,837.3302942600208,0.5638010725462621,0.7619447557655527,40.535643961006414,95.89030225454275,53.92428866672122,153.85663679981258,-23.665100427034908,0.03625556798842635,E1,E1
sky:cloudy,D,10530,4,0.5894805005380888,77.86500009077695,125.30921927101414,18.211305351689127,203.60064991961514,301.8159004159739,441.66773951627596,808.7886632542175,0.47706094412060907,0.8163591652242537,34.08666200801128,117.67274102302427,47.36201569933625,169.6354936262147,2.7008804705400316,30.8773570116062,E1,E1
sky:cloudy,H,10530,4,0.5728078910338582,81.79647404651897,127.82851383470418,22.35044953366594,206.7327651119283,306.04425903032967,446.6437335647115,769.4160333692007,0.4674520334306067,0.7644038891775766,39.735158428756115,119.35270873582144,53.645044112515,170.57754125335433,9.336378216369935,32.37187510175016,E1,E1
sky:cloudy,C,10530,4,0.5909209031641574,83.88405293146565,125.08918790237658,13.910722251820197,185.69160493333337,273.9376941666666,478.12580716666434,824.4321833333333,0.5212694802125295,0.6923913980035682,47.012705018409356,113.23953179980617,61.297785667088014,161.18309687194017,1.2523113794905258,22.97840560311367,E1,E1
sky:cloudy,S-geo,10530,4,0.6378065084764974,71.74969783987972,117.70270663220536,14.708246468344417,182.9991938,285.75473654833314,451.0790738996667,855.5869591666667,0.5811388939342692,0.8476026361301642,34.23807214513571,100.63535211919083,43.145377745393255,151.94940654538746,3.201482587322586,29.8611137557854,E1,E1
sky:rainy,A,9135,4,-3.2447689073586936,275.75571783251036,329.95840347833877,267.23333466310845,536.4171134438669,639.7813871255665,733.9222657067133,914.1535074866666,-11.78011283076406,-2.3655300634385066,208.58654824878445,342.18426482628615,234.90034770098413,405.7636708240253,203.7668883651608,329.550052540842,E1,E1
sky:rainy,B,9135,4,-2.8037905702361687,260.2857151629153,312.3492493533459,251.27173568391515,493.85418846666676,633.6182322333333,717.5480010799996,748.8866046666667,-8.373817146773467,-2.1669903210520283,185.24284476625712,334.7180322684279,201.175252168688,396.9929629432216,180.50501559301924,322.08534070783884,E1,E1
sky:rainy,R,9135,4,-3.2129308291385286,273.79424713915597,328.71864052884143,264.59840177311224,531.0009956271984,643.356334292441,740.0265855300479,894.4162591792217,-11.32185704636751,-2.3737043409589873,205.01846538784875,341.927952454717,230.65049902997035,406.2561360876511,199.50353911004603,328.5149244211334,E1,E1
sky:rainy,P-cs,9135,4,0.6830071526306631,54.36089533973392,90.16892651073678,0.9425768027554904,111.66918247934996,167.76000497323722,359.25719576894596,714.611982773285,0.46748060208862774,0.7083713800452768,30.980653795996563,76.03344786626674,43.80473016905914,123.85488321775502,-3.0055124041422263,4.839397393773002,E1,E1
sky:rainy,P-sim,9135,4,0.6645687261417741,57.474537366784986,92.75427679893441,4.151288153802506,119.28612245054714,172.0428914340694,358.67982287438053,723.862572075353,0.3339547700638803,0.6955366298910763,37.71803015874895,77.20039861526118,52.97690242749977,125.13586092174745,-1.6812640106801,11.329813894704193,E1,E1
sky:rainy,D,9135,4,0.6264029069682696,66.85900275041992,97.88900452417906,31.94083749039702,142.0000942061017,176.93387480292623,362.5978463753851,680.4072967103941,0.33960406300616486,0.6620789350682827,38.375478677438544,92.02218742438453,49.59364443688321,132.1613895338796,19.99491105542893,43.00046523095767,E1,E1
sky:rainy,H,9135,4,0.5861290453595654,71.48943464069768,103.03022357408317,37.53144224078882,148.6943506063579,198.17622605186702,368.0120171906434,691.3539805521821,0.0738103201017809,0.6376341782113735,46.6225112567227,94.22697022825149,63.23627571774044,134.9974126160199,28.527731426197693,44.27744873491672,E1,E1
sky:rainy,C,9135,4,0.6661939423677654,61.758598242791294,92.52929957148064,24.637798766126462,112.14227666666667,163.06989199999992,328.2585263999998,752.8216333333335,0.3251943114494067,0.6925777989572908,42.43899502338286,80.67293096125996,53.97661967826195,124.93207082964747,18.72200108107049,30.934501118917503,E1,E1
sky:rainy,S-geo,9135,4,0.6731638719982784,59.54462954089383,91.5581895071946,18.32410424153971,118.05972719333336,164.35649425666662,362.541538222,713.1687117666665,0.37370457117407285,0.7027605794583426,39.26238942841786,78.91813612979196,49.6372527726314,124.07912023835041,5.169613913586339,28.94795002145701,E1,E1
sky:cloudy+rainy,A,19665,8,-2.2577189417186365,274.2329567272404,334.5442591411473,262.60041307843943,547.8721346029334,684.9103295896,853.236411295227,987.483728027,-4.0787681457161655,-1.344743846616073,218.63463436448174,328.3176838542395,253.27925242002235,400.1081124299924,211.05966419565095,311.45234768879584,E1,E1
sky:cloudy+rainy,B,19665,8,-2.0091286222994733,262.84888201531817,321.5267798439632,249.8997605867903,522.0460572000002,668.9602991999997,826.0919167733335,889.129777,-3.4088838260100482,-1.0774610291240123,202.56248455316702,321.7471352344652,229.6811534050767,392.90490411035296,192.98319348237933,304.85323272944515,E1,E1
sky:cloudy+rainy,R,19665,8,-2.243093016358449,272.569010402676,333.7924257623358,260.38517985772273,545.8810982671033,684.5863348923225,850.8567147048432,968.5177493492411,-4.010027301104037,-1.3298046169516706,216.69016858098536,327.3335861179889,250.39031035067097,400.46017879770045,207.98074504336302,310.1516315853282,E1,E1
sky:cloudy+rainy,P-cs,19665,8,0.6712225179679743,62.32585456147638,106.27908523644658,-7.8201018508854805,138.0706095958287,240.39761497727946,464.0275541987244,867.7489428347205,0.6052596690479538,0.7420883666371351,40.59089500921288,82.50568551483131,66.45228039929646,134.89501684653453,-16.345984913827678,0.22022832126975136,E1,E1
sky:cloudy+rainy,P-sim,19665,8,0.661550772981726,65.15001738841727,107.83097657947518,-5.243946239837299,142.68202607633575,234.04030313527085,467.5398759760659,837.3302942600208,0.5998904228902108,0.7193935800240246,45.43817088870648,83.6882627455308,70.37852927393902,135.7923092576932,-14.686392228191288,4.753821252057376,E1,E1
sky:cloudy+rainy,D,19665,8,0.6256935433336481,72.75237432397493,113.39931586606835,24.589097168983635,169.83380137064776,248.65350851269181,426.8066104742996,808.7886632542175,0.5267246110289862,0.7391408307648017,44.08981604007152,99.36361207536085,66.77489030691746,146.8348229299062,12.67162588707412,35.14331116553787,E1,E1
sky:cloudy+rainy,H,19665,8,0.6017865871073208,77.00853583283082,116.96467468209654,29.40248962416009,178.92584959690424,252.9545430162529,431.87691064530304,769.4160333692007,0.5096033713262761,0.6899076323957641,50.63970831937214,102.4052145033737,74.30922803183562,148.94717759709803,19.41502089544109,38.034807786360766,E1,E1
sky:cloudy+rainy,C,19665,8,0.6403520052961423,73.60609571910662,111.15668763806433,18.893780678374366,153.6314666666668,235.3649326666667,446.733894800001,824.4321833333333,0.5654183500519416,0.6972371601765817,51.60304485448377,96.1885551476843,74.72697878056834,140.45500032177864,10.878136995089703,25.623472186856393,E1,E1
sky:cloudy+rainy,S-geo,19665,8,0.6707211969694304,66.08006657055675,106.36008172367472,16.387924106693717,146.01740058666743,247.40726983333334,435.3140757013335,855.5869591666667,0.6147798268135672,0.7483119071765866,43.99955420646367,86.26462403446345,66.91813788240228,134.50706662261607,7.326741007186771,27.231857085211143,E1,E1
shade:shaded,A,508,15,0.0499355438422302,26.320519490386488,35.37654224650555,-2.109879250423229,52.74905451456668,63.678921495916654,121.63049128241676,188.6604184473333,-0.26520753448670586,0.13249593466758144,19.370782512465656,33.822526770038294,26.50294408251155,44.153354730970335,-18.23962245670955,13.456468320982182,E1,E1
shade:shaded,B,508,15,-3.659015180994115,69.69033745800525,78.3404225300519,68.54869056692912,122.2479753,137.3562220333333,152.56614295,179.90179166666667,-8.730719938670363,-1.5070170113859227,52.35289565259681,85.52809851799587,58.681384942993084,93.70951665771446,50.24266693937662,85.09324085327542,E1,E1
shade:shaded,S,508,15,-1.9912818623280488,46.365846456692914,62.772223969375666,39.111958661417326,110.67291666666668,148.11041666666662,190.36325000000002,221.92916666666667,-8.332835070902611,0.263930741300803,28.25024129820891,73.798403951194,33.99446835493775,93.93676632313472,17.92811327264004,67.07122178570252,E1,E1
shade:shaded,R,508,15,-0.05434767247371797,28.93761541123916,37.26754363488882,-12.63554966686579,57.82849683310586,70.24603736864978,127.70525095672086,196.5195937948583,-0.5900518411711047,0.07713309969669642,22.213525948827936,36.33133492009401,28.22673999877897,46.577177506997316,-28.720269294358467,3.0126980555817213,E1,E1
shade:shaded,P-cs,508,15,-0.6385371723620845,32.1137989790183,46.458693872499005,15.466601151412862,79.50613021231999,108.1501564019721,147.4465336,179.90179166666667,-3.8321949645710784,0.512198047422547,18.521885727302372,52.05442816455526,26.14577728498879,68.0849632522882,-3.101149485730356,38.568441100732386,E1,E1
shade:shaded,P-sim,508,15,-0.5022666709669488,33.024232329449994,44.48487380481393,-27.02507454780387,72.22006552484633,89.23702955970694,129.80735213764834,214.700178138764,-1.6843021267273768,0.03754540732922159,21.705547160885626,44.16803576971553,32.527584643273144,56.653891969683094,-42.53859096012976,-10.8619157162976,E1,E1
shade:shaded,D,508,15,-0.6779813536151744,34.89448465872127,47.01456390345035,25.659410649038104,76.71743925943869,105.42188869808064,145.67266492372644,176.87572378070902,-3.8658110431410244,0.431527169472227,21.740130114445204,53.95473038621811,28.323471803786628,68.07320618551438,8.602594426562549,45.79841122818014,E1,E1
shade:shaded,H,508,15,-0.14906879500432657,28.919352332665643,38.905577140901144,-18.25939233943261,62.74056415504381,79.43743320496483,125.15429918855408,205.32345946465622,-0.9953377836219001,0.23235127682716838,20.651849230987736,37.6742977198243,28.147829293574944,50.305087736309154,-33.38742645232805,-2.8679307807934147,E1,E1
shade:shaded,C,508,15,-5.177398168233619,77.70969925721785,90.20729172825305,76.29351968897636,158.9416873333335,174.9268383333333,214.93236510000003,237.30132666666668,-15.350416386635327,-1.659303403434863,58.294362708355564,106.12158668536995,64.50861013004177,121.59768053595263,56.683124417223496,104.76251410193231,E1,E1
shade:shaded,S-geo,508,15,0.36859513045081294,23.22685756108924,28.8398375859804,12.381726233661416,47.086950600000016,55.46549761666665,88.3658476783333,131.3381558333333,-0.12157326207339304,0.5790720295787917,18.140821834465264,29.50987938376117,22.61788802717169,35.2496304724877,3.300296612940135,19.96567496429557,E1,E1
shade:unshaded,A,40862,15,0.24459037900673386,175.97785145563577,251.65286956910225,150.03358711767405,427.21411376939994,545.0017653406333,765.7126214191433,987.483728027,-0.527090986597068,0.6399488895665569,115.06919359119377,244.8011655215264,175.4091605642491,320.76057218463467,88.43603117824235,223.00699470521408,E1,E1
shade:unshaded,B,40862,15,0.2899645295080261,172.69361132553223,243.97799249768596,142.07363599324307,410.23464633333333,514.5323959999998,756.1063106666667,889.129777,-0.4260618744987502,0.6765827940931836,115.16295639162273,239.3966929301442,166.41275357003164,313.50496150900443,82.23763153595479,213.64213048027028,E1,E1
shade:unshaded,R,40862,15,0.2477606241347603,175.25700828077044,251.12425564869372,148.22567097550237,428.4749759354543,541.5555758869725,767.9048462951098,968.5177493492411,-0.519811850436599,0.6444273437811343,114.73878611281418,243.8810269704995,174.1883452368469,320.54532233468416,86.28170027738105,221.49772325304266,E1,E1
shade:unshaded,P-cs,40862,15,0.8595694589416119,64.41426790542184,108.50291742743904,-14.197357702735163,154.8504840684423,242.47858786997097,431.0662211071946,1015.8198983234752,0.7537325412772349,0.9269880930952035,46.794908746437926,83.47075521553833,77.33950299206415,135.04300481534375,-27.03363231071506,-2.518399547159486,E1,E1
shade:unshaded,P-sim,40862,15,0.865053871403923,63.33402244584372,106.36306557722216,-12.269830211760256,150.1130927963752,231.1478168161058,421.65438405775495,957.0160867353932,0.7625445943212966,0.9345779266925903,44.52619261781146,83.5846760265469,73.60323650303064,134.3514982431799,-24.816711796370072,-0.7788873089786381,E1,E1
shade:unshaded,D,40862,15,0.8460483327452151,72.73849865617508,113.60640821158229,-4.072675917521809,173.20813254348684,245.46371855611105,413.94142985571256,999.3142550627783,0.7336009104818294,0.9182868573624505,53.41693474773112,93.48384363565273,82.22968265079774,140.64512340450176,-21.758362372028166,15.168629982024687,E1,E1
shade:unshaded,H,40862,15,0.8493763441696119,73.10883279100265,112.37177041894812,-1.8358447872379944,172.8020049172798,236.98407067413964,410.207662769551,897.1710205473228,0.7369300213997151,0.9220953133025533,53.37479681366109,94.30341570116167,80.00638195707536,140.05725999428262,-19.22038534763374,17.968340144047488,E1,E1
shade:unshaded,C,40862,15,0.8485963867550654,72.35336125858333,112.66233575896001,-7.0809526264769564,164.06854400000006,239.9809879999998,430.8036543999998,1049.7285333333334,0.7401279844254517,0.9173254617714599,53.842816453179,91.6989599088136,82.09748546003011,138.71688662184388,-22.31477745198132,8.832014901247764,E1,E1
shade:unshaded,S-geo,40862,15,0.8734665076278223,61.556505823091506,102.99434464986446,7.452211234259182,146.7273077333334,223.0731768233333,409.27408421333297,982.6753158333333,0.7785434186960132,0.9391554953745354,43.69638334455705,80.29282354997316,70.57716879087307,129.48444255644543,-1.3358987404452205,16.221205113213646,E1,E1
horizontals,A,36816,15,0.3107805073623915,165.97743007912237,237.7601452258892,140.07769083021574,401.1772786458333,499.38385162375,748.3042942301166,881.3700154623334,-0.4037143465423142,0.6951281920178961,108.70724050623504,232.39984468661842,160.0566678315622,307.05616550902704,81.04490947436926,209.89502412479862,E1,E1
horizontals,B,36816,15,0.29723652104934206,167.56978667856526,240.08491509554534,142.51965764743747,407.35816966666664,504.06815966666665,754.5802556166666,887.7881103333334,-0.43218270925901386,0.6882460160541434,110.36102168293036,234.1253790993689,161.60560342388712,309.9899837264994,83.26929353021343,212.619596005295,E1,E1
horizontals,S,36816,15,0.8749915945833859,61.90544845223249,101.25812684512782,10.292070889940733,146.2125,220.27708333333337,396.3233333333328,830.775,0.7795249881245339,0.9387260503784027,45.00080156575004,80.20386252570631,70.25325238425667,127.08339809555784,1.4218497617083834,19.27732381270624,E1,E1
horizontals,R,36816,15,0.3026601846432083,166.34016101529716,239.1566782489472,140.10472234851215,405.6495470788048,502.8945391044785,753.3800052442145,887.0803982700434,-0.4211490450266536,0.6914840673777762,109.19486502867817,232.79332123399573,160.5776903505502,308.9748409009147,80.9310140899271,210.05169726655484,E1,E1
horizontals,P-cs,36816,15,0.8704992403046132,60.898129125431616,103.0614953664458,-12.371068206946111,144.63318886702638,225.07730017792292,404.4508951947769,897.849629571952,0.7673987926049695,0.9385641435938582,42.61628014345064,80.80737197892982,70.051223320506,131.04181062272363,-24.53599434638476,-1.59071797801381,E1,E1
horizontals,P-sim,36816,15,0.8692130161993054,60.98996831604768,103.57204314935116,-15.916138951001448,145.40812172117575,227.19287612451222,405.03900579961476,907.8413640676042,0.7647387878480066,0.9388434400477854,42.15282146071464,81.21330274964463,70.2247184042423,131.7389842019717,-28.417611380678757,-4.821749475392543,E1,E1
horizontals,D,36816,15,0.8581290818188385,69.00623189273679,107.87156293698317,-2.246377325341055,165.1080096073233,233.56582934036834,399.6463231644767,876.739255062778,0.7487599796408105,0.9302792515815295,49.2067546827186,90.15804776006492,74.48760193343088,135.98226136071256,-19.2099758793915,15.499985480831176,E1,E1
horizontals,H,36816,15,0.8574688635497144,69.47576154263469,108.12227010381362,-6.307641242797047,164.64083582615078,232.1027842123902,401.3306141123163,880.6380747838701,0.7455751637810505,0.9303542288854675,49.909708578747605,90.73887295011123,74.30675599334938,136.6274419189075,-23.23425219407077,11.57823595956485,E1,E1
horizontals,C,36816,15,0.8573077251363518,69.60155382082223,108.18337159356363,-4.664847361906291,158.22293666666675,228.57150583333328,410.21587333333315,931.3911133333331,0.7496137338070299,0.9250311342706135,50.5272471267457,89.11602504596155,77.22238799384623,134.4472145560086,-20.203112645383456,11.094329564120947,E1,E1
horizontals,S-geo,36816,15,0.8758459747808417,60.915680256797536,100.91150509047887,7.886903431482456,144.79491873333333,219.88979416666672,397.9091165166661,838.170482,0.7795884843005144,0.9396100090559393,43.51528853526571,79.15330956167496,69.39231942561439,126.99820475597858,-0.8186665926096033,16.685287743045226,E1,E1
overall,A,508,15,0.0499355438422302,26.320519490386488,35.37654224650555,-2.109879250423229,52.74905451456668,63.678921495916654,121.63049128241676,188.6604184473333,-0.26520753448670586,0.13249593466758144,19.370782512465656,33.822526770038294,26.50294408251155,44.153354730970335,-18.23962245670955,13.456468320982182,E3,E3
overall,B,508,15,-3.659015180994115,69.69033745800525,78.3404225300519,68.54869056692912,122.2479753,137.3562220333333,152.56614295,179.90179166666667,-8.730719938670363,-1.5070170113859227,52.35289565259681,85.52809851799587,58.681384942993084,93.70951665771446,50.24266693937662,85.09324085327542,E3,E3
overall,S,508,15,-1.9912818623280488,46.365846456692914,62.772223969375666,39.111958661417326,110.67291666666668,148.11041666666662,190.36325000000002,221.92916666666667,-8.332835070902611,0.263930741300803,28.25024129820891,73.798403951194,33.99446835493775,93.93676632313472,17.92811327264004,67.07122178570252,E3,E3
overall,R,508,15,-0.05434767247371797,28.93761541123916,37.26754363488882,-12.63554966686579,57.82849683310586,70.24603736864978,127.70525095672086,196.5195937948583,-0.5900518411711047,0.07713309969669642,22.213525948827936,36.33133492009401,28.22673999877897,46.577177506997316,-28.720269294358467,3.0126980555817213,E3,E3
overall,P-cs,508,15,-0.6385324633467389,32.113604004413006,46.45862711329963,15.475686995809957,79.51210365866109,108.13778304510906,147.4465336,179.90179166666667,-3.832255710794932,0.5122181892797495,18.521529311761018,52.05537479461276,26.146170784821155,68.08436282071223,-3.0891016729518594,38.57375440779237,E3,E3
overall,P-sim,508,15,-0.5024957287586902,33.02735439348347,44.4882650863925,-27.029026324776712,72.22438620935104,89.24051990235286,129.8126679632055,214.70577197218788,-1.6846929600053298,0.03740514684269329,21.70720259652191,44.171665382761475,32.53081252572912,56.6580782249852,-42.5435351048987,-10.865209854944926,E3,E3
overall,D,508,15,-0.8423333746918416,37.449743288458116,49.263238299335754,29.626935016507627,82.16008221571734,108.23473344599641,144.50378314946587,176.37284176769356,-4.256761821863538,0.3497700914301358,23.872023494685767,56.762809730512885,30.48737060448635,70.29270896498561,12.63766852143992,49.94651967762637,E3,E3
overall,H,508,15,-0.24589538339806793,30.09776391149654,40.51162231069242,-21.226872899162768,66.14417277677711,82.75970637621077,126.83859875012288,206.76843074848298,-1.2037428344256147,0.1827614047158032,21.020049090593528,39.53508635240251,29.214331722808765,52.28548362212722,-36.4189250101912,-5.802571455484727,E3,E3
overall,C,508,15,-6.01587665857799,83.7617388379265,96.13462122516538,82.59879606889764,160.91943333333356,185.60262999999998,213.78071999999997,235.44848666666667,-17.087605326645775,-2.1363485204802646,63.47186322693801,112.75563263097857,70.1367888036898,127.4735012251207,62.456731262818884,112.13589192039723,E3,E3
overall,S-geo,508,15,0.36859513045081294,23.22685756108924,28.8398375859804,12.381726233661416,47.086950600000016,55.46549761666665,88.3658476783333,131.3381558333333,-0.12157326207339304,0.5790720295787917,18.140821834465264,29.50987938376117,22.61788802717169,35.2496304724877,3.300296612940135,19.96567496429557,E3,E3
sensor:P1,A,84,6,-0.2749124128721332,28.578268747480166,35.111970195344625,14.550957852321428,58.43960423783332,62.20079798416666,80.48644183357001,85.67152201366667,-6.337880247144356,0.18522062366426695,15.07472782709091,41.79007328911255,21.392515874629478,46.52874293903759,-10.002118021082442,37.88296951069518,E3,E3
sensor:P1,B,84,6,-8.44538451608927,89.71742973809523,95.5707173156821,89.71742973809523,135.14841966666665,145.00198999999998,171.96119190333334,179.90179166666667,-59.28885521342807,-3.0499657033721235,67.89847803508772,109.25143429333332,70.9710845224794,113.47855517079701,67.89847803508772,109.25143429333332,E3,E3
sensor:P1,S,84,6,-6.026148465666064,56.2372023809524,82.42779562381925,56.2372023809524,161.9679166666667,185.13624999999996,217.00795833333333,221.92916666666667,-73.32421990507973,0.6809837024478536,18.055401234567903,108.46829896907215,21.16404786033677,127.81051565856417,18.055401234567903,108.46829896907215,E3,E3
sensor:P1,R,84,6,-0.06637777564157288,25.73244857647732,32.112237495249296,4.190629178470451,56.52590509931033,67.81891618560827,72.18931630328215,80.18695066198367,-3.614666534343497,0.21670263637261947,13.667775505146198,38.77083200784994,17.016563454887965,42.59198469970375,-20.30495395375608,27.434940562785634,E3,E3
sensor:P1,P-cs,84,6,-2.5955263463871527,36.433827275352236,58.96526601136517,28.956060064259386,116.96378866666669,141.56475869999994,171.96119190333334,179.90179166666667,-37.75869122922356,0.8595630265173029,8.275610993058368,74.63922845773251,11.63583883778841,92.74738430657368,-5.12227900960109,72.21808477053749,E3,E3
sensor:P1,P-sim,84,6,-0.4012544818166863,28.088320419263326,36.81065385586596,-14.5779171949114,59.94163640392415,84.92513648098956,92.30309700433266,93.29493505686705,-3.3513742984802355,0.29704099660042804,12.126520529600327,44.21032902135741,17.5582399252855,52.27693322894991,-40.66151995411107,11.14205756237507,E3,E3
sensor:P1,D,84,6,-3.060460742044774,44.62439799305237,62.66177349124971,43.78974527056326,118.27102542249517,140.8578643208376,168.557443241445,176.37284176769356,-40.44215862625542,0.6828195852000546,15.319509927184026,81.27599793412836,19.517247469681017,95.2092475319745,13.06560141138222,80.69645215752314,E3,E3
sensor:P1,H,84,6,-0.14427467846226016,26.64276920776436,33.26443629470604,-8.016454650412195,52.26796853757196,77.62731408948373,85.10056612989142,85.99793007321654,-2.452427374767881,0.3969976488582494,15.075650114316744,40.0715844525913,17.938399680223444,46.667437850425756,-33.24526420253128,15.764475794027385,E3,E3
sensor:P1,C,84,6,-12.496412954972657,97.92308122619046,114.2415806660105,97.92308122619046,191.02616266666666,211.97585649999994,230.89735873333333,235.44848666666667,-116.54712038528152,-1.579675190011252,59.24730434057122,148.27520860185186,61.88085622435629,160.136048054778,59.24730434057122,148.27520860185186,E3,E3
sensor:P1,S-geo,84,6,0.285025250062943,21.08617590952381,26.294225108926913,21.08617590952381,42.43164709333334,54.08162976666665,63.218041877333384,89.67363606666669,-3.7179218855694867,0.7334982055998973,13.638085423129379,32.68029655333333,18.28041964849464,35.89595584029609,13.638085423129379,32.68029655333333,E3,E3
sensor:P3,A,61,11,-0.23565278378592902,17.92824772072131,23.159139901696875,-5.118103560972679,35.47647145633336,36.85258967066666,54.96675425226663,70.52986857066666,-1.7456137625189518,-0.07740794626991897,9.684579712996188,26.66375348324391,14.428962559283416,30.64379818336219,-16.637271982444233,8.334587088109991,E3,E3
sensor:P3,B,61,11,-5.081307275854437,46.2537022568306,51.377465262108295,46.2537022568306,79.28234,89.42048933333334,95.37569286666665,99.33430666666666,-13.842346642460557,-3.107524961722824,33.84576810786533,58.88101898505288,37.68801431187704,64.34481885571995,33.84576810786533,58.88101898505288,E3,E3
sensor:P3,S,61,11,-3.051940108327438,37.30983606557376,41.937806256160265,28.06051912568306,59.69166666666667,68.45416666666668,77.11583333333333,84.99583333333334,-12.098323902935066,-0.9971880875921006,29.10652686403509,45.62642741897492,34.236087179212376,49.21996942684907,7.907473169191923,43.01267804393211,E3,E3
sensor:P3,R,61,11,-0.952932902109795,25.62987705207141,29.11507153083697,-18.326906807684644,45.382968488880685,48.98510176664335,57.60199166093447,58.19488015324667,-4.9608245591712725,-0.2318413995620259,18.554475949206306,32.51799550878776,21.30982933493216,35.739766795241174,-29.82571215648811,-4.779567029869255,E3,E3
sensor:P3,P-cs,61,11,-1.3796116963977014,26.718238051424667,32.13862170954286,8.16093275069979,48.385413376020715,57.08812366666667,59.11643271930372,61.25872666666667,-7.282745747748262,0.09636097661585755,17.014703764504016,37.484218280250346,22.093598017674566,41.01230499120266,-11.328204745277503,25.55284682567793,E3,E3
sensor:P3,P-sim,61,11,-1.9746145276047988,28.45718360900263,35.93267485561273,-26.070980389416594,62.72544095487932,67.1519434648326,71.1624902907231,71.39671948745445,-9.420752540106495,-0.30483525701678177,15.897566969998186,41.71040341999247,23.217659305809867,47.582457223852515,-40.707710264323694,-12.095865362540676,E3,E3
sensor:P3,D,61,11,-1.8575164501870636,29.79072399964611,35.218314704192956,22.026161932637198,53.19305317952792,63.02446989390675,66.22667362747053,67.04994324418703,-9.268848101829194,-0.18242652601708212,19.717385817748525,40.55133764158556,24.337427572677036,44.519220075637435,4.297070814894645,36.751376796636535,E3,E3
sensor:P3,H,61,11,-1.2594203815192735,24.771810158256788,31.31646415677805,-20.80364185084195,57.131654852343985,59.65991136941804,64.56449332893004,66.45499752785467,-6.81224684457969,-0.012294611772508573,14.047583790112709,36.449649119679606,19.831697607287836,42.21457335631086,-34.50279953893733,-7.931728286676841,E3,E3
sensor:P3,C,61,11,-15.195855129946871,77.49008964480872,83.84480171475678,77.21604887978143,109.52709999999999,115.18126666666666,135.5455153333333,155.27693333333335,-53.4853593419022,-7.010641931678084,57.33883505520832,95.11150668470236,68.71936176402895,98.10711501606407,56.41200471338141,95.11150668470236,E3,E3
sensor:P3,S-geo,61,11,-0.4153914939164616,21.187953500546453,24.78634503530461,9.859013656830605,38.37431933333333,41.27749516666667,55.20424020666666,56.21538796666667,-2.2502290813200707,0.044474067510811295,14.586129058585232,28.155297016770238,16.116521772914094,31.63561847699012,-4.9673039953002105,21.922635542257236,E3,E3
sensor:P5,A,186,15,0.03817497100666711,31.53972398902689,43.42465905109661,-9.4878568437724,61.80495986949998,87.94004230499999,137.68348142018334,188.6604184473333,-0.3642786597568427,0.15502685538886118,21.97475095599728,41.82889286396812,28.426808952579,57.487930669838526,-29.790153781684523,10.352390672224963,E3,E3
sensor:P5,B,186,15,-2.0852962365646537,67.56782897849463,77.77442605013871,64.57706653405018,125.58963633333333,141.46332191666667,152.28985525,152.819193,-8.808149083100016,-0.461359079020084,47.89789619774508,86.88741678889642,55.31414350878494,95.65944381844578,42.282578155184616,84.64680488222876,E3,E3
sensor:P5,S,186,15,-0.9163568570410947,45.47979390681004,61.295214989124744,33.41308243727599,103.33541666666667,141.68437500000002,185.52083333333334,196.825,-6.306407911847999,0.43998433933500847,28.43426341985887,71.56224053273424,34.119421496247284,91.36371690633392,11.01003627095243,62.121081480175974,E3,E3
sensor:P5,R,186,15,-0.08279044496649379,34.17320279789229,46.07449538801659,-19.153782622326176,70.88313019969249,95.72907474222623,144.55216077302458,196.5195937948583,-0.6451049705078715,0.10610106696342181,23.244272213484003,46.08154534430513,28.949544574815004,61.58648365837308,-39.67316980781348,0.7542446018402396,E3,E3
sensor:P5,P-cs,186,15,-0.15791284767859182,32.99580022767666,47.64598574607568,8.992550902516493,79.46267933475333,115.74995195795765,148.04424066666667,164.6495918806155,-2.8028724857587943,0.5976139540884617,19.477987811381766,52.850814383578864,25.768902962107767,69.10686136441933,-12.118015355605957,33.182923786444576,E3,E3
sensor:P5,P-sim,186,15,-0.5075293432209507,39.87989727737838,54.365234695924244,-34.459824003802915,89.6421049995844,100.24604989563188,169.88837918637097,214.70577197218788,-1.5805549485474493,-0.007632035847708557,25.623667446822942,55.42934911348184,34.17742230566397,72.60522103523104,-53.45736958262559,-15.893494848096093,E3,E3
sensor:P5,D,186,15,-0.22867498004715658,37.46734464206163,49.080263701689006,23.334922338001366,81.78480075735328,109.55816738668572,144.70926355836747,149.6905802919569,-3.139667564488343,0.477415955037442,24.780446709292455,55.75548282252803,30.82410039408289,69.41821366126567,3.9060693409018956,44.9899378547508,E3,E3
sensor:P5,H,186,15,-0.2994659167661513,36.59525887865392,50.474360665168504,-28.650832763832312,83.06765324450728,96.68146002109017,162.45629864873885,206.76843074848298,-1.1785430836686397,0.13102853642700996,23.686556063896813,50.87873805674364,30.61735580703164,68.05962381496106,-47.44774856905153,-10.526257841303162,E3,E3
sensor:P5,C,186,15,-3.480455790882395,80.255420172043,93.72371146601087,77.29553282437276,145.82500333333334,185.66158833333333,211.2960768333334,218.52488666666665,-14.049004182129,-0.9525113257125838,61.136518447566985,108.66008201379108,68.2360959408114,124.88387850538352,56.98249156154802,106.47359828195228,E3,E3
sensor:P5,S-geo,186,15,0.44291618703443647,26.070086881003586,33.04826389357094,8.069421825448028,53.54502533333333,62.87955383333335,90.95617140833338,131.3381558333333,-0.09290888008778367,0.600255148720993,19.625758965867348,33.204552603014136,24.109005848027234,41.70884118581774,-3.535112582341095,18.779319334753577,E3,E3
sensor:P7,A,177,15,0.1377460123753531,22.65670934127119,28.98908334728857,-1.2268555290903944,48.36304143293333,52.736481018199974,73.28344171104011,89.10819753033334,-0.1903938176379547,0.22734795560285107,16.573313107750288,29.561823428474266,22.55532631829989,35.45093413481886,-14.324801718307793,12.74136218379771,E3,E3
sensor:P7,B,177,15,-5.16998409054981,70.49341979096044,77.54591044214699,70.35966382485876,110.5672992666667,127.04061179999998,143.6793192800001,151.87010466666666,-9.525882480825878,-3.2238786772308097,55.44875160259334,84.87076737946077,61.61718859833243,91.58468003596631,55.28726213646671,84.8221678392599,E3,E3
sensor:P7,S,177,15,-2.6222702249033403,45.73323917137476,59.416532091180734,40.78206214689265,104.61833333333334,137.975,162.4208333333334,173.79583333333335,-8.601825699222227,-0.029074125438847943,29.354751662311273,67.47566934371623,34.09652661282907,83.53358724923288,21.450198472526804,64.39545364302887,E3,E3
sensor:P7,R,177,15,0.0008256511047991522,26.096862869497603,31.20595768398098,-11.809758184959932,48.06440012471305,59.587311130087066,76.61808269896368,96.33063218105634,-0.7139116475012472,0.14713103063216385,20.815628310488805,31.7012434167886,25.756325911097687,36.341782658901245,-24.931324470369603,2.2339846261969374,E3,E3
sensor:P7,P-cs,177,15,-0.8501094351123473,30.995694800155125,42.4634803136873,18.411912897248104,76.22865966666667,96.2677457333333,115.98173993333342,126.81150433333333,-3.7078068800296013,0.43719727797625163,18.307330744235387,46.55688472261764,24.886351285196174,58.86102557289447,2.199449301916273,37.51841213715202,E3,E3
sensor:P7,P-sim,177,15,-0.5252486203821329,29.745356061751085,38.555576172059745,-25.459566441538172,65.97337975500109,76.87533835624428,89.62874186366214,102.59398693676488,-2.256457496547641,0.13997003568907665,19.061990918168256,39.99028091377865,27.79556031676802,47.21820878654843,-38.39184361468447,-11.917481408219253,E3,E3
sensor:P7,D,177,15,-1.1988198772636536,36.665875094454506,46.2926139558273,32.137022332765184,80.12081720707506,97.25965064947982,118.47498611798001,127.35579051493379,-4.311991664172047,0.1575124312773276,24.49603832503409,51.58659360131991,30.260233374280798,62.065194043669614,17.433829627644954,48.52393089093334,E3,E3
sensor:P7,H,177,15,-0.2004632529742616,26.745044533925096,34.20513528364471,-19.84063387099375,57.93612434902069,70.00972449542306,84.38417164133439,89.85809379155255,-1.512534168774168,0.2862979446222441,18.567027409813107,35.092869202531645,25.033779734933198,41.738274743747276,-32.11573562663893,-6.5591491530119646,E3,E3
sensor:P7,C,177,15,-7.903377686824834,82.88712365160075,93.15244867338352,82.75424572316383,125.511674,180.47130533333333,192.79657453333337,198.74830333333335,-18.951212383945258,-3.4143406660628255,64.45232973848348,107.19025177346929,71.30703810970142,119.0189792166213,64.16824961265034,107.10866348698038,E3,E3
sensor:P7,S-geo,177,15,0.28221801956416404,21.957647125612056,26.44923728641408,13.651784506779661,42.308609419999996,53.63612071333333,57.37228940000001,101.97839213333334,-0.37173119011145994,0.5759830156266367,17.01126308977218,27.67091402708385,20.745293814892513,32.33438694819596,4.20009997163711,21.89813271478301,E3,E3
sky:sunny,A,97,3,-0.7079445101181108,14.598618439879724,20.57399986324484,10.663912004340208,24.40496912646667,25.735571492733317,85.80898903433331,89.10819753033334,-1.7051637182681874,0.5099358241047397,2.496814161333333,24.35127974698742,4.277602026871748,27.557707288335184,-2.966652679363635,20.988706255276732,E3,E3
sky:sunny,B,97,3,-29.854322670557472,80.04410513402061,87.44598273081533,80.04410513402061,132.38784586666668,145.8173293333333,170.71748350666658,179.90179166666667,-120.18460261499305,-28.53692520974781,49.02520683333334,102.24433293710689,49.84384464313155,107.26321254330719,49.02520683333334,102.24433293710689,E3,E3
sky:sunny,S,97,3,-55.608138657936564,106.93865979381442,118.44624351919612,106.93865979381442,176.3075,190.88333333333333,216.2371666666666,221.92916666666667,-149.77445919052008,-52.29724933898285,54.999242424242425,147.35503144654092,55.59704404748676,150.87499816540134,54.999242424242425,147.35503144654092,E3,E3
sky:sunny,R,97,3,-0.4350015142068444,15.165833209061176,18.858538552820683,-0.5168611763182357,17.384581427162335,19.895565061987927,80.83269792274645,96.33063218105634,-9.846177695453594,-0.35170636271036715,14.633803387117469,15.486843647437679,14.911666078521522,21.381879932074508,-15.486843647437679,11.428651431106976,E3,E3
sky:sunny,P-cs,97,3,-29.599598522278672,79.36920425734917,87.08427057143649,79.36920425734917,132.38784586666668,145.8173293333333,170.71748350666658,179.90179166666667,-106.60749512242278,-28.53692520974781,46.04950751346376,102.24433293710689,46.96875767140667,107.26321254330719,46.04950751346376,102.24433293710689,E3,E3
sky:sunny,P-sim,97,3,-0.7087519959578281,14.811806937828202,20.5788627994566,10.281879734184757,24.40496912646667,25.735571492733317,85.80898903433331,89.10819753033334,-1.7051637182681874,0.5099358241047397,3.205375024030302,24.35127974698742,4.277602026871748,27.557707288335184,-2.966652679363635,20.988706255276732,E3,E3
sky:sunny,D,97,3,-31.923776082165197,84.05129032965267,90.33097002376492,84.05129032965267,132.44002767123823,144.9648260017875,167.3333446770927,176.37284176769356,-139.16521069929763,-30.68109588293618,52.934163847734354,105.54315357207504,53.60532448991779,109.60268868360775,52.934163847734354,105.54315357207504,E3,E3
sky:sunny,H,97,3,-0.7814115244514515,15.083332843368026,21.011835063174264,11.072066343706956,25.314678765056417,26.750374439300092,86.08462477802138,88.16529769333802,-1.8314400722813926,0.6287534579830233,2.6816244769448625,25.177619484644904,3.723103480526806,28.193564884356423,-2.136271480510798,21.85062711885857,E3,E3
sky:sunny,C,97,3,-100.18932070357609,152.60459855670103,158.36134968198073,152.60459855670103,201.7099,214.71821999999995,230.1845314666666,235.44848666666667,-554.0555346030332,-93.97731342401336,106.64063515151516,188.58954182389934,106.67337380180538,189.6676689357691,106.64063515151516,188.58954182389934,E3,E3
sky:sunny,S-geo,97,3,-0.518097572874064,14.88766995395189,19.396871881273167,12.567627072164948,18.35723496666667,20.35441339999999,90.16582630933326,101.97839213333334,-8.574371721001858,-0.4980101577602283,13.629772751515159,17.211409722727275,14.010155467056157,21.972163444404217,10.199128520125786,17.211409722727275,E3,E3
sky:mixed,A,131,4,0.016254271847487733,23.54143529607379,26.484120754985824,-6.071812737982187,40.23052266433336,43.928452427833335,48.611705500266645,65.58201650033334,-5.703240925105752,0.10577439297129831,17.313010774928344,27.684794724570704,19.37600844887641,30.31810162650847,-25.181077838522228,16.121861213484646,E3,E3
sky:mixed,B,131,4,-5.545802723091912,59.778191475826965,68.31649645282675,59.778191475826965,98.183357,102.8389445,147.94639579999983,152.819193,-29.394782497139648,-4.3620343288284245,33.55804301886791,85.2391715120482,39.76625621784289,90.10490801894667,33.55804301886791,85.2391715120482,E3,E3
sky:mixed,S,131,4,-2.644806592524865,42.4279262086514,50.97783339570765,29.829834605597963,82.86666666666667,99.72916666666666,137.97500000000002,143.76666666666665,-44.4650974196562,-0.5362190559840789,30.08596367051494,57.314989177489174,32.48409853727958,68.9430108830859,-7.229352678571432,56.70925324675325,E3,E3
sky:mixed,R,131,4,-0.397206793172983,28.905504572243803,31.562723727213847,-17.285444125745784,45.49800865897434,48.19880957802383,57.55398837560186,73.50731737216333,-12.13883309692005,0.1655077605020424,22.23676712167194,37.03910063361406,23.703762941361383,38.86092070905718,-36.79684388875384,5.79634648323113,E3,E3
sky:mixed,P-cs,131,4,-0.5486754576949511,26.937935482174392,33.22954063682079,4.853002265617444,47.22055359001222,57.22740211190257,98.27228970431851,103.81746666666666,-15.858347393511238,0.40629155273600415,17.482236475840633,38.127179306336004,19.99615808439634,44.01920425312538,-21.193323152753756,21.92870689478338,E3,E3
sky:mixed,P-sim,131,4,-1.2782759570969677,34.60767405606098,40.303920468417786,-32.916418931475896,64.30583597001319,68.53944007247094,75.35489149534965,78.20087226486324,-23.03629120420515,-0.14692691461841045,22.112672410841654,54.02543701426377,28.806994596810565,56.91005389622366,-54.02543701426377,-18.108676844805874,E3,E3
sky:mixed,D,131,4,-0.6521245807093317,28.318924785217014,34.32144198394788,19.18472586713746,50.221577832221975,55.63353988326097,96.77941608519936,103.8715459604899,-13.485164801442634,-0.06815098810444198,22.928518597207017,31.743244754419813,25.134276606065168,39.619292400372586,-5.34131539163005,31.037743160303428,E3,E3
sky:mixed,H,131,4,-0.7596414498593695,30.565099581817975,35.42062511151708,-26.905915255418723,57.70949965693721,61.10226854548098,71.72006776583048,75.7875863386108,-17.547800101598746,0.13386078337246232,20.370615827104785,48.68560849041634,24.60256135564358,51.03765328426051,-48.68560849041634,-11.878618213589604,E3,E3
sky:mixed,C,131,4,-6.744133534707711,65.58511599491095,74.30714001128865,65.27233385750637,112.89867666666666,116.39013499999999,127.31398999999999,134.11773666666667,-70.51917775627295,-3.243192438971863,34.14684296428571,82.4953007922078,50.83544391607558,85.63405213282384,33.049312785714285,82.4953007922078,E3,E3
sky:mixed,S-geo,131,4,-0.31016832880612344,25.426695366157766,30.563823149951762,7.597763635368955,50.400497333333334,57.14560315,58.589067439999994,58.81558233333334,-6.187641228238169,-0.11032761352973419,14.663421407692308,36.026889416161616,18.72997153830131,38.84127085102118,-18.88463816426117,28.661828015023474,E3,E3
sky:cloudy,A,151,4,0.16470364129792425,18.995764323527595,25.294215957230456,-4.576353813311258,43.65006154333334,56.30951538099998,61.19741160066667,70.52986857066666,-0.9604939479158374,0.45947880487000314,8.523868990633801,28.566580782677416,10.04440257376738,33.43766772986073,-20.820077348782608,18.575346244268296,E3,E3
sky:cloudy,B,151,4,-5.948540450721865,69.7507257152318,72.95376722081166,69.7507257152318,99.33847333333333,102.96048533333334,108.73570800000002,110.93294666666668,-30.654364398373495,-2.867444190844468,55.414805101449275,83.41272444086023,57.832957295073314,85.36468923890288,55.414805101449275,83.41272444086023,E3,E3
sky:cloudy,S,151,4,-0.33193777730616403,26.331788079470194,31.940587235533087,26.331788079470194,54.704166666666666,57.56666666666667,89.70208333333332,90.44583333333335,-8.257787263991244,0.5795519210100164,14.88851719211631,49.27317073170732,19.420515680818983,52.31267044893278,14.88851719211631,49.27317073170732,E3,E3
sky:cloudy,R,151,4,-0.013856361243530069,22.356780086159766,27.866931064359164,-14.882830293618888,50.86936158104668,60.98478592102417,67.80212110820085,68.5836564955327,-1.0777782174697834,0.31487973239840594,12.155298097601891,34.04464133125304,14.301651044503611,38.414040915780326,-30.744230608263017,7.061125965581954,E3,E3
sky:cloudy,P-cs,151,4,0.5914770873195483,13.030111627299897,17.689238517649446,1.2140701779984657,33.60139648541974,37.252929667113115,49.39210983345754,51.70905239425903,-1.241212708309058,0.7747917151025232,5.589883635604502,24.457940083334,8.477958371931,28.28503947327333,-11.263956201596399,24.03676290276125,E3,E3
sky:cloudy,P-sim,151,4,-1.4958872367744127,37.23100778643885,43.72334786487079,-35.83441749801637,68.07411870956449,84.79009923517577,91.50584159046745,93.29493505686705,-5.304326956437109,0.17929741125997556,13.575857477827812,51.69607420604805,18.411776971201302,56.553254655076294,-51.69607420604805,-8.432317635101121,E3,E3
sky:cloudy,D,151,4,0.16127912151746082,19.19934990463845,25.346013108329885,18.4032846445926,49.15897260764429,52.89305317952792,67.10819854017149,73.36429737649185,-4.313706356896037,0.7182392570044257,7.566026140263708,40.64043874849716,13.235728289679448,43.228899712667186,5.911817136590445,40.64043874849716,E3,E3
sky:cloudy,H,151,4,-0.8591900226871927,31.878407541816784,37.73660431578072,-28.60701964245638,60.2629132912533,77.1676107439346,83.14421675637894,84.9167686957164,-3.1293214268840197,0.3495522165535293,13.759571821883036,45.07177640206952,16.39113483512134,50.03811919256878,-44.33551848897615,-1.711289558384957,E3,E3
sky:cloudy,C,151,4,-7.093605223786865,75.22353929139072,78.73574419476961,75.22353929139072,108.09221,128.25801833333333,145.82500333333334,147.45585333333332,-39.38778173410523,-3.3553663297335365,64.17624753975815,104.82800987804876,64.52748981418831,107.96154772712505,64.17624753975815,104.82800987804876,E3,E3
sky:cloudy,S-geo,151,4,0.054078127094750905,22.520177466225164,26.917118226049553,22.520177466225164,49.25066150000001,54.875606250000004,60.781328583333334,73.38974233333333,-3.83830153047227,0.6434568318762566,12.686926897706421,39.4417222512195,14.900177835711302,42.31464542976146,12.686926897706421,39.4417222512195,E3,E3
sky:rainy,A,129,4,0.015707088814063352,46.53077113030749,56.11511251872967,-4.804505652328165,79.57112436926667,105.11817321799994,142.0870627948133,188.6604184473333,-2.0649414666262245,0.07720298478891618,42.13632752706308,50.384386991222236,50.94764638590152,64.2298747381145,-45.6970931973465,35.343095332954725,E3,E3
sky:rainy,B,129,4,-1.328408224326954,71.90008189405684,86.3072386249993,67.4042941369509,140.95027193333334,142.28503353333332,152.46364346666667,163.32835166666666,-7.727126109765548,0.19468632269993436,23.6178458991228,112.04271548550726,34.09157333905192,117.04351191099519,18.657703588744578,109.50025155315316,E3,E3
sky:rainy,S,129,4,0.6453741601068319,28.268540051679583,33.68238596347513,12.49625322997416,45.56583333333333,54.986666666666665,94.85483333333329,129.1208333333333,0.13408910802396035,0.7722536796133936,22.551934523809525,39.31799999999999,23.766090834918003,46.91097371321792,-6.339177489177488,21.434036144578315,E3,E3
sky:rainy,R,129,4,-0.025667995909144148,47.02889857098058,57.28238100222714,-14.395528231440334,80.13816678953636,111.19334238131295,149.9525140282723,196.5195937948583,-1.795764498887813,0.10829001640558145,41.80586741548012,57.35433577031796,45.03121961800913,69.82163698038619,-55.94371121674166,26.034428667384002,E3,E3
sky:rainy,P-cs,129,4,0.5906054759328876,24.17427610381247,36.190007581373536,-5.087067540814458,54.48050064269303,67.53167038214046,125.44872419388774,164.6495918806155,-0.782576752509244,0.8958833936633033,14.282779685528935,42.02197616288928,16.73284143435086,56.28237138917054,-34.14597244322178,11.017867706302853,E3,E3
sky:rainy,P-sim,129,4,-0.12163676215882457,40.19894016917837,59.90233849762936,-38.79875802309052,93.25672739499828,122.97836299480238,171.575871188768,214.70577197218788,-3.1720863472170917,0.406108208900945,14.237699362587122,70.1625762084223,27.43568698579183,84.74152241307266,-70.1625762084223,-11.30866968401415,E3,E3
sky:rainy,D,129,4,0.5395090683936248,33.04351508601999,38.382052969355826,12.445060127760277,42.835533842961254,49.900613452332166,108.28831955536499,144.3470496849423,-0.10793199576459944,0.6717436703732995,25.37850379106008,38.48149884342273,28.638586920973818,47.41270908367603,-17.345900580106726,29.702602476773304,E3,E3
sky:rainy,H,129,4,0.002854465908560755,38.82878447442678,56.48029204313115,-31.107806229794544,87.84355431142758,119.49735058846684,164.1800047816237,206.76843074848298,-2.6223947893076804,0.45565921439290236,17.58942650241472,64.52749834671106,27.039554248731307,79.40200874339911,-64.52749834671106,-1.6266070266124966,E3,E3
sky:rainy,C,129,4,-0.4607798688424709,60.448935204134365,68.36125813757684,56.18691608268734,115.30158,117.93841333333334,129.8082466666667,130.27008,-2.432751422216907,-0.1646282996960371,43.919259515151516,82.25852595679011,46.682388629918975,90.75048319896389,43.448222646464636,69.53221396825397,E3,E3
sky:rainy,S-geo,129,4,0.6262352871987064,28.09066484599483,34.579348610086534,5.232583465633076,51.45522345333333,70.50821829999992,96.71723579333329,131.3381558333333,0.04307596434437744,0.7408016875607039,22.09063145416666,38.99340491493333,24.03496143990854,47.59884641308423,-13.689963899122807,17.388947733180434,E3,E3
sky:cloudy+rainy,A,280,8,0.048399875656891855,31.681535316651193,42.3766384651721,-4.681466624858334,61.14015207906666,78.09767776525001,131.74024046829317,188.6604184473333,-0.49442244235947563,0.136682844559451,20.115802651304097,43.99117420524232,29.560712226253226,53.79191074237229,-28.05082929866039,19.73531745272923,E3,E3
sky:cloudy+rainy,B,280,8,-2.3395130631113323,70.74096481190476,79.38543547933727,68.66969116666668,124.55611933333333,140.21901133333336,151.92600876666665,163.32835166666666,-7.5513901544587085,-0.48193999669137255,47.29759504202911,92.81210377429468,53.961263872711726,101.29854206123609,43.778690787369335,92.13839634146048,E3,E3
sky:cloudy+rainy,S,280,8,0.4314806926825603,27.22407738095238,32.75456735198428,19.957559523809525,50.832499999999996,56.82854166666667,90.37670833333334,129.1208333333333,-0.40001580291666206,0.6893095407362296,19.421646253602308,37.50133804941563,22.935548437852262,43.74359670966686,10.827052965673541,29.725872921611202,E3,E3
sky:cloudy+rainy,R,280,8,-0.02300003279880536,33.72357753095222,43.93767600015487,-14.658323272115197,67.58269464846337,78.85353372781168,139.1942824506219,196.5195937948583,-0.8147647272841494,0.10921112738151019,22.606933194236955,44.486375985607914,30.73137647947927,56.5729040618548,-38.12343286045736,9.319432416848622,E3,E3
sky:cloudy+rainy,P-cs,280,8,0.590829205602386,18.164387403978907,27.78763411682318,-1.688953985311774,38.457713863066104,51.96634149601898,117.76709946002408,164.6495918806155,0.12037147071348119,0.8240307631171494,10.693063350014521,28.5866002104835,15.3110514567633,41.51743219912497,-14.847998265910826,10.155955310141847,E3,E3
sky:cloudy+rainy,P-sim,280,8,-0.4223536507495014,38.59837663420099,51.8087428412321,-37.20013152563982,86.19161639974287,92.64628359414236,160.754785900699,214.70577197218788,-2.2146992894407966,0.17881917614565176,22.3390138364815,54.4583739179498,33.7754851884912,67.20362884626947,-54.41845623096354,-19.292910653914543,E3,E3
sky:cloudy+rainy,D,280,8,0.45675607012218633,25.57755457748923,32.018184240812204,15.658245492194848,44.35726764160277,52.62305317952792,98.41735377148007,144.3470496849423,-0.15184127524828825,0.6442260570018102,15.853088335712073,36.25515074576022,22.257361309059405,41.573558604594936,1.8950750558006237,28.352419673412065,E3,E3
sky:cloudy+rainy,H,280,8,-0.1857566185900681,35.08054548576925,47.30390969627512,-29.75916774876575,79.97489805830685,86.06790236184459,153.0336687841255,206.76843074848298,-1.5952242196274589,0.29192982052929084,22.210175722395604,48.68742248630627,30.388025337094664,62.40054405960275,-47.7675877933598,-10.756550676918504,E3,E3
sky:cloudy+rainy,C,280,8,-1.912509206779046,68.41666812261906,74.13664212898648,66.45309502738097,115.30116333333334,124.62040333333333,143.76339306666665,147.45585333333332,-6.084755359773191,-0.7457962345122651,56.97210717908527,83.17365132904847,61.24622441985861,90.10511887315245,55.87777988235295,80.5588601351178,E3,E3
sky:cloudy+rainy,S-geo,280,8,0.501026940581609,25.086580580476195,30.685825222340775,14.55553594452381,49.506678646666664,55.24767861666666,88.63022846166662,131.3381558333333,-0.031009514720000908,0.7017343557897565,17.893703029991727,34.1889805842601,21.782925043690483,40.37852775027964,4.110538136378205,24.248019524289706,E3,E3
shade:shaded,A,508,15,0.0499355438422302,26.320519490386488,35.37654224650555,-2.109879250423229,52.74905451456668,63.678921495916654,121.63049128241676,188.6604184473333,-0.26520753448670586,0.13249593466758144,19.370782512465656,33.822526770038294,26.50294408251155,44.153354730970335,-18.23962245670955,13.456468320982182,E3,E3
shade:shaded,B,508,15,-3.659015180994115,69.69033745800525,78.3404225300519,68.54869056692912,122.2479753,137.3562220333333,152.56614295,179.90179166666667,-8.730719938670363,-1.5070170113859227,52.35289565259681,85.52809851799587,58.681384942993084,93.70951665771446,50.24266693937662,85.09324085327542,E3,E3
shade:shaded,S,508,15,-1.9912818623280488,46.365846456692914,62.772223969375666,39.111958661417326,110.67291666666668,148.11041666666662,190.36325000000002,221.92916666666667,-8.332835070902611,0.263930741300803,28.25024129820891,73.798403951194,33.99446835493775,93.93676632313472,17.92811327264004,67.07122178570252,E3,E3
shade:shaded,R,508,15,-0.05434767247371797,28.93761541123916,37.26754363488882,-12.63554966686579,57.82849683310586,70.24603736864978,127.70525095672086,196.5195937948583,-0.5900518411711047,0.07713309969669642,22.213525948827936,36.33133492009401,28.22673999877897,46.577177506997316,-28.720269294358467,3.0126980555817213,E3,E3
shade:shaded,P-cs,508,15,-0.6385324633467389,32.113604004413006,46.45862711329963,15.475686995809957,79.51210365866109,108.13778304510906,147.4465336,179.90179166666667,-3.832255710794932,0.5122181892797495,18.521529311761018,52.05537479461276,26.146170784821155,68.08436282071223,-3.0891016729518594,38.57375440779237,E3,E3
shade:shaded,P-sim,508,15,-0.5024957287586902,33.02735439348347,44.4882650863925,-27.029026324776712,72.22438620935104,89.24051990235286,129.8126679632055,214.70577197218788,-1.6846929600053298,0.03740514684269329,21.70720259652191,44.171665382761475,32.53081252572912,56.6580782249852,-42.5435351048987,-10.865209854944926,E3,E3
shade:shaded,D,508,15,-0.8423333746918416,37.449743288458116,49.263238299335754,29.626935016507627,82.16008221571734,108.23473344599641,144.50378314946587,176.37284176769356,-4.256761821863538,0.3497700914301358,23.872023494685767,56.762809730512885,30.48737060448635,70.29270896498561,12.63766852143992,49.94651967762637,E3,E3
shade:shaded,H,508,15,-0.24589538339806793,30.09776391149654,40.51162231069242,-21.226872899162768,66.14417277677711,82.75970637621077,126.83859875012288,206.76843074848298,-1.2037428344256147,0.1827614047158032,21.020049090593528,39.53508635240251,29.214331722808765,52.28548362212722,-36.4189250101912,-5.802571455484727,E3,E3
shade:shaded,C,508,15,-6.01587665857799,83.7617388379265,96.13462122516538,82.59879606889764,160.91943333333356,185.60262999999998,213.78071999999997,235.44848666666667,-17.087605326645775,-2.1363485204802646,63.47186322693801,112.75563263097857,70.1367888036898,127.4735012251207,62.456731262818884,112.13589192039723,E3,E3
shade:shaded,S-geo,508,15,0.36859513045081294,23.22685756108924,28.8398375859804,12.381726233661416,47.086950600000016,55.46549761666665,88.3658476783333,131.3381558333333,-0.12157326207339304,0.5790720295787917,18.140821834465264,29.50987938376117,22.61788802717169,35.2496304724877,3.300296612940135,19.96567496429557,E3,E3
horizontals,A,508,15,0.0499355438422302,26.320519490386488,35.37654224650555,-2.109879250423229,52.74905451456668,63.678921495916654,121.63049128241676,188.6604184473333,-0.26520753448670586,0.13249593466758144,19.370782512465656,33.822526770038294,26.50294408251155,44.153354730970335,-18.23962245670955,13.456468320982182,E3,E3
horizontals,B,508,15,-3.659015180994115,69.69033745800525,78.3404225300519,68.54869056692912,122.2479753,137.3562220333333,152.56614295,179.90179166666667,-8.730719938670363,-1.5070170113859227,52.35289565259681,85.52809851799587,58.681384942993084,93.70951665771446,50.24266693937662,85.09324085327542,E3,E3
horizontals,S,508,15,-1.9912818623280488,46.365846456692914,62.772223969375666,39.111958661417326,110.67291666666668,148.11041666666662,190.36325000000002,221.92916666666667,-8.332835070902611,0.263930741300803,28.25024129820891,73.798403951194,33.99446835493775,93.93676632313472,17.92811327264004,67.07122178570252,E3,E3
horizontals,R,508,15,-0.05434767247371797,28.93761541123916,37.26754363488882,-12.63554966686579,57.82849683310586,70.24603736864978,127.70525095672086,196.5195937948583,-0.5900518411711047,0.07713309969669642,22.213525948827936,36.33133492009401,28.22673999877897,46.577177506997316,-28.720269294358467,3.0126980555817213,E3,E3
horizontals,P-cs,508,15,-0.6385324633467389,32.113604004413006,46.45862711329963,15.475686995809957,79.51210365866109,108.13778304510906,147.4465336,179.90179166666667,-3.832255710794932,0.5122181892797495,18.521529311761018,52.05537479461276,26.146170784821155,68.08436282071223,-3.0891016729518594,38.57375440779237,E3,E3
horizontals,P-sim,508,15,-0.5024957287586902,33.02735439348347,44.4882650863925,-27.029026324776712,72.22438620935104,89.24051990235286,129.8126679632055,214.70577197218788,-1.6846929600053298,0.03740514684269329,21.70720259652191,44.171665382761475,32.53081252572912,56.6580782249852,-42.5435351048987,-10.865209854944926,E3,E3
horizontals,D,508,15,-0.8423333746918416,37.449743288458116,49.263238299335754,29.626935016507627,82.16008221571734,108.23473344599641,144.50378314946587,176.37284176769356,-4.256761821863538,0.3497700914301358,23.872023494685767,56.762809730512885,30.48737060448635,70.29270896498561,12.63766852143992,49.94651967762637,E3,E3
horizontals,H,508,15,-0.24589538339806793,30.09776391149654,40.51162231069242,-21.226872899162768,66.14417277677711,82.75970637621077,126.83859875012288,206.76843074848298,-1.2037428344256147,0.1827614047158032,21.020049090593528,39.53508635240251,29.214331722808765,52.28548362212722,-36.4189250101912,-5.802571455484727,E3,E3
horizontals,C,508,15,-6.01587665857799,83.7617388379265,96.13462122516538,82.59879606889764,160.91943333333356,185.60262999999998,213.78071999999997,235.44848666666667,-17.087605326645775,-2.1363485204802646,63.47186322693801,112.75563263097857,70.1367888036898,127.4735012251207,62.456731262818884,112.13589192039723,E3,E3
horizontals,S-geo,508,15,0.36859513045081294,23.22685756108924,28.8398375859804,12.381726233661416,47.086950600000016,55.46549761666665,88.3658476783333,131.3381558333333,-0.12157326207339304,0.5790720295787917,18.140821834465264,29.50987938376117,22.61788802717169,35.2496304724877,3.300296612940135,19.96567496429557,E3,E3
overall,A,4602,15,0.32766623950632134,167.06988466708935,239.0424697573909,137.90895177986772,401.8875789389334,500.62267394979995,746.5912083335234,881.3700154623334,-0.3666573290317277,0.7053674283676983,108.2221446767692,234.47216924207723,160.63590833278016,308.79224047811186,77.10250921919983,210.54794144313433,E2:P0,E2
overall,B,4602,15,0.31822707950493445,167.41873508564646,240.71462715690424,138.45881242969978,408.50734620000026,505.51858416666636,753.5964740133329,887.7881103333334,-0.3880382176243316,0.700904279756397,108.82247481012053,235.06032056347254,161.3938935184992,310.9205015516477,77.70763178814997,211.31546393681515,E2:P0,E2
overall,S,4602,15,0.880141592494578,61.0953970469676,100.92920655580208,6.2312256722030135,148.2158333333336,222.76666666666668,399.54391666666646,795.7833333333333,0.7855186376612807,0.9422195095593756,43.081796961443445,79.64080071476893,69.81691437175733,126.55819444695555,-3.0057093553208074,15.743553490284096,E2:P0,E2
overall,R,4602,15,0.3208320904173224,167.06914057979407,240.25430939429805,137.64001044810217,407.62297413299024,504.6876582545985,752.8899695531637,887.0803982700434,-0.3834439472296498,0.702859363734739,108.62908824897018,234.55010453447218,160.93639708298576,310.41702673683756,76.87241543167148,210.51970014458996,E2:P0,E2
overall,P-cs,4602,15,0.8747331178235858,60.62815005180851,103.18123972588536,-16.524892295388458,145.85013687561838,226.65017457214952,405.0122640547342,838.2623416817041,0.7729012427871903,0.9405975112024751,41.64178349605139,81.15486173155202,70.35482723301197,131.01764662145678,-28.312425797689073,-6.201369471139374,E2:P0,E2
overall,P-sim,4602,15,0.873048402170709,60.82024661110734,103.87276521221246,-19.23742759609962,148.7277848362589,229.378807522135,410.3308236217167,846.353774764752,0.7689579467445015,0.9398498486904008,41.52415197517306,81.64353938694443,70.66461017837038,131.82862188086642,-31.19651565767827,-8.678604447870775,E2:P0,E2
overall,D,4602,15,0.8602550043016142,70.53234292020487,108.98098775841834,-6.778340306855648,169.19499289550595,237.01022991134707,400.7002649390956,798.561781747941,0.7497989624462541,0.9307407187084252,50.86843804079729,91.65779535461665,75.8350576765692,136.73447321773577,-24.53570922553323,13.809821740220086,E2:P0,E2
overall,H,4602,15,0.8589845251762434,71.22105249844955,109.47526233677753,-9.854268727947609,168.33362306555216,235.14616730879757,405.78398776150004,810.4092440813783,0.7475718070408638,0.9298467813227359,51.32894784832383,92.49367004637526,76.26709323725855,137.29879207080188,-27.697282273443378,11.11269603602353,E2:P0,E2
overall,S-geo,4602,15,0.8802056912974551,60.62925828308958,100.90221509718853,4.962915835805792,147.51103220333343,221.49595155999995,401.33188556266634,797.5978133333333,0.7855152532449841,0.942393363813716,42.38324366428271,79.42583098156405,69.74273535232987,126.61663706075817,-4.006183262140973,14.490411367573873,E2:P0,E2
overall,A,4602,15,0.31143503541959416,165.29111361909628,236.94403617713974,139.16201158665356,400.1197412106001,499.3070973709833,747.05453076172,878.813366699,-0.3971709760715164,0.6921545711635514,108.37693732409474,231.35379142547808,159.3389741952062,305.94839635699816,80.84389555710088,207.68266507896698,E2:P1,E2
overall,B,4602,15,0.294918301276089,167.64671724653428,239.76900583578166,142.5134250666125,406.4175842,505.4684900499996,754.5352029299997,886.379777,-0.4289962825695258,0.6845526844867572,110.50614907291884,234.39858776884216,161.843959371725,309.3500447458421,84.04770608746425,211.45529457124894,E2:P1,E2
overall,S,4602,15,0.8718872271732185,62.18295369373114,102.20438681207544,10.28583830911576,150.0487500000002,226.01104166666653,392.35324999999955,830.775,0.7764668037993794,0.9365015203699367,45.36889970151531,80.61283850559602,71.32553688819506,128.21738602136708,1.0523727631465767,19.471636878625027,E2:P1,E2
overall,R,4602,15,0.30326968218157435,165.5435083995394,238.344797073336,139.17037577317194,404.58255598894874,503.451426994404,752.3971166123915,884.260768051458,-0.41381324081849363,0.6908809434593213,108.9005465271392,231.85048685547554,160.12915641689392,307.88060048629603,80.81215198974219,207.95391123755266,E2:P1,E2
overall,P-cs,4602,15,0.8664370874838931,61.776563790788266,104.3557207353997,-12.723508713733674,145.52006960616893,226.80816611480597,410.8090131404245,899.1226906447934,0.7615688908286954,0.9354227190639076,43.73042388611791,81.49960499459216,71.34925579586502,132.5518252791776,-25.6466514042768,-1.4070142757792619,E2:P1,E2
overall,P-sim,4602,15,0.8652014968990891,61.87274482207858,104.83730692887686,-17.098259867408878,145.64757923893606,226.33334178515238,413.50657841896225,910.1179585650007,0.7580986139314494,0.9366436755964592,43.44721992735643,81.9510711534937,71.29479004192603,133.50917907168258,-30.303722855579647,-5.176362007336185,E2:P1,E2
overall,D,4602,15,0.8543703933942556,69.7702931377901,108.96779418263637,-2.414979337072565,166.4910332589285,234.35610563750743,402.1030454188871,858.0410514213132,0.7441883564455137,0.9279128649246331,50.27738806166971,90.70935176555,75.4879826134931,137.34594085613432,-19.5308473808145,14.931103755232423,E2:P1,E2
overall,H,4602,15,0.8541193756655325,70.06347114047759,109.06166613679177,-7.20429645017369,163.9516039924388,233.51346350125647,404.38728739387165,865.2403744766436,0.7415200021279622,0.9288228607316993,50.45362584913958,91.066944934684,74.90595887908114,137.75112428741437,-24.349896479157355,10.566210846236022,E2:P1,E2
overall,S-geo,4602,15,0.8736712124961659,60.7260588733994,101.49028810892773,6.8090023526837715,144.83556835333334,222.47524969499963,397.12887898666554,838.170482,0.7781243860900393,0.9391228040394601,42.495932174705914,79.3420654485325,69.48634726401419,128.1483120217759,-2.1407463675123015,15.549476237879405,E2:P1,E2
overall,A,4602,15,0.3148425093739251,165.9953206358307,237.95153775293042,139.74217007807334,401.6509141031669,499.4496389772498,748.3006047362999,878.84074707,-0.3993779379772559,0.6964704214829901,108.07278490118249,232.81497110072965,159.8271995474426,307.3990588750217,80.11537517383425,209.73801108406977,E2:P3,E2
overall,B,4602,15,0.3012249073313492,167.43068221690635,240.30456383031085,142.19080726181434,408.3082398333336,503.077388,755.8596479499996,886.1547770000001,-0.4281456358341633,0.690259033280952,109.75281241041449,234.65471798187917,161.39803464696533,310.28298689036995,82.73536724530074,212.5225970018347,E2:P3,E2
overall,S,4602,15,0.8761159481608933,61.108749622092475,101.18147620468122,9.963220504317597,142.84333333333348,214.9775,392.3019999999995,818.9833333333331,0.7801374754185656,0.9401856943220867,43.50598780564231,79.43539277094565,69.38480253958647,127.48803993195196,1.0029221699022464,18.728327076197722,E2:P3,E2
overall,R,4602,15,0.30509339015308656,166.59136704648483,239.6384666355014,140.28045728325637,407.2600137196734,502.0559371226824,754.7845170633767,885.0834587930731,-0.42116018830442586,0.6927317491127419,108.94315144072638,233.6129512615158,160.76578642299532,309.4967107064143,80.48690073250798,210.4492562567029,E2:P3,E2
overall,P-cs,4602,15,0.8711898643897655,60.430530315286184,103.17353940650243,-12.687680977904318,144.64880531414116,226.9014934669787,400.9530878832128,890.4196989039838,0.7674216536119934,0.9393002758979593,42.14727111898663,80.00217657677327,69.97641624807946,131.41336530630923,-24.961488177687883,-2.0297896585709485,E2:P3,E2
overall,P-sim,4602,15,0.869341841295933,60.718569411023495,103.91101272515257,-16.67911835495689,145.61418617858814,228.583829066964,405.9540213770902,901.6840634310038,0.7627348328647734,0.9386322967026911,42.34909250133893,80.73802542169503,70.52429225857675,132.40266406695216,-29.302913267563397,-5.628110729302199,E2:P3,E2
overall,D,4602,15,0.8588313859412761,68.73882437910677,108.00960708169595,-2.6042769302237776,163.94760113985123,233.30506665852178,398.757638132978,844.772025005816,0.7473536102950993,0.9315061505879086,49.25017101747498,89.82384144748428,74.43534363883337,136.25949631610519,-19.52186665972771,15.460446335036107,E2:P3,E2
overall,H,4602,15,0.8575375992386982,69.48441667140506,108.50342320555094,-7.291790048375859,162.63420526869507,233.57194744171466,401.6092198924643,848.4560242948744,0.744327096045705,0.9304124269095568,50.003014336239886,90.70343271151077,74.60484442951565,136.76079418553311,-24.441538197544546,11.459994013465261,E2:P3,E2
overall,S-geo,4602,15,0.8764243635412787,60.308319820093345,101.05544961211933,8.140700817963843,144.22125866666667,215.791092795,394.2649088539995,822.5152223333331,0.7800211165227217,0.9408532877364456,42.20551294749739,78.78649040730383,69.10653954796753,127.56511497244945,-0.7915904874931458,16.85734145256406,E2:P3,E2
overall,A,4602,15,0.27903146651975574,167.4172415622855,238.87367906868883,146.9587495791072,403.427319742767,501.7704467775997,748.9633053791032,879.9696492513333,-0.4667630582537793,0.6751247633634272,109.65802749471196,234.3442158991347,161.02742873136793,308.53907096830625,89.59289886745492,215.21235491094922,E2:P4,E2
overall,B,4602,15,0.26781497030217283,168.3605666203352,240.7246510233442,147.62086893947182,408.81757013333373,506.76529839999927,754.5155847166666,886.3881103333333,-0.4906929739736968,0.6721917650235782,110.99079995062236,235.07900014973993,162.13686918779473,310.99708872602446,90.1654857619947,216.18971322684834,E2:P4,E2
overall,S,4602,15,0.870904818929976,63.133559959752844,101.07998266704614,15.39328218197507,143.08250000000004,216.8604166666666,390.48691666666645,826.6083333333331,0.7741681812310282,0.9362977693355291,47.62088350425647,80.70531218673281,70.37473523975447,126.76681943145624,6.125220675042771,25.707946693102695,E2:P4,E2
overall,R,4602,15,0.2703510757035037,167.93486039509943,240.3073844596482,146.9408979967878,408.14182869663136,506.1163761387643,753.875619894521,885.7584253394934,-0.48623650442813166,0.6740496305652535,110.69239870745304,234.52735992186942,161.69990469413773,310.52537356313667,89.49656978101216,215.50596555872318,E2:P4,E2
overall,P-cs,4602,15,0.8688250821340944,60.678998170894374,101.89093410624136,-6.978684773334503,142.62253574889263,218.8857650683241,400.96546345023927,892.1450603687922,0.7649542212831835,0.9385338894407675,42.33649602511416,80.0592569975524,68.69668058427999,129.6523103121249,-20.155614862246658,4.962818052960075,E2:P4,E2
overall,P-sim,4602,15,0.8679760499769806,60.34818749200241,102.22014776196457,-9.764608136322508,142.1849593698445,219.72317888747205,397.2726363410487,902.5828858604677,0.762333102959078,0.9387136961629644,41.72333298862108,80.14165194842452,68.60279864961245,130.3751163392,-23.362035935610717,2.7017864622718717,E2:P4,E2
overall,D,4602,15,0.8575349829072618,66.35530296699329,106.18526629824335,3.513438360837558,161.59830676393148,228.4322793806429,395.4261105041342,864.8850380369822,0.7463114251658842,0.9315402430515962,45.23298700998804,88.13245956730461,72.39997643064528,134.65060371475354,-13.166970349018044,20.044197232826388,E2:P4,E2
overall,H,4602,15,0.8583341079667499,66.26201792657608,105.88703646603544,0.5024540474302405,160.84607430249105,226.21981688419655,391.09384936285704,874.8413616703203,0.7462256448752006,0.9332530403137134,45.14116456890798,88.46379306297855,71.4196760038541,134.6008100645743,-15.894713451404414,17.135013538000265,E2:P4,E2
overall,S-geo,4602,15,0.8715230139035169,62.51581514223148,100.8376725978187,14.359445611723004,143.63372009333364,216.8395381933333,392.23093501866606,828.660599333333,0.7747651464990004,0.9369850145908493,46.91651857071663,79.88423988816842,69.64252500753568,126.6552943738451,5.447874267078063,24.101994464069808,E2:P4,E2
overall,A,4602,15,0.312440008779699,166.53691769122992,237.38445156480324,137.6847749495266,400.1064274086667,497.3991131593499,746.7683628739134,879.1512898763333,-0.3938837319686972,0.69284063467831,110.4031364338456,231.92948307428497,159.75346571349706,306.5440681615654,80.16078354244385,206.86908369915017,E2:P5,E2
overall,B,4602,15,0.2931640313626085,169.88084504978931,240.68902721999874,143.6973437629575,407.68431196666677,503.41320994999995,754.7560224033331,886.6896853333333,-0.42936036912225833,0.6827213798472054,113.45309453416654,235.52097485403468,162.63478455564882,310.28640018572406,85.34478374179899,213.73494314200224,E2:P5,E2
overall,S,4602,15,0.8728386018562251,62.72243156724549,102.0879817925559,11.469757005460764,147.47875000000008,217.7320833333333,399.6400416666652,792.125,0.7770155456345808,0.9366108009289977,46.16899500042674,80.92908388451417,71.2443383359119,128.1889516203555,2.8250309382209555,20.443095317983026,E2:P5,E2
overall,R,4602,15,0.3030955553464505,167.41110296197874,238.99212356653288,138.13268657371438,405.2836193148878,501.1721482738345,752.0380733689807,883.9967558191872,-0.41211714341114725,0.6886132164492393,111.04868809129158,233.10253571340516,160.6969494594773,308.49570071457805,80.41257042984897,207.65317458478603,E2:P5,E2
overall,P-cs,4602,15,0.8686383214889253,62.43830270689669,103.7603231391834,-11.06168790378518,144.77090769066328,224.9088334682651,403.2800909508524,863.0439918750119,0.7667433108238074,0.9367654513317146,44.91112476769018,81.46498543433802,70.89468855606852,131.91879994217203,-23.150064810227413,-0.04123489925562119,E2:P5,E2
overall,P-sim,4602,15,0.8664724147376138,62.91031003479695,104.61223208680046,-17.17535465576397,145.26877390044703,224.66594972970535,401.2156865223791,874.6793191623862,0.7611434704489699,0.9364389671006808,44.7382686029635,82.774185108401,71.21021259603356,133.21298046524197,-29.91464540609714,-5.504363068378327,E2:P5,E2
overall,D,4602,15,0.8563913784983733,70.14073533949554,108.4893801160353,-0.7859566659980635,164.07009920702916,231.1708360471099,402.6764884990658,800.1054938349836,0.7487044228913641,0.928369380845851,50.94184047937495,90.59356628783323,75.27525626008934,136.65166049457696,-17.31658694891439,16.92945847002377,E2:P5,E2
overall,H,4602,15,0.854983658819996,70.79942606454965,109.01981551748095,-8.278622169400998,163.57586568025982,232.66292442296506,402.8621536713619,806.4713127497826,0.7441609751163808,0.9281360218882737,51.519639829009,91.56557984858613,75.18445064835313,137.3924267256459,-25.265439785855786,9.435149229655183,E2:P5,E2
overall,S-geo,4602,15,0.8746286423789946,61.09020328076861,101.36689306833543,6.941620037468591,143.79963691666669,217.90090549666647,401.97066836199855,801.478029,0.7795020315880281,0.938934834883308,43.50588610645786,79.17281743994305,69.28328029382246,127.95093929926828,-1.6449887420631533,15.554142352247196,E2:P5,E2
overall,A,4602,15,0.3023759423258875,165.99773272673502,237.28983555264458,141.24697195926754,400.4211580400336,498.0960961910496,747.6936288249265,879.8246582029999,-0.4127212313849841,0.6897136689614338,108.27454639278996,232.55539361984424,159.8494150719996,306.4491664904067,82.73142972542112,210.7012033950303,E2:P6,E2
overall,B,4602,15,0.29203985402985577,166.6440733032393,239.041230633002,141.80526037451264,405.51647396666704,501.67065349999984,753.1671188066664,886.192277,-0.4342549824871109,0.684664610642673,109.18010633762523,233.22888841338988,160.7309649651326,308.6033453303942,83.17738711124487,211.4044364784035,E2:P6,E2
overall,S,4602,15,0.8746450610774189,61.257828984247546,100.58637006460394,9.57767361701592,144.7008333333336,217.45020833333328,399.28454166666637,805.6125,0.7783195147299936,0.9386981155837918,44.58907602636684,79.13201748316078,69.38421110227416,126.26451145440886,0.9420950073774284,18.500451335799337,E2:P6,E2
overall,R,4602,15,0.29547703274452575,166.14204444061693,238.46024657449146,140.85067402234296,404.54861389758986,500.68650331266474,752.1668221620243,885.1815361724459,-0.42718336543761515,0.6865795136117997,108.75793875476941,232.55794824364528,160.16533602472762,307.93562599169906,82.22313284848478,210.44958111668356,E2:P6,E2
overall,P-cs,4602,15,0.8693486087227371,60.821892773469244,102.68935601220505,-13.078448784133805,143.65598393404846,222.9356055308103,398.28049473877337,872.1279534446321,0.7660572899632939,0.938066931335033,41.973385102088876,80.66043415504295,69.6408176636277,130.51209573248744,-25.22667496844001,-2.0825740994211097,E2:P6,E2
overall,P-sim,4602,15,0.8680880948848003,60.77232565847681,103.18353613608832,-15.783468140132396,145.46158924566183,223.18342535651774,395.3205047626712,882.4602097987067,0.7620921220497408,0.9379471636598589,41.59776168454806,81.12519011161883,69.80099264109334,131.52677997300498,-28.233155931938807,-4.363321567649486,E2:P6,E2
overall,D,4602,15,0.8577780488794382,68.47123887701012,107.14002098353224,-3.017837645512362,161.75726210970595,230.29825206179785,396.1364604837227,846.5963403938026,0.7483176707980836,0.9299161138991917,48.31300234256634,89.72218808775362,73.83341936357918,135.21252551582137,-19.827436863116905,14.452512042967935,E2:P6,E2
overall,H,4602,15,0.8575203852297373,68.89014741919378,107.23702990668758,-6.087984554467214,162.08512388435085,229.73494509711585,399.37206345954024,853.4766190898706,0.7461911273100141,0.9305547629807602,49.056701514171344,90.35084231300166,73.3936832394618,135.62912215161782,-22.73763453044879,11.672130802474848,E2:P6,E2
overall,S-geo,4602,15,0.8749095794087287,60.6717946624382,100.48018761176323,8.081112379271458,143.7701175200001,217.96271679333327,401.1778034039995,809.033283,0.7778754811800643,0.9392168111393139,43.59522098461212,78.70459442862273,69.07672647649522,126.36393719909564,-0.32267031394977,16.7061452349466,E2:P6,E2
overall,A,4602,15,0.31591383247040195,164.10923602841308,237.14775500222038,138.62121063976625,401.2035742189002,498.4699340823998,746.6623096108766,878.8991129556666,-0.4029157407934697,0.6975477122758434,106.64556515507626,230.19608863814895,159.18774680853102,306.36082666856066,79.77706163799101,208.17428261737388,E2:P7,E2
overall,B,4602,15,0.2967216937125642,167.61324097655083,240.45135224541127,144.2815293171274,407.5960578,503.62973483333326,753.6511355266667,886.6589436666667,-0.4387224687932208,0.6868341256618459,109.60598321634978,234.67150668192747,161.76560312383452,310.17562190014354,85.16677821156053,214.20464606656265,E2:P7,E2
overall,S,4602,15,0.8753867948635295,62.48761451385345,101.21517876316422,12.05394255963066,147.54875000000007,220.98895833333333,395.77074999999905,774.7583333333334,0.7798431808776097,0.9381922320324616,46.05680112491272,80.69002475043729,70.23495449205073,126.98638187802305,3.2028307474123388,21.255899688067895,E2:P7,E2
overall,R,4602,15,0.30739232913981285,164.74498394720445,238.62023101644616,138.83859426144667,405.1649458307278,501.2920864655624,750.9580604421163,883.8471962088076,-0.42177260361907504,0.6943245963577683,107.05759555147739,231.2791076444384,159.93236275035179,308.1765772808632,79.8474355451945,208.45015794655504,E2:P7,E2
overall,P-cs,4602,15,0.8725479002459415,59.96293844236161,102.36161059743492,-10.46655438000871,143.96319415339377,223.20816068680767,404.95812192456236,816.9060331011931,0.7710041349837866,0.9399131728964693,41.31596906283341,79.75507972507286,69.37317118444898,130.39992035215064,-22.065648575329597,-0.30821190659797726,E2:P7,E2
overall,P-sim,4602,15,0.8708576639026211,60.25581144865502,103.03812148331025,-16.443753385031908,144.89474822417114,225.03464394060123,411.4454668105417,825.7436363473583,0.7672080496908421,0.9398528474527162,41.13677636095366,80.57052883114933,69.798476553027,131.34833869039423,-28.541603779900495,-5.901638061470959,E2:P7,E2
overall,D,4602,15,0.8605215150707273,68.20427523943393,107.08218488088006,-0.10474908244855845,163.9168971127416,233.54033040155963,399.17710006508923,780.0577933388508,0.7505178683729387,0.9317862341541855,48.36338745350145,89.20591392084374,73.7026048554925,135.00053527910492,-16.037176625141665,16.855132236186197,E2:P7,E2
overall,H,4602,15,0.8593931067986241,68.81940070873044,107.5144702523111,-7.320068379381169,164.63285988046192,233.32481230867748,398.3336904803491,790.0723391490326,0.7484066176424706,0.9314386136715207,49.43497273718592,89.84101396957657,73.56975640821865,135.85713266122065,-23.66491347335225,10.32811963923403,E2:P7,E2
overall,S-geo,4602,15,0.8772693106972888,60.61647432302339,100.4477469463568,7.346536047766253,144.1197056899999,220.84699383666637,397.9678510623331,780.7071918333334,0.7818850460825173,0.9410882061349856,43.38582629230926,78.62260376090573,68.980769490556,126.5965190731385,-1.5781335507195906,16.229290158364748,E2:P7,E2
overall,A,4602,15,0.32006928332719686,165.40199370229905,237.43808489867152,139.29668606946373,399.6506551108333,498.94016581191664,747.4523546548264,879.865722656,-0.3844258771362439,0.701461655059321,107.45523045344737,232.2379505308934,159.50523724049353,306.8711735967129,79.81641409525389,210.01412753525437,E2:P8,E2
overall,B,4602,15,0.31122693903495235,165.56343292952027,238.97701185141676,139.58921402730383,405.25616043333355,503.7302983999998,753.8716896166662,886.017277,-0.4045848407009607,0.6983727289873608,107.81198160480744,232.75868536459436,160.14371967635572,309.00641910232235,79.94116600297622,210.65793828930862,E2:P8,E2
overall,S,4602,15,0.8775346527481874,61.25505222996932,100.7684687470096,7.36162726980708,146.7345833333334,224.46645833333326,396.55104166666615,783.9000000000001,0.782173712845857,0.9408665521788868,44.07479155970606,79.67509338163028,69.68133616378938,126.3886726147582,-1.608261775955,16.773265410392856,E2:P8,E2
overall,R,4602,15,0.3132461779606148,165.2842803516593,238.62645671279003,138.9840824292749,404.6934061300651,503.17525858963245,753.3499999505835,885.491438942228,-0.4009566130290752,0.6994568734991701,107.71520738359125,232.46223417653204,159.78290828888487,308.602082773163,79.33687512651655,210.04202001254592,E2:P8,E2
overall,P-cs,4602,15,0.871870199238819,60.46121286871576,103.07257489413065,-15.435334082370904,144.88038121048817,231.72314075208385,398.3071314667491,827.6195641955715,0.7697441501054815,0.9393875412554639,41.08258272477203,81.05024540092627,70.18534488468963,130.91189315927303,-27.319478100392452,-4.797621944281616,E2:P8,E2
overall,P-sim,4602,15,0.8702679887932888,60.76683261839308,103.71501285035066,-17.949641653459267,146.46661051416663,229.26725099603257,395.65509116208517,837.8011788788319,0.7655184339801352,0.9386167305367756,41.407407462972465,81.60984884561881,70.626342353917,131.76206728262952,-30.102944983418645,-6.864612095447387,E2:P8,E2
overall,D,4602,15,0.8593597487109947,69.26175266966975,107.987345806591,-5.574292004072858,166.02205078446076,233.859043028118,397.3689822211052,804.5435708922695,0.749871712733157,0.9303562069479479,49.212417869306826,90.5346951727658,74.50951259495355,136.17340299367427,-22.787011444794963,13.091861811805037,E2:P8,E2
overall,H,4602,15,0.8587562885377197,69.75883057666313,108.2187742477274,-8.211347305012694,165.93783858792176,232.60914724845202,398.2896439514233,807.8854624500943,0.747082623397961,0.9304563775847889,49.930822754303925,91.20307058636256,74.75818934079162,136.52104315202345,-25.08939562809607,10.638691991317346,E2:P8,E2
overall,S-geo,4602,15,0.8776850478906978,60.767517669336264,100.70657473263198,6.453894369176923,145.87941842333348,222.98546055833316,397.96269847666645,784.9102240000001,0.7820079588319968,0.9412664205458976,43.02615745958283,79.03804133258966,69.54602832878999,126.42491559733416,-2.3528136142111067,15.514615395948404,E2:P8,E2
overall,A,4602,15,-0.09773386024935049,238.27414808175973,332.0718821355395,211.89871410493473,548.8121040849335,676.22322753935,885.175963012389,987.483728027,-1.0779342174964102,0.39956875106804635,156.1202569581943,325.9864687282742,247.6023389607513,408.0002792057906,128.31043041193834,305.5624023171781,E2:Pinc,E2
overall,B,4602,15,0.3213032397914286,201.33879691007692,261.1087715248617,129.68570818705794,422.82432663333344,524.6950783499999,757.4060935633332,889.129777,-0.2848696738520689,0.6425107635868675,152.24314406584287,258.4985919168805,192.774936084997,326.2655667588515,57.12894620054785,209.12460590857248,E2:Pinc,E2
overall,R,4602,15,-0.021268776345395368,229.1973468292472,320.2975381100854,194.37138407884538,530.3464392681184,658.0171840224804,865.4057608879657,968.5177493492411,-0.9329996924526028,0.44747370575130985,149.0186229997994,313.79660062173025,236.76426074391895,395.1591354560369,111.62386755415233,287.42537345411097,E2:Pinc,E2
overall,P-cs,4602,15,0.8024743361875706,88.76068441001442,140.8624826606506,-25.21546750581593,237.39993834699825,300.24535209448777,541.8467115944777,1016.0808493004189,0.704127260521533,0.8839869777975174,67.71143502639477,112.96989236352003,106.62984353877903,170.6230590922266,-58.79952391049813,0.5858925675971203,E2:Pinc,E2
overall,P-sim,4602,15,0.8496749923021376,79.73550033191505,122.88508969979266,19.078653532048005,171.72960179429933,250.03340173587338,465.0285350662537,946.3903303176246,0.7541960290273944,0.9143972503876554,61.42440260963278,99.43484969782637,92.45734443113055,149.16620937620254,0.9714546177390729,38.462556784240824,E2:Pinc,E2
overall,D,4602,15,0.781799209772216,98.42944068851183,148.0511322158189,-16.11943580411538,252.40091504005892,315.68276545738615,541.1045508061352,993.5336416543412,0.6714326387815924,0.872473362083285,74.56314998341357,125.16435009061863,111.40604415152616,179.79016441519383,-56.01628638293931,15.338978085480585,E2:Pinc,E2
overall,H,4602,15,0.8024351488908356,101.01434839331436,140.87645488594788,39.1415595412021,213.38292317723705,290.93891374837574,454.21347833840247,846.8727183085962,0.6743293903445842,0.8788686240466026,77.54569795257225,125.27843861343734,110.67091531322998,166.96978138172454,10.90579627111232,71.31500764964164,E2:Pinc,E2
overall,S-geo,4602,15,0.8720451109400396,62.25311441860218,113.37362050829952,4.7371835934681865,149.59161753666694,237.76633294666658,450.47858000266643,982.6753158333333,0.778900754837791,0.9399278988021336,41.95143048370042,83.36963912333069,76.36032116193718,142.8297492221551,-3.9443765560604884,13.076804496552443,E2:Pinc,E2
overall,A,18408,15,0.3136709670712463,165.4831469936425,237.35724454196335,138.80254181350494,400.7060103350333,498.758859151233,747.9286433107701,879.1512898763333,-0.3966785032400289,0.6947733686289285,108.47190078458411,231.7497589519359,159.7112136406574,306.51765412543585,80.05427112433249,208.0215950612902,E2:shaded,E2
overall,B,18408,15,0.2965254477026874,168.14287137244517,240.3037245747094,143.17077635212794,407.5159496666666,503.91486846666584,754.7564021566667,886.6896853333333,-0.43250927884852275,0.6866075437280073,111.16184356282959,234.6448531885836,162.02776678580068,310.0539447420201,84.04379100167704,212.81111477724704,E2:shaded,E2
overall,S,18408,15,0.8740663414905523,62.125437349230644,101.67336948425499,10.943189594631196,147.06624999999997,220.03541666666547,395.97137499999997,830.775,0.7779717136408141,0.9380384039479941,45.197336384951385,80.47582801196413,70.66548710808414,127.65751809283609,2.0375138156374866,19.758024391163268,E2:shaded,E2
overall,R,18408,15,0.30472359234389246,166.07274058880185,238.8993965880445,139.10552847289733,405.50633081709213,501.9832913212226,752.7545297355747,885.0834587930731,-0.41596106387895526,0.692468779633559,109.13741948592114,232.50770874723045,160.43063505634362,308.56213780904653,80.22982408309628,208.6587103681398,E2:shaded,E2
overall,P-cs,18408,15,0.8697139189214471,61.15208381383319,103.41542397766219,-11.73485799385797,144.71971579350105,225.00168341597546,409.7197716110319,899.1226906447934,0.767163116638652,0.9377772216704797,43.1301313049046,80.68634373619253,70.58019494570799,131.53158877164216,-23.854569804783146,-0.9457967540461544,E2:shaded,E2
overall,P-sim,18408,15,0.8679781515973114,61.439358929138514,104.10203296605013,-16.849121565790416,145.4410173796299,226.28725990627336,411.4336988579315,910.1179585650007,0.7626478684309542,0.9378812432329147,42.909735440657734,81.44088990362573,70.87269141478188,132.62066504869134,-29.431051600295778,-5.6904240064604075,E2:shaded,E2
overall,D,18408,15,0.8575389949170436,69.21353202395659,108.13948782451801,-1.4774905039357422,164.5857531956831,233.2983998641948,399.7025393870528,858.0410514213132,0.7481411439819977,0.9298262026590169,49.84041554568524,90.17980743906786,74.86635289979417,136.3818474885468,-18.263131718869968,15.969599772514398,E2:shaded,E2
overall,H,18408,15,0.856517129647022,69.79167864629069,108.52663423896988,-7.5236942618329286,163.67463860606844,233.29994981799928,402.79379083418945,865.2403744766436,0.744765441782555,0.9297193701484355,50.304386693730365,90.8289812746701,74.5783990247934,136.98471347025367,-24.496935943932602,10.206684829111893,E2:shaded,E2
overall,S-geo,18408,15,0.8755051162731662,60.685264074321175,101.09089889014172,7.309464813970615,144.29255404999992,219.4865284983331,397.51934196000013,838.170482,0.7799094911044373,0.9399794610997715,42.92239417187387,78.94300993966645,69.34398949776894,127.56674692918601,-1.5038820990939998,15.977633661053114,E2:shaded,E2
sensor:P1,A,4602,15,0.31143503541959416,165.29111361909628,236.94403617713974,139.16201158665356,400.1197412106001,499.3070973709833,747.05453076172,878.813366699,-0.3971709760715164,0.6921545711635514,108.37693732409474,231.35379142547808,159.3389741952062,305.94839635699816,80.84389555710088,207.68266507896698,E2:shaded,E2
sensor:P1,B,4602,15,0.294918301276089,167.64671724653428,239.76900583578166,142.5134250666125,406.4175842,505.4684900499996,754.5352029299997,886.379777,-0.4289962825695258,0.6845526844867572,110.50614907291884,234.39858776884216,161.843959371725,309.3500447458421,84.04770608746425,211.45529457124894,E2:shaded,E2
sensor:P1,S,4602,15,0.8718872271732185,62.18295369373114,102.20438681207544,10.28583830911576,150.0487500000002,226.01104166666653,392.35324999999955,830.775,0.7764668037993794,0.9365015203699367,45.36889970151531,80.61283850559602,71.32553688819506,128.21738602136708,1.0523727631465767,19.471636878625027,E2:shaded,E2
sensor:P1,R,4602,15,0.30326968218157435,165.5435083995394,238.344797073336,139.17037577317194,404.58255598894874,503.451426994404,752.3971166123915,884.260768051458,-0.41381324081849363,0.6908809434593213,108.9005465271392,231.85048685547554,160.12915641689392,307.88060048629603,80.81215198974219,207.95391123755266,E2:shaded,E2
sensor:P1,P-cs,4602,15,0.8664370874838931,61.776563790788266,104.3557207353997,-12.723508713733674,145.52006960616893,226.80816611480597,410.8090131404245,899.1226906447934,0.7615688908286954,0.9354227190639076,43.73042388611791,81.49960499459216,71.34925579586502,132.5518252791776,-25.6466514042768,-1.4070142757792619,E2:shaded,E2
sensor:P1,P-sim,4602,15,0.8652014968990891,61.87274482207858,104.83730692887686,-17.098259867408878,145.64757923893606,226.33334178515238,413.50657841896225,910.1179585650007,0.7580986139314494,0.9366436755964592,43.44721992735643,81.9510711534937,71.29479004192603,133.50917907168258,-30.303722855579647,-5.176362007336185,E2:shaded,E2
sensor:P1,D,4602,15,0.8543703933942556,69.7702931377901,108.96779418263637,-2.414979337072565,166.4910332589285,234.35610563750743,402.1030454188871,858.0410514213132,0.7441883564455137,0.9279128649246331,50.27738806166971,90.70935176555,75.4879826134931,137.34594085613432,-19.5308473808145,14.931103755232423,E2:shaded,E2
sensor:P1,H,4602,15,0.8541193756655325,70.06347114047759,109.06166613679177,-7.20429645017369,163.9516039924388,233.51346350125647,404.38728739387165,865.2403744766436,0.7415200021279622,0.9288228607316993,50.45362584913958,91.066944934684,74.90595887908114,137.75112428741437,-24.349896479157355,10.566210846236022,E2:shaded,E2
sensor:P1,S-geo,4602,15,0.8736712124961659,60.7260588733994,101.49028810892773,6.8090023526837715,144.83556835333334,222.47524969499963,397.12887898666554,838.170482,0.7781243860900393,0.9391228040394601,42.495932174705914,79.3420654485325,69.48634726401419,128.1483120217759,-2.1407463675123015,15.549476237879405,E2:shaded,E2
sensor:P3,A,4602,15,0.3148425093739251,165.9953206358307,237.95153775293042,139.74217007807334,401.6509141031669,499.4496389772498,748.3006047362999,878.84074707,-0.3993779379772559,0.6964704214829901,108.07278490118249,232.81497110072965,159.8271995474426,307.3990588750217,80.11537517383425,209.73801108406977,E2:shaded,E2
sensor:P3,B,4602,15,0.3012249073313492,167.43068221690635,240.30456383031085,142.19080726181434,408.3082398333336,503.077388,755.8596479499996,886.1547770000001,-0.4281456358341633,0.690259033280952,109.75281241041449,234.65471798187917,161.39803464696533,310.28298689036995,82.73536724530074,212.5225970018347,E2:shaded,E2
sensor:P3,S,4602,15,0.8761159481608933,61.108749622092475,101.18147620468122,9.963220504317597,142.84333333333348,214.9775,392.3019999999995,818.9833333333331,0.7801374754185656,0.9401856943220867,43.50598780564231,79.43539277094565,69.38480253958647,127.48803993195196,1.0029221699022464,18.728327076197722,E2:shaded,E2
sensor:P3,R,4602,15,0.30509339015308656,166.59136704648483,239.6384666355014,140.28045728325637,407.2600137196734,502.0559371226824,754.7845170633767,885.0834587930731,-0.42116018830442586,0.6927317491127419,108.94315144072638,233.6129512615158,160.76578642299532,309.4967107064143,80.48690073250798,210.4492562567029,E2:shaded,E2
sensor:P3,P-cs,4602,15,0.8711898643897655,60.430530315286184,103.17353940650243,-12.687680977904318,144.64880531414116,226.9014934669787,400.9530878832128,890.4196989039838,0.7674216536119934,0.9393002758979593,42.14727111898663,80.00217657677327,69.97641624807946,131.41336530630923,-24.961488177687883,-2.0297896585709485,E2:shaded,E2
sensor:P3,P-sim,4602,15,0.869341841295933,60.718569411023495,103.91101272515257,-16.67911835495689,145.61418617858814,228.583829066964,405.9540213770902,901.6840634310038,0.7627348328647734,0.9386322967026911,42.34909250133893,80.73802542169503,70.52429225857675,132.40266406695216,-29.302913267563397,-5.628110729302199,E2:shaded,E2
sensor:P3,D,4602,15,0.8588313859412761,68.73882437910677,108.00960708169595,-2.6042769302237776,163.94760113985123,233.30506665852178,398.757638132978,844.772025005816,0.7473536102950993,0.9315061505879086,49.25017101747498,89.82384144748428,74.43534363883337,136.25949631610519,-19.52186665972771,15.460446335036107,E2:shaded,E2
sensor:P3,H,4602,15,0.8575375992386982,69.48441667140506,108.50342320555094,-7.291790048375859,162.63420526869507,233.57194744171466,401.6092198924643,848.4560242948744,0.744327096045705,0.9304124269095568,50.003014336239886,90.70343271151077,74.60484442951565,136.76079418553311,-24.441538197544546,11.459994013465261,E2:shaded,E2
sensor:P3,S-geo,4602,15,0.8764243635412787,60.308319820093345,101.05544961211933,8.140700817963843,144.22125866666667,215.791092795,394.2649088539995,822.5152223333331,0.7800211165227217,0.9408532877364456,42.20551294749739,78.78649040730383,69.10653954796753,127.56511497244945,-0.7915904874931458,16.85734145256406,E2:shaded,E2
sensor:P5,A,4602,15,0.312440008779699,166.53691769122992,237.38445156480324,137.6847749495266,400.1064274086667,497.3991131593499,746.7683628739134,879.1512898763333,-0.3938837319686972,0.69284063467831,110.4031364338456,231.92948307428497,159.75346571349706,306.5440681615654,80.16078354244385,206.86908369915017,E2:shaded,E2
sensor:P5,B,4602,15,0.2931640313626085,169.88084504978931,240.68902721999874,143.6973437629575,407.68431196666677,503.41320994999995,754.7560224033331,886.6896853333333,-0.42936036912225833,0.6827213798472054,113.45309453416654,235.52097485403468,162.63478455564882,310.28640018572406,85.34478374179899,213.73494314200224,E2:shaded,E2
sensor:P5,S,4602,15,0.8728386018562251,62.72243156724549,102.0879817925559,11.469757005460764,147.47875000000008,217.7320833333333,399.6400416666652,792.125,0.7770155456345808,0.9366108009289977,46.16899500042674,80.92908388451417,71.2443383359119,128.1889516203555,2.8250309382209555,20.443095317983026,E2:shaded,E2
sensor:P5,R,4602,15,0.3030955553464505,167.41110296197874,238.99212356653288,138.13268657371438,405.2836193148878,501.1721482738345,752.0380733689807,883.9967558191872,-0.41211714341114725,0.6886132164492393,111.04868809129158,233.10253571340516,160.6969494594773,308.49570071457805,80.41257042984897,207.65317458478603,E2:shaded,E2
sensor:P5,P-cs,4602,15,0.8686383214889253,62.43830270689669,103.7603231391834,-11.06168790378518,144.77090769066328,224.9088334682651,403.2800909508524,863.0439918750119,0.7667433108238074,0.9367654513317146,44.91112476769018,81.46498543433802,70.89468855606852,131.91879994217203,-23.150064810227413,-0.04123489925562119,E2:shaded,E2
sensor:P5,P-sim,4602,15,0.8664724147376138,62.91031003479695,104.61223208680046,-17.17535465576397,145.26877390044703,224.66594972970535,401.2156865223791,874.6793191623862,0.7611434704489699,0.9364389671006808,44.7382686029635,82.774185108401,71.21021259603356,133.21298046524197,-29.91464540609714,-5.504363068378327,E2:shaded,E2
sensor:P5,D,4602,15,0.8563913784983733,70.14073533949554,108.4893801160353,-0.7859566659980635,164.07009920702916,231.1708360471099,402.6764884990658,800.1054938349836,0.7487044228913641,0.928369380845851,50.94184047937495,90.59356628783323,75.27525626008934,136.65166049457696,-17.31658694891439,16.92945847002377,E2:shaded,E2
sensor:P5,H,4602,15,0.854983658819996,70.79942606454965,109.01981551748095,-8.278622169400998,163.57586568025982,232.66292442296506,402.8621536713619,806.4713127497826,0.7441609751163808,0.9281360218882737,51.519639829009,91.56557984858613,75.18445064835313,137.3924267256459,-25.265439785855786,9.435149229655183,E2:shaded,E2
sensor:P5,S-geo,4602,15,0.8746286423789946,61.09020328076861,101.36689306833543,6.941620037468591,143.79963691666669,217.90090549666647,401.97066836199855,801.478029,0.7795020315880281,0.938934834883308,43.50588610645786,79.17281743994305,69.28328029382246,127.95093929926828,-1.6449887420631533,15.554142352247196,E2:shaded,E2
sensor:P7,A,4602,15,0.31591383247040195,164.10923602841308,237.14775500222038,138.62121063976625,401.2035742189002,498.4699340823998,746.6623096108766,878.8991129556666,-0.4029157407934697,0.6975477122758434,106.64556515507626,230.19608863814895,159.18774680853102,306.36082666856066,79.77706163799101,208.17428261737388,E2:shaded,E2
sensor:P7,B,4602,15,0.2967216937125642,167.61324097655083,240.45135224541127,144.2815293171274,407.5960578,503.62973483333326,753.6511355266667,886.6589436666667,-0.4387224687932208,0.6868341256618459,109.60598321634978,234.67150668192747,161.76560312383452,310.17562190014354,85.16677821156053,214.20464606656265,E2:shaded,E2
sensor:P7,S,4602,15,0.8753867948635295,62.48761451385345,101.21517876316422,12.05394255963066,147.54875000000007,220.98895833333333,395.77074999999905,774.7583333333334,0.7798431808776097,0.9381922320324616,46.05680112491272,80.69002475043729,70.23495449205073,126.98638187802305,3.2028307474123388,21.255899688067895,E2:shaded,E2
sensor:P7,R,4602,15,0.30739232913981285,164.74498394720445,238.62023101644616,138.83859426144667,405.1649458307278,501.2920864655624,750.9580604421163,883.8471962088076,-0.42177260361907504,0.6943245963577683,107.05759555147739,231.2791076444384,159.93236275035179,308.1765772808632,79.8474355451945,208.45015794655504,E2:shaded,E2
sensor:P7,P-cs,4602,15,0.8725479002459415,59.96293844236161,102.36161059743492,-10.46655438000871,143.96319415339377,223.20816068680767,404.95812192456236,816.9060331011931,0.7710041349837866,0.9399131728964693,41.31596906283341,79.75507972507286,69.37317118444898,130.39992035215064,-22.065648575329597,-0.30821190659797726,E2:shaded,E2
sensor:P7,P-sim,4602,15,0.8708576639026211,60.25581144865502,103.03812148331025,-16.443753385031908,144.89474822417114,225.03464394060123,411.4454668105417,825.7436363473583,0.7672080496908421,0.9398528474527162,41.13677636095366,80.57052883114933,69.798476553027,131.34833869039423,-28.541603779900495,-5.901638061470959,E2:shaded,E2
sensor:P7,D,4602,15,0.8605215150707273,68.20427523943393,107.08218488088006,-0.10474908244855845,163.9168971127416,233.54033040155963,399.17710006508923,780.0577933388508,0.7505178683729387,0.9317862341541855,48.36338745350145,89.20591392084374,73.7026048554925,135.00053527910492,-16.037176625141665,16.855132236186197,E2:shaded,E2
sensor:P7,H,4602,15,0.8593931067986241,68.81940070873044,107.5144702523111,-7.320068379381169,164.63285988046192,233.32481230867748,398.3336904803491,790.0723391490326,0.7484066176424706,0.9314386136715207,49.43497273718592,89.84101396957657,73.56975640821865,135.85713266122065,-23.66491347335225,10.32811963923403,E2:shaded,E2
sensor:P7,S-geo,4602,15,0.8772693106972888,60.61647432302339,100.4477469463568,7.346536047766253,144.1197056899999,220.84699383666637,397.9678510623331,780.7071918333334,0.7818850460825173,0.9410882061349856,43.38582629230926,78.62260376090573,68.980769490556,126.5965190731385,-1.5781335507195906,16.229290158364748,E2:shaded,E2
sky:sunny,A,4164,3,0.9733301502769961,23.53759671400208,40.74642047006597,4.2695970110875745,37.44133992543331,53.44516845749996,220.8679866128665,412.4393107096667,0.9494435698516187,0.9915396979892965,18.7342195540605,30.204976170172845,23.302372321128015,59.27768867166535,-16.67850606595543,17.81577994395777,E2:shaded,E2
sky:sunny,B,4164,3,0.96869188226424,26.463125292667304,44.14765675925171,8.154393136087096,45.752020433333406,68.17155954999998,225.22835166666653,416.89147066666663,0.9459731515317276,0.9880463175307791,21.716517201388815,33.86424954725089,27.698615488705673,61.278465117930104,-9.83351944675926,20.899353976255703,E2:shaded,E2
sky:sunny,S,4164,3,0.9652054038125434,29.50770893371758,46.54093226874873,10.88844660582773,46.32791666666679,91.70770833333333,212.80345833333325,402.40416666666664,0.9457776925179102,0.9891530583955,22.314238013698642,36.145709836769726,26.3852282129348,61.38921204495193,-7.988369845360812,27.010000723379623,E2:shaded,E2
sky:sunny,R,4164,3,0.9720682195531201,24.676033065952733,41.69927344184946,4.395728881211013,41.55571316255921,57.09242559355772,223.64960398712878,414.9023498889007,0.9470975507583632,0.9901530470656373,19.014021385391757,33.052736903772384,23.03412076214989,60.637452988593516,-15.802819511417404,17.901636077369176,E2:shaded,E2
sky:sunny,P-cs,4164,3,0.9657718145245898,28.14179410771331,46.16056506357477,5.516572715542958,48.72355031000356,96.33632041385634,210.42444891779022,410.8107730004288,0.9425747367739143,0.9880624680841311,22.290234994163214,36.39627714318658,27.679897442075493,63.17635401755324,-12.56011535198002,20.829145587268123,E2:shaded,E2
sky:sunny,P-sim,4164,3,0.9699615191090869,25.302316446354038,43.24323352687419,1.5315992529806932,39.10714436863331,89.22413775481431,206.72787042515768,405.96899657658486,0.945565969872725,0.9915556443282764,18.682860172917735,32.91741364943445,23.280401309406496,61.508948955871794,-19.46806743242069,17.740932512102205,E2:shaded,E2
sky:sunny,D,4164,3,0.9554296840522056,36.061811411198605,52.67469559373432,-11.11482186200844,58.551290292860834,99.67505409165618,216.55239962237079,380.47737279731433,0.9293058616134076,0.9901192957281345,18.645366388028343,46.91938994546408,25.182634046477,69.79893502781391,-32.281511433757025,3.929510583721569,E2:shaded,E2
sky:sunny,H,4164,3,0.9560840915487403,37.232697174993945,52.28656526242143,-20.31391818121938,61.3007612827409,91.09920695357822,210.34074507650357,364.4751943184992,0.9224980670819305,0.990892367555428,20.613224402365056,48.01464992533962,24.177419812874792,67.96319508584968,-44.01194254752399,-4.239307508342733,E2:shaded,E2
sky:sunny,S-geo,4164,3,0.9719269180413806,25.201595575400255,41.804614691698674,4.620177592595262,40.274199589999995,80.80865433333334,205.8372806499999,398.25065666666666,0.9458633441024195,0.9920989207594871,18.10180103903355,36.30222683754286,22.51906800846998,61.34070653462248,-11.260579831314415,14.662362240480327,E2:shaded,E2
sky:mixed,A,5504,4,0.659147755154642,125.64548698543962,167.4897316153941,70.78781691327477,283.10500895166666,361.2363249713333,450.2497482099569,661.9477945966667,0.4131264209538337,0.8104428542588634,81.73269004040334,179.7330006801497,118.12709254408733,213.23061995077663,43.31058778110456,88.28407518964478,E2:shaded,E2
sky:mixed,B,5504,4,0.6510976545476976,127.08979589026161,169.45603946406627,75.15411763178294,287.28722203333336,367.56431866666657,453.3163164066669,668.4107846666666,0.3988317126686648,0.8031714797506846,83.29859487430369,181.02597119756106,120.37145329928903,215.14310279032225,47.40416187713384,92.38136779435904,E2:shaded,E2
sky:mixed,S,5504,4,0.8113150783678305,80.47817572068799,124.61597083734006,-1.354938075339145,185.86583333333326,247.66979166666653,473.70895833333736,830.775,0.6025963052492245,0.9163789806942167,56.7185940315573,116.69084241040042,79.38527435449221,173.80457190731804,-16.30564701897018,16.186122335621974,E2:shaded,E2
sky:mixed,R,5504,4,0.6556233570635983,125.80888980247502,168.35342316647942,71.4433786411114,285.0587334885487,365.92135667726376,451.1850656162344,666.2635307890666,0.40390269639354714,0.8067117340318795,82.51755241392667,179.1324539510391,119.28403409877332,213.9554348667406,43.9579675303202,88.77773769056547,E2:shaded,E2
sky:mixed,P-cs,5504,4,0.791818941823405,85.72218581685017,130.89580044308758,-31.638700401740447,198.97444010524046,274.10996298653765,477.24856343178817,899.1226906447934,0.5582658851823302,0.9129251691601292,59.43784291986049,126.93603803694855,82.83868446234567,183.00109230065806,-58.44699211121648,-9.931601229666214,E2:shaded,E2
sky:mixed,P-sim,5504,4,0.7865423261443033,87.23364048981249,132.54428098928494,-37.21086554684148,202.35802385472132,280.0821755518138,473.5827974459959,910.1179585650007,0.5481285993391344,0.9121078661607052,60.11997688263839,129.10575795403093,84.2033035839033,185.0890128689255,-65.00491471700391,-14.700853014363137,E2:shaded,E2
sky:mixed,D,5504,4,0.7861175134672966,90.93716223205836,132.67610689901014,-36.046833633075586,208.07779018359423,267.86854047912055,444.19778835420806,858.0410514213132,0.5711458738513224,0.9065596067938426,66.11432528450784,128.2654392323754,86.34860105414522,180.3134022754977,-59.994618803535424,-16.71663870152735,E2:shaded,E2
sky:mixed,H,5504,4,0.7810622906539609,92.54911143634429,134.2348841504399,-41.384297562203145,208.7317003170363,272.0954407595933,436.4985113661832,865.2403744766436,0.5611565159535464,0.9078978062375755,66.16361137796068,131.09373110845218,86.80075010497154,182.40134596440416,-65.35594889284243,-22.011675264774514,E2:shaded,E2
sky:mixed,S-geo,5504,4,0.8100884858709115,80.27209299167878,125.02036299298892,-4.074777326610946,186.87972324333336,249.96578000999986,477.66416197133844,838.170482,0.5999089966816328,0.9160867518575687,56.65467263056603,115.86861766868118,79.41634295927945,174.19817442015446,-19.7148403897019,14.515604479663137,E2:shaded,E2
sky:cloudy,A,4680,4,-1.8388734663140438,259.5619460390653,324.0029845507549,244.59331441575142,536.0074279787001,732.0761183674334,867.3041545412101,879.1512898763333,-3.8894066400178513,-0.3679695653852759,182.60413816706833,334.69874400015175,208.7559473083291,424.4382868194522,169.43253873076674,310.05703564098025,E2:shaded,E2
sky:cloudy,B,4680,4,-1.9076788821953232,263.326090961396,327.9058871991473,249.5992201851852,542.6755489333335,739.50954085,874.9229307400001,886.6896853333333,-4.0410837485448425,-0.4097960801482847,185.6000221425746,338.20474132011543,211.6551155484305,428.5367026220515,173.80086556804724,314.91392561091084,E2:shaded,E2
sky:cloudy,S,4680,4,0.6395706679573229,71.52643162393163,115.44790502108096,17.47945334757835,185.10000000000008,286.7879166666668,441.48037500000004,709.5666666666667,0.5843920036988315,0.8457758257077785,34.45985797314996,100.06937563035801,42.71551824087133,149.62964683263297,6.192262129210662,33.29271705750979,E2:shaded,E2
sky:cloudy,R,4680,4,-1.8777919596491053,260.2895268294368,326.2163245998156,245.07020333341902,540.6589717795589,737.6132623877616,872.7266839644897,885.0834587930731,-3.9705259879063073,-0.38489837498720747,183.40010973147744,335.0674722502801,210.01504713781026,426.919886873663,169.14632916512255,311.11257164953906,E2:shaded,E2
sky:cloudy,P-cs,4680,4,0.6429564229175746,67.99595283727604,114.90438571667065,-14.560330171062882,161.39327709808995,258.83342112315466,483.71412926173883,749.2166970577041,0.5705630847324933,0.8062604970895167,35.60520784702805,94.62500841218669,47.87607552840384,152.0986609981354,-25.254585925098628,-1.3637328314214152,E2:shaded,E2
sky:cloudy,P-sim,4680,4,0.635367090570407,69.9379622216927,116.11917035908813,-20.495550209862976,159.1814156014862,254.33310818694878,493.87314370872326,757.5951959571623,0.56689048613568,0.7648033660235363,39.19971004961656,94.13559809573364,51.970518367254854,152.74765982686012,-32.127694294411576,-8.158598775731853,E2:shaded,E2
sky:cloudy,D,4680,4,0.5991968271208747,76.17187820085684,121.74231849671456,18.85531966565618,197.79118551746734,293.80593850440664,438.0211458047985,691.4664217454174,0.4826107321868113,0.8592723101176027,32.50049788040437,116.59332906120072,40.80367052810993,167.65501614648423,3.5092745697234338,30.67247088173751,E2:shaded,E2
sky:cloudy,H,4680,4,0.5963259452766942,76.7492397606078,122.17754980396427,13.335660736726968,198.31552154490032,299.395059024488,445.0976012260527,704.5887609640582,0.4806552675979079,0.8508999941322167,33.23316012306887,115.90036015711499,41.99990259175712,167.79117327765724,-1.6917599130799137,26.11029927639406,E2:shaded,E2
sky:cloudy,S-geo,4680,4,0.6429155944497215,70.70067942948006,114.91095527317705,14.027837005933051,182.3087087400001,282.0043569216667,446.0625116563334,715.8364011666667,0.5848057564552205,0.8486551064914565,33.73845558896529,99.16326934600347,42.314901955895174,149.55514743010707,2.976353864504784,28.993314847229232,E2:shaded,E2
sky:rainy,A,4060,4,-2.7864690874771103,256.62575106186733,307.72710144809355,247.04082068779542,486.99083007800004,625.2482997643832,705.4720542400865,738.8631144206668,-8.232187330666823,-2.1513793200914133,184.18163374784484,330.3557994145915,198.9181252382551,391.28667733299557,177.82334479303722,316.8725100736547,E2:shaded,E2
sky:rainy,B,4060,4,-2.8765972213875663,259.38748281427854,311.3679292408036,251.17244930032126,492.0969980666667,632.2538769833334,713.7050226666665,746.8116046666667,-8.46343316735985,-2.2193801026340414,184.33908309754224,333.4857110597946,200.2614362582609,395.78806417184387,179.70557829569898,321.8185524088671,E2:shaded,E2
sky:rainy,S,4060,4,0.6708155874255932,59.861914176840145,90.73360564437324,20.137064012636543,118.71708333333329,165.08624999999998,363.27033333333327,661.2041666666667,0.3535314211616186,0.7016656072501684,40.06510656682023,78.94792004870126,50.247766308694935,122.71666574516773,6.85883620689656,31.15403363066902,E2:shaded,E2
sky:rainy,R,4060,4,-2.8343439381199724,257.0711556742489,309.6663901254571,246.84675995730376,490.4206106978779,629.8333072164727,711.7282288327762,745.7438728043296,-8.317368151149914,-2.19339730042872,183.35115311931665,332.14515231113745,198.95270231182715,394.2777239497048,176.1299014983119,318.0756830900164,E2:shaded,E2
sky:rainy,P-cs,4060,4,0.6858057907803125,53.810137479341826,88.64364923685767,0.8116939589397311,110.34563416439762,164.5822589521852,357.4669526705592,685.9240534782305,0.47316528815222814,0.707797816991838,30.928801011266394,75.47837934935318,43.506550619296384,122.54803853152966,-3.79056680986066,5.057922809496513,E2:shaded,E2
sky:rainy,P-sim,4060,4,0.6857543551806795,53.737254441259566,88.65090470581812,-3.8937020001249407,110.3298608390688,162.9957851170698,351.0602064381303,697.1221938670461,0.44946679079902496,0.7071870941679737,31.501712709269974,76.02563329723891,44.43909856462143,122.67230755522722,-8.347845752980227,1.5883210803123322,E2:shaded,E2
sky:rainy,D,4060,4,0.6310443299636204,65.74354282647849,96.05846287037268,31.833337270475653,141.45375001963353,171.96123200125103,356.3857789870264,657.8731537901798,0.3502429338929035,0.6640293942224924,37.71418987927259,90.6755176049269,48.79929315592202,130.29408462870998,19.16014145951822,42.72218905908749,E2:shaded,E2
sky:rainy,H,4060,4,0.6416126747615081,64.31318178792134,94.67272097847207,27.45302287420218,137.00964910420865,169.64562811843282,346.56110197581535,670.3121815739713,0.37874573553801283,0.672079266665361,37.03328727961764,89.43475347806273,48.59036563371589,128.75293674038278,15.823653056650437,36.977368973778084,E2:shaded,E2
sky:rainy,S-geo,4060,4,0.6748384575024096,58.979831908367245,90.1774864459486,17.756528575838512,117.37905798000001,162.16108954333325,357.120477871333,669.0730484666666,0.3762905262485766,0.7034165366757479,38.775473155261125,78.47828690813041,49.04206934709976,122.503802754901,4.353188956527098,28.818436600220654,E2:shaded,E2
sky:cloudy+rainy,A,8740,8,-2.005990142702921,258.19799276590464,316.54643198950606,245.73025668857736,513.1029292810333,659.0671091712667,818.5475692546167,879.1512898763333,-3.4043330486465866,-1.1290085991744296,198.05486647343278,317.19960243616623,224.68693920072536,387.4190567304988,190.10751409024937,299.7297791360736,E2:shaded,E2
sky:cloudy+rainy,B,8740,8,-2.078272968945712,261.4964858038106,320.32970291609666,250.33003371006535,519.7406613666669,667.1643630999998,825.8738403333335,886.6896853333333,-3.516125503202024,-1.1868532083672063,200.92959359834956,320.4450392638213,227.9751039606161,391.7152250615239,193.6819550192901,304.84945446879425,E2:shaded,E2
sky:cloudy+rainy,S,8740,8,0.6711722575160731,66.10790292425297,104.695465460855,18.713995601598512,147.49208333333343,247.0354166666666,420.0907500000022,709.5666666666667,0.6163858236903015,0.7477698729338557,44.293437427622045,86.16888094592188,65.45830585583559,132.66645777922633,9.559695162112433,29.866160920825724,E2:shaded,E2
sky:cloudy+rainy,R,8740,8,-2.0457936174324844,258.7944940044868,318.63529655500025,245.89546876739752,517.7597964064395,665.0690540996858,823.3473781028028,885.0834587930731,-3.4566093185048876,-1.1539045081306898,198.25906193407596,318.33596884882013,226.02437576103253,390.14897081361363,189.229733042373,300.7853381127067,E2:shaded,E2
sky:cloudy+rainy,P-cs,8740,8,0.6784078003500859,61.40620336894504,103.53719611718233,-7.419550083212698,136.591219922528,232.27883261688004,460.04883583359776,749.2166970577041,0.6151392047206512,0.7568304625859611,39.85932309872383,81.64788148600877,62.3287190053355,133.3059480503076,-16.465615268142408,1.104078322246023,E2:shaded,E2
sky:cloudy+rainy,P-sim,8740,8,0.6738816792391589,62.41223297815051,104.2632468946791,-12.783478844698626,136.13069899672755,229.2776585780456,465.48297257691934,757.5951959571623,0.6112537642045073,0.7442563089442383,41.41783525105791,82.20754229439717,63.763703769335166,133.77850295919364,-22.01124226000577,-3.9203820988099394,E2:shaded,E2
sky:cloudy+rainy,D,8740,8,0.633328523853078,71.32759426264447,110.55597272647675,24.88400976583548,166.11087134146618,242.44648285407666,421.7539324150496,691.4664217454174,0.5355536804228892,0.7561672037134282,43.04373366392856,98.2167379575693,62.24314208952522,144.38417114362358,13.166239386665472,35.025713290730145,E2:shaded,E2
sky:cloudy+rainy,H,8740,8,0.635306421658242,70.97230665201431,110.25738923533282,19.893611569467172,163.4684714265288,238.7049484379994,422.71210713484726,704.5887609640582,0.535280715791747,0.7549396544149897,42.648097135099164,97.63759952698469,62.42027541226192,144.40180376797437,8.446467240976334,30.00641656566754,E2:shaded,E2
sky:cloudy+rainy,S-geo,8740,8,0.6745612417673161,65.25598367024458,104.15455881956797,15.759929428566483,143.78716551666676,244.9350014733333,425.63255074833364,715.8364011666667,0.6189865113147456,0.7520001079655848,43.31501377585545,85.24078397382351,64.51524206793266,132.3807530252263,6.665521062046136,26.692425250156926,E2:shaded,E2
shade:shaded,A,508,15,0.0499355438422302,26.320519490386484,35.37654224650555,-2.1098792504232287,52.74905451456668,63.678921495916654,121.63049128241676,188.6604184473333,-0.26520753448670586,0.1324959346675807,19.370782512465656,33.8225267700383,26.50294408251155,44.15335473097033,-18.239622456709547,13.456468320982177,E2:shaded,E2
shade:shaded,B,508,15,-3.659015180994115,69.69033745800525,78.3404225300519,68.54869056692912,122.2479753,137.3562220333333,152.56614295,179.90179166666667,-8.73071993867036,-1.5070170113859227,52.35289565259681,85.52809851799589,58.681384942993084,93.70951665771445,50.24266693937662,85.09324085327542,E2:shaded,E2
shade:shaded,S,508,15,-1.9912818623280488,46.365846456692914,62.772223969375666,39.111958661417326,110.67291666666668,148.11041666666662,190.36325000000002,221.92916666666667,-8.332835070902611,0.26393074130080324,28.25024129820891,73.79840395119402,33.99446835493775,93.93676632313472,17.92811327264004,67.07122178570253,E2:shaded,E2
shade:shaded,R,508,15,-0.05434767247371797,28.937615411239157,37.26754363488882,-12.63554966686579,57.82849683310586,70.24603736864978,127.70525095672086,196.5195937948583,-0.5900518411711042,0.07713309969669693,22.213525948827932,36.33133492009401,28.22673999877897,46.57717750699731,-28.720269294358467,3.012698055581718,E2:shaded,E2
shade:shaded,P-cs,508,15,-0.6386374049832733,32.11743737512205,46.46011483673772,15.489299632218536,79.53339855243057,108.08260903753477,147.4465336,179.90179166666667,-3.8321551744063083,0.5121519996459941,18.518547438748108,52.06437733388851,26.152699944453616,68.08644611683248,-3.0777685527380463,38.58634932175273,E2:shaded,E2
shade:shaded,P-sim,508,15,-0.5052729810457963,33.065520124070524,44.5293627383427,-27.080438448474343,72.25160145997897,89.27148214757112,129.86508676244614,214.75323149374202,-1.6895859791057546,0.03609611442875536,21.72834326361447,44.21653190531444,32.56591604255324,56.70702873984428,-42.60501503561127,-10.909985760642563,E2:shaded,E2
shade:shaded,D,508,15,-0.7059895108365091,35.310915277961385,47.40531373187201,26.43969710897369,77.98229105293233,105.75911053364487,145.53014794006904,177.21763086783386,-3.932426589663896,0.4186470513449363,22.051087940621297,54.347501467492236,28.678045004685167,68.43579746587831,9.485948289948885,46.703143157332754,E2:shaded,E2
shade:shaded,H,508,15,-0.18077071787897858,29.292631076182513,39.43861309352413,-19.073963806446567,63.62996278975632,80.54009453319172,125.58395824736246,204.62101636178394,-1.0620738463748765,0.21446900964211632,20.896203749274413,38.2881839419556,28.563365644428067,50.99331048019896,-34.23728878481938,-3.615773318374165,E2:shaded,E2
shade:shaded,S-geo,508,15,0.36859513045081294,23.226857561089236,28.8398375859804,12.381726233661418,47.086950600000016,55.46549761666665,88.3658476783333,131.3381558333333,-0.12157326207339586,0.5790720295787923,18.14082183446526,29.509879383761177,22.61788802717169,35.2496304724877,3.300296612940137,19.965674964295573,E2:shaded,E2
shade:unshaded,A,17853,15,0.28735525623919356,169.71208584741714,240.9116678066324,143.02936797452912,404.6818570964668,510.265154622533,750.4406995444531,879.1512898763333,-0.42965723332151773,0.6802158761804116,110.73033840553758,237.6899532339758,161.97119710144744,311.1134398614322,82.31728260692017,214.70639249964594,E2:shaded,E2
shade:unshaded,B,17853,15,0.2713350319222294,171.17667843544342,243.60446060222012,145.47306041893827,411.1461712000001,516.5499573999989,757.0818792533331,886.6896853333333,-0.46205086996070716,0.671244145279744,112.25502229863854,239.7590508994827,163.8342952678059,314.5240554613245,84.62542533619173,217.50142399919352,E2:shaded,E2
shade:unshaded,S,17853,15,0.8706675474483836,62.602958460275815,102.63016986105592,10.069237236952018,148.1908333333333,223.61749999999947,400.30666666666656,830.775,0.77282292254353,0.9371026346952728,45.00068501493461,81.41709468584853,70.53244280720459,129.30513634020093,0.8127054565292897,19.183753443734265,E2:shaded,E2
shade:unshaded,R,17853,15,0.27807843269037225,170.26159019687069,242.4746266627165,143.66507149004656,409.10354648155464,514.2912714200987,755.1431237471161,885.0834587930731,-0.4496859069988442,0.6756780360152973,111.71975390574096,238.52954883523353,162.86003760939508,313.1845127056619,82.79324275712385,215.69425801824167,E2:shaded,E2
shade:unshaded,P-cs,17853,15,0.8654705175974036,62.02302955173984,104.67188051910993,-12.586160904004648,146.8336926983482,230.18497307691442,413.6011787182743,899.1226906447934,0.7580550378159411,0.9365564729648754,43.11472149950898,82.36463712534682,70.77342643236372,133.67447807190428,-25.206217370009977,-1.55966317517092,E2:shaded,E2
shade:unshaded,P-sim,17853,15,0.8635918415361086,62.29825575571745,105.40020705341833,-16.617579407735526,148.37420540616037,230.0350132650615,416.4740844341958,910.1179585650007,0.7533091251269534,0.9359914131153374,43.08010097218929,82.85271965524672,71.3945403565427,134.68295249501386,-29.546498451491072,-5.133506863055501,E2:shaded,E2
shade:unshaded,D,17853,15,0.8528475621694953,70.23943798348418,109.47249638220585,-2.346674290528291,167.2884964099825,235.422134019764,402.4419627984579,858.0410514213132,0.7396457846523021,0.9279300730839525,50.006577583823955,91.86040623170804,75.37277596981811,138.22116370279295,-19.74745580171695,15.720043444301918,E2:shaded,E2
shade:unshaded,H,17853,15,0.851521425326657,71.02232182782392,109.96467272070717,-7.2511488224231275,167.23085978885084,234.75819783852444,405.3011548528765,865.2403744766436,0.7352463474722021,0.9275379326027693,50.77031063892795,92.60740696842463,75.44941073713375,138.80229892288497,-24.65227248289413,11.19758242308489,E2:shaded,E2
shade:unshaded,S-geo,17853,15,0.8710273446605764,61.79789735388661,102.48731412098053,7.109293925032454,147.25456292666667,223.18578234666572,401.39479827466613,838.170482,0.77292654767684,0.9378118515260969,43.452419502518296,80.7014313846824,70.1280653605613,129.3252630610763,-1.8487513327029326,15.967462800685686,E2:shaded,E2
horizontals,A,18408,15,0.3136709670712463,165.4831469936425,237.35724454196335,138.80254181350494,400.7060103350333,498.758859151233,747.9286433107701,879.1512898763333,-0.3966785032400289,0.6947733686289285,108.47190078458411,231.7497589519359,159.7112136406574,306.51765412543585,80.05427112433249,208.0215950612902,E2:shaded,E2
horizontals,B,18408,15,0.2965254477026874,168.14287137244517,240.3037245747094,143.17077635212794,407.5159496666666,503.91486846666584,754.7564021566667,886.6896853333333,-0.43250927884852275,0.6866075437280073,111.16184356282959,234.6448531885836,162.02776678580068,310.0539447420201,84.04379100167704,212.81111477724704,E2:shaded,E2
horizontals,S,18408,15,0.8740663414905523,62.125437349230644,101.67336948425499,10.943189594631196,147.06624999999997,220.03541666666547,395.97137499999997,830.775,0.7779717136408141,0.9380384039479941,45.197336384951385,80.47582801196413,70.66548710808414,127.65751809283609,2.0375138156374866,19.758024391163268,E2:shaded,E2
horizontals,R,18408,15,0.30472359234389246,166.07274058880185,238.8993965880445,139.10552847289733,405.50633081709213,501.9832913212226,752.7545297355747,885.0834587930731,-0.41596106387895526,0.692468779633559,109.13741948592114,232.50770874723045,160.43063505634362,308.56213780904653,80.22982408309628,208.6587103681398,E2:shaded,E2
horizontals,P-cs,18408,15,0.8697139189214471,61.15208381383319,103.41542397766219,-11.73485799385797,144.71971579350105,225.00168341597546,409.7197716110319,899.1226906447934,0.767163116638652,0.9377772216704797,43.1301313049046,80.68634373619253,70.58019494570799,131.53158877164216,-23.854569804783146,-0.9457967540461544,E2:shaded,E2
horizontals,P-sim,18408,15,0.8679781515973114,61.439358929138514,104.10203296605013,-16.849121565790416,145.4410173796299,226.28725990627336,411.4336988579315,910.1179585650007,0.7626478684309542,0.9378812432329147,42.909735440657734,81.44088990362573,70.87269141478188,132.62066504869134,-29.431051600295778,-5.6904240064604075,E2:shaded,E2
horizontals,D,18408,15,0.8575389949170436,69.21353202395659,108.13948782451801,-1.4774905039357422,164.5857531956831,233.2983998641948,399.7025393870528,858.0410514213132,0.7481411439819977,0.9298262026590169,49.84041554568524,90.17980743906786,74.86635289979417,136.3818474885468,-18.263131718869968,15.969599772514398,E2:shaded,E2
horizontals,H,18408,15,0.856517129647022,69.79167864629069,108.52663423896988,-7.5236942618329286,163.67463860606844,233.29994981799928,402.79379083418945,865.2403744766436,0.744765441782555,0.9297193701484355,50.304386693730365,90.8289812746701,74.5783990247934,136.98471347025367,-24.496935943932602,10.206684829111893,E2:shaded,E2
horizontals,S-geo,18408,15,0.8755051162731662,60.685264074321175,101.09089889014172,7.309464813970615,144.29255404999992,219.4865284983331,397.51934196000013,838.170482,0.7799094911044373,0.9399794610997715,42.92239417187387,78.94300993966645,69.34398949776894,127.56674692918601,-1.5038820990939998,15.977633661053114,E2:shaded,E2
overall,A,18408,15,0.3078781949440428,166.47171316460225,238.16236432131439,141.35283984692654,401.38161254909994,500.37332794229974,748.7564735916734,881.3700154623334,-0.4072124110396259,0.693481184252589,108.73600906812413,233.04832283382027,160.4013780221891,307.59864741137125,82.26735200689926,211.4514067049148,E2:open,E2
overall,B,18408,15,0.29794148496747375,166.9967019846853,239.86590601499128,141.86853894274702,406.65594116666665,504.0428399333328,754.4761658433333,887.7881103333334,-0.4291896984468683,0.6890562963350446,109.56019980303103,233.68768519744094,161.1823335215329,309.9073723571648,82.61657059033702,212.26711306255118,E2:open,E2
overall,S,18408,15,0.8759170657770676,61.68545955523434,100.84117433908708,9.64095218525027,145.51000000000002,220.37625,396.4158333333341,826.6083333333331,0.7811066807145379,0.939209772290981,44.92479384928676,79.86751174273397,69.67340579069455,126.50037104879556,0.7429568825117869,18.942346922445406,E2:open,E2
overall,R,18408,15,0.30058619127747666,166.6075814417924,239.41368342684413,141.10391622412695,405.86454254269626,503.3332902363755,753.8482561194859,887.0803982700434,-0.4244680256411341,0.6906994668769139,109.24935459516924,233.2702314651908,160.72461093920916,309.40604056668366,81.8486003960138,211.5009882317092,E2:open,E2
overall,P-cs,18408,15,0.8712759166446649,60.64756346622196,102.70977341266094,-13.004339983806918,144.4783262452434,226.04796788306226,401.47842830634096,892.1450603687922,0.7686681174830629,0.9390428183300057,41.89685033775971,80.7666471939897,69.83472415258736,130.4868687322855,-25.13306547653905,-2.2727355197488066,E2:open,E2
overall,P-sim,18408,15,0.869918532190078,60.67689809499491,103.24988617597252,-15.683786381503447,145.9854987612156,227.36865624763922,402.8707087587906,902.5828858604677,0.7652333910478631,0.9389740074241847,41.52707662957386,81.20848309865224,69.8248665144125,131.31618952855524,-27.93921272704515,-4.408513624381427,E2:open,E2
overall,D,18408,15,0.8587832751844762,68.6551593584695,107.57836378930172,-2.964257898900827,164.94579059010493,232.4539552440826,398.8368189890564,864.8850380369822,0.7496809312082914,0.9304887063993951,48.43511471632234,90.04447033912928,74.21688560683728,135.62139293076072,-20.113486307606152,15.152612835875086,E2:open,E2
overall,H,18408,15,0.8584307435068039,69.03301210522064,107.71255873638201,-5.91278663499932,164.54677857649182,231.83518765519392,400.5876996313241,874.8413616703203,0.7468090180724617,0.9309306711448868,49.11383253583882,90.61303374716245,73.9646363756451,136.02097364304805,-22.59178685651042,12.461272561767226,E2:open,E2
overall,S-geo,18408,15,0.8761861055706415,61.14609643927388,100.73179180792242,8.464342048994295,145.42907679000004,220.3539999933333,397.898512936667,828.660599333333,0.7809449240832997,0.939709096092372,44.05474460844472,79.2900909017888,69.39850879765677,126.44031804911896,-0.1669640664754576,17.424651060528706,E2:open,E2
sensor:P0,A,4602,15,0.32766623950632134,167.06988466708935,239.0424697573909,137.90895177986772,401.8875789389334,500.62267394979995,746.5912083335234,881.3700154623334,-0.3666573290317277,0.7053674283676983,108.2221446767692,234.47216924207723,160.63590833278016,308.79224047811186,77.10250921919983,210.54794144313433,E2:open,E2
sensor:P0,B,4602,15,0.31822707950493445,167.41873508564646,240.71462715690424,138.45881242969978,408.50734620000026,505.51858416666636,753.5964740133329,887.7881103333334,-0.3880382176243316,0.700904279756397,108.82247481012053,235.06032056347254,161.3938935184992,310.9205015516477,77.70763178814997,211.31546393681515,E2:open,E2
sensor:P0,S,4602,15,0.880141592494578,61.0953970469676,100.92920655580208,6.2312256722030135,148.2158333333336,222.76666666666668,399.54391666666646,795.7833333333333,0.7855186376612807,0.9422195095593756,43.081796961443445,79.64080071476893,69.81691437175733,126.55819444695555,-3.0057093553208074,15.743553490284096,E2:open,E2
sensor:P0,R,4602,15,0.3208320904173224,167.06914057979407,240.25430939429805,137.64001044810217,407.62297413299024,504.6876582545985,752.8899695531637,887.0803982700434,-0.3834439472296498,0.702859363734739,108.62908824897018,234.55010453447218,160.93639708298576,310.41702673683756,76.87241543167148,210.51970014458996,E2:open,E2
sensor:P0,P-cs,4602,15,0.8747331178235858,60.62815005180851,103.18123972588536,-16.524892295388458,145.85013687561838,226.65017457214952,405.0122640547342,838.2623416817041,0.7729012427871903,0.9405975112024751,41.64178349605139,81.15486173155202,70.35482723301197,131.01764662145678,-28.312425797689073,-6.201369471139374,E2:open,E2
sensor:P0,P-sim,4602,15,0.873048402170709,60.82024661110734,103.87276521221246,-19.23742759609962,148.7277848362589,229.378807522135,410.3308236217167,846.353774764752,0.7689579467445015,0.9398498486904008,41.52415197517306,81.64353938694443,70.66461017837038,131.82862188086642,-31.19651565767827,-8.678604447870775,E2:open,E2
sensor:P0,D,4602,15,0.8602550043016142,70.53234292020487,108.98098775841834,-6.778340306855648,169.19499289550595,237.01022991134707,400.7002649390956,798.561781747941,0.7497989624462541,0.9307407187084252,50.86843804079729,91.65779535461665,75.8350576765692,136.73447321773577,-24.53570922553323,13.809821740220086,E2:open,E2
sensor:P0,H,4602,15,0.8589845251762434,71.22105249844955,109.47526233677753,-9.854268727947609,168.33362306555216,235.14616730879757,405.78398776150004,810.4092440813783,0.7475718070408638,0.9298467813227359,51.32894784832383,92.49367004637526,76.26709323725855,137.29879207080188,-27.697282273443378,11.11269603602353,E2:open,E2
sensor:P0,S-geo,4602,15,0.8802056912974551,60.62925828308958,100.90221509718853,4.962915835805792,147.51103220333343,221.49595155999995,401.33188556266634,797.5978133333333,0.7855152532449841,0.942393363813716,42.38324366428271,79.42583098156405,69.74273535232987,126.61663706075817,-4.006183262140973,14.490411367573873,E2:open,E2
sensor:P4,A,4602,15,0.27903146651975574,167.4172415622855,238.87367906868883,146.9587495791072,403.427319742767,501.7704467775997,748.9633053791032,879.9696492513333,-0.4667630582537793,0.6751247633634272,109.65802749471196,234.3442158991347,161.02742873136793,308.53907096830625,89.59289886745492,215.21235491094922,E2:open,E2
sensor:P4,B,4602,15,0.26781497030217283,168.3605666203352,240.7246510233442,147.62086893947182,408.81757013333373,506.76529839999927,754.5155847166666,886.3881103333333,-0.4906929739736968,0.6721917650235782,110.99079995062236,235.07900014973993,162.13686918779473,310.99708872602446,90.1654857619947,216.18971322684834,E2:open,E2
sensor:P4,S,4602,15,0.870904818929976,63.133559959752844,101.07998266704614,15.39328218197507,143.08250000000004,216.8604166666666,390.48691666666645,826.6083333333331,0.7741681812310282,0.9362977693355291,47.62088350425647,80.70531218673281,70.37473523975447,126.76681943145624,6.125220675042771,25.707946693102695,E2:open,E2
sensor:P4,R,4602,15,0.2703510757035037,167.93486039509943,240.3073844596482,146.9408979967878,408.14182869663136,506.1163761387643,753.875619894521,885.7584253394934,-0.48623650442813166,0.6740496305652535,110.69239870745304,234.52735992186942,161.69990469413773,310.52537356313667,89.49656978101216,215.50596555872318,E2:open,E2
sensor:P4,P-cs,4602,15,0.8688250821340944,60.678998170894374,101.89093410624136,-6.978684773334503,142.62253574889263,218.8857650683241,400.96546345023927,892.1450603687922,0.7649542212831835,0.9385338894407675,42.33649602511416,80.0592569975524,68.69668058427999,129.6523103121249,-20.155614862246658,4.962818052960075,E2:open,E2
sensor:P4,P-sim,4602,15,0.8679760499769806,60.34818749200241,102.22014776196457,-9.764608136322508,142.1849593698445,219.72317888747205,397.2726363410487,902.5828858604677,0.762333102959078,0.9387136961629644,41.72333298862108,80.14165194842452,68.60279864961245,130.3751163392,-23.362035935610717,2.7017864622718717,E2:open,E2
sensor:P4,D,4602,15,0.8575349829072618,66.35530296699329,106.18526629824335,3.513438360837558,161.59830676393148,228.4322793806429,395.4261105041342,864.8850380369822,0.7463114251658842,0.9315402430515962,45.23298700998804,88.13245956730461,72.39997643064528,134.65060371475354,-13.166970349018044,20.044197232826388,E2:open,E2
sensor:P4,H,4602,15,0.8583341079667499,66.26201792657608,105.88703646603544,0.5024540474302405,160.84607430249105,226.21981688419655,391.09384936285704,874.8413616703203,0.7462256448752006,0.9332530403137134,45.14116456890798,88.46379306297855,71.4196760038541,134.6008100645743,-15.894713451404414,17.135013538000265,E2:open,E2
sensor:P4,S-geo,4602,15,0.8715230139035169,62.51581514223148,100.8376725978187,14.359445611723004,143.63372009333364,216.8395381933333,392.23093501866606,828.660599333333,0.7747651464990004,0.9369850145908493,46.91651857071663,79.88423988816842,69.64252500753568,126.6552943738451,5.447874267078063,24.101994464069808,E2:open,E2
sensor:P6,A,4602,15,0.3023759423258875,165.99773272673502,237.28983555264458,141.24697195926754,400.4211580400336,498.0960961910496,747.6936288249265,879.8246582029999,-0.4127212313849841,0.6897136689614338,108.27454639278996,232.55539361984424,159.8494150719996,306.4491664904067,82.73142972542112,210.7012033950303,E2:open,E2
sensor:P6,B,4602,15,0.29203985402985577,166.6440733032393,239.041230633002,141.80526037451264,405.51647396666704,501.67065349999984,753.1671188066664,886.192277,-0.4342549824871109,0.684664610642673,109.18010633762523,233.22888841338988,160.7309649651326,308.6033453303942,83.17738711124487,211.4044364784035,E2:open,E2
sensor:P6,S,4602,15,0.8746450610774189,61.257828984247546,100.58637006460394,9.57767361701592,144.7008333333336,217.45020833333328,399.28454166666637,805.6125,0.7783195147299936,0.9386981155837918,44.58907602636684,79.13201748316078,69.38421110227416,126.26451145440886,0.9420950073774284,18.500451335799337,E2:open,E2
sensor:P6,R,4602,15,0.29547703274452575,166.14204444061693,238.46024657449146,140.85067402234296,404.54861389758986,500.68650331266474,752.1668221620243,885.1815361724459,-0.42718336543761515,0.6865795136117997,108.75793875476941,232.55794824364528,160.16533602472762,307.93562599169906,82.22313284848478,210.44958111668356,E2:open,E2
sensor:P6,P-cs,4602,15,0.8693486087227371,60.821892773469244,102.68935601220505,-13.078448784133805,143.65598393404846,222.9356055308103,398.28049473877337,872.1279534446321,0.7660572899632939,0.938066931335033,41.973385102088876,80.66043415504295,69.6408176636277,130.51209573248744,-25.22667496844001,-2.0825740994211097,E2:open,E2
sensor:P6,P-sim,4602,15,0.8680880948848003,60.77232565847681,103.18353613608832,-15.783468140132396,145.46158924566183,223.18342535651774,395.3205047626712,882.4602097987067,0.7620921220497408,0.9379471636598589,41.59776168454806,81.12519011161883,69.80099264109334,131.52677997300498,-28.233155931938807,-4.363321567649486,E2:open,E2
sensor:P6,D,4602,15,0.8577780488794382,68.47123887701012,107.14002098353224,-3.017837645512362,161.75726210970595,230.29825206179785,396.1364604837227,846.5963403938026,0.7483176707980836,0.9299161138991917,48.31300234256634,89.72218808775362,73.83341936357918,135.21252551582137,-19.827436863116905,14.452512042967935,E2:open,E2
sensor:P6,H,4602,15,0.8575203852297373,68.89014741919378,107.23702990668758,-6.087984554467214,162.08512388435085,229.73494509711585,399.37206345954024,853.4766190898706,0.7461911273100141,0.9305547629807602,49.056701514171344,90.35084231300166,73.3936832394618,135.62912215161782,-22.73763453044879,11.672130802474848,E2:open,E2
sensor:P6,S-geo,4602,15,0.8749095794087287,60.6717946624382,100.48018761176323,8.081112379271458,143.7701175200001,217.96271679333327,401.1778034039995,809.033283,0.7778754811800643,0.9392168111393139,43.59522098461212,78.70459442862273,69.07672647649522,126.36393719909564,-0.32267031394977,16.7061452349466,E2:open,E2
sensor:P8,A,4602,15,0.32006928332719686,165.40199370229905,237.43808489867152,139.29668606946373,399.6506551108333,498.94016581191664,747.4523546548264,879.865722656,-0.3844258771362439,0.701461655059321,107.45523045344737,232.2379505308934,159.50523724049353,306.8711735967129,79.81641409525389,210.01412753525437,E2:open,E2
sensor:P8,B,4602,15,0.31122693903495235,165.56343292952027,238.97701185141676,139.58921402730383,405.25616043333355,503.7302983999998,753.8716896166662,886.017277,-0.4045848407009607,0.6983727289873608,107.81198160480744,232.75868536459436,160.14371967635572,309.00641910232235,79.94116600297622,210.65793828930862,E2:open,E2
sensor:P8,S,4602,15,0.8775346527481874,61.25505222996932,100.7684687470096,7.36162726980708,146.7345833333334,224.46645833333326,396.55104166666615,783.9000000000001,0.782173712845857,0.9408665521788868,44.07479155970606,79.67509338163028,69.68133616378938,126.3886726147582,-1.608261775955,16.773265410392856,E2:open,E2
sensor:P8,R,4602,15,0.3132461779606148,165.2842803516593,238.62645671279003,138.9840824292749,404.6934061300651,503.17525858963245,753.3499999505835,885.491438942228,-0.4009566130290752,0.6994568734991701,107.71520738359125,232.46223417653204,159.78290828888487,308.602082773163,79.33687512651655,210.04202001254592,E2:open,E2
sensor:P8,P-cs,4602,15,0.871870199238819,60.46121286871576,103.07257489413065,-15.435334082370904,144.88038121048817,231.72314075208385,398.3071314667491,827.6195641955715,0.7697441501054815,0.9393875412554639,41.08258272477203,81.05024540092627,70.18534488468963,130.91189315927303,-27.319478100392452,-4.797621944281616,E2:open,E2
sensor:P8,P-sim,4602,15,0.8702679887932888,60.76683261839308,103.71501285035066,-17.949641653459267,146.46661051416663,229.26725099603257,395.65509116208517,837.8011788788319,0.7655184339801352,0.9386167305367756,41.407407462972465,81.60984884561881,70.626342353917,131.76206728262952,-30.102944983418645,-6.864612095447387,E2:open,E2
sensor:P8,D,4602,15,0.8593597487109947,69.26175266966975,107.987345806591,-5.574292004072858,166.02205078446076,233.859043028118,397.3689822211052,804.5435708922695,0.749871712733157,0.9303562069479479,49.212417869306826,90.5346951727658,74.50951259495355,136.17340299367427,-22.787011444794963,13.091861811805037,E2:open,E2
sensor:P8,H,4602,15,0.8587562885377197,69.75883057666313,108.2187742477274,-8.211347305012694,165.93783858792176,232.60914724845202,398.2896439514233,807.8854624500943,0.747082623397961,0.9304563775847889,49.930822754303925,91.20307058636256,74.75818934079162,136.52104315202345,-25.08939562809607,10.638691991317346,E2:open,E2
sensor:P8,S-geo,4602,15,0.8776850478906978,60.767517669336264,100.70657473263198,6.453894369176923,145.87941842333348,222.98546055833316,397.96269847666645,784.9102240000001,0.7820079588319968,0.9412664205458976,43.02615745958283,79.03804133258966,69.54602832878999,126.42491559733416,-2.3528136142111067,15.514615395948404,E2:open,E2
sky:sunny,A,4164,3,0.9724325311713384,22.072226920176192,40.69114631822419,5.927524377434599,39.33946980823329,53.8752439368167,221.29764453127964,412.3473347983333,0.947200619645983,0.9910384965031824,15.794145561591154,29.659776010546597,18.325292592021675,60.44170865415205,-11.518246421561637,18.224648916165087,E2:open,E2
sky:sunny,B,4164,3,0.9703978915743332,23.8948157920269,42.16603850776639,6.344492799871919,43.813222999999994,58.752134866666665,224.71342275999964,415.6581373333333,0.9445402869363786,0.9893814497537367,16.71020722800925,32.42897846434709,19.220019081686782,61.94569493013568,-10.535816177083314,18.64915991232875,E2:open,E2
sky:sunny,S,4164,3,0.9671772171150939,29.027003282100548,44.40063472094423,9.078546269612554,50.284583333333316,64.52229166666655,205.10270833333323,401.1708333333333,0.9443008328750299,0.9887771055437878,22.62120719178082,35.34499838917524,26.502063557842384,62.079279931811186,-10.206215098797253,26.307703993055544,E2:open,E2
sky:sunny,R,4164,3,0.970537128689337,23.81912351054753,42.06675507861753,5.592762469941185,43.29365028755467,58.37007854943437,223.9470068171247,415.02308555902533,0.9446850089121812,0.9895219868027514,17.103197482304207,32.37884865347964,19.667059058349366,61.86481856977055,-11.310985270563041,17.903432166173083,E2:open,E2
sky:sunny,P-cs,4164,3,0.9676018143759954,25.445716807272657,44.11251542299551,3.711250836625422,45.34282906666667,77.56377203333327,212.57039736438827,409.9084343018208,0.9412312847150981,0.9888106072816447,19.0674005751861,34.83610669637086,25.84726484834855,63.76691677194936,-13.258300482230094,18.579202112054986,E2:open,E2
sky:sunny,P-sim,4164,3,0.9693256544811741,23.738038536103407,42.92290737380471,3.179500449222033,41.032300211466634,76.73386764852373,212.7447795541482,406.2040878187982,0.9436813979031925,0.9908330338233916,18.344754581569788,32.23784219785729,23.951905321687455,62.42351986086033,-14.304226855868823,18.149996806258237,E2:open,E2
sky:sunny,D,4164,3,0.9576635169325806,32.651061816575165,50.42650485064716,-13.495935428644472,57.61357920656553,86.49118277253932,206.3725665919235,392.1634149266014,0.9279743312970795,0.9907514765686887,17.699500958843096,46.0610625009799,24.05821780981009,70.59370402589529,-33.49593325007387,1.0911385434142542,E2:open,E2
sky:sunny,H,4164,3,0.957365130645877,33.77251238385155,50.60389510020121,-18.994625466457745,58.70868612343667,89.84218364048395,203.14202506360834,384.7859245322786,0.9305065679195615,0.9909731228810439,18.858753171036145,43.676108811198986,23.768184888152607,68.50869616592043,-39.25774176762108,-4.016118479411634,E2:open,E2
sky:sunny,S-geo,4164,3,0.9688717897563918,27.226370520381042,43.23928999573327,6.316408785894973,46.94726670666655,64.31397621333323,205.50976528133327,398.79883393333324,0.94430194980414,0.9902395277365232,20.91481307536529,35.78904521932992,24.71511682528288,62.07865749429481,-11.24951057328179,21.006446691232654,E2:open,E2
sky:mixed,A,5504,4,0.6612853752729482,125.87176159915747,167.0012254295103,71.05350618722346,285.01625813773325,358.93970855744976,444.7319397788334,654.791625977,0.3993170637946062,0.8187200018945577,81.01388673560577,181.15019350480878,116.45920906642462,213.51562776904822,41.60188331448731,89.52486519152961,E2:open,E2
sky:mixed,B,5504,4,0.6573376482477882,125.70381791109497,167.97160779456988,72.00656887936046,287.60882706666666,364.19007674999983,449.55612693333336,660.494118,0.38792015847658234,0.8149010889856618,81.31794417325058,180.40133259105684,117.67951850219131,214.38985604777258,42.613750966307244,90.3386355812337,E2:open,E2
sky:mixed,S,5504,4,0.8174694448445343,79.43290107194767,122.59435441255782,-4.502486827761627,183.43291666666656,248.02791666666664,451.62945833333526,826.6083333333331,0.6042347055225086,0.9196848633594124,55.965266788630736,115.96719079409714,79.2058514241797,170.6469955962814,-17.764265635980305,11.090824555628709,E2:open,E2
sky:mixed,R,5504,4,0.6586783114940633,125.51314697381218,167.64269208714356,71.23825563695249,286.99423522298696,363.5552338664113,449.0179475074437,659.87670469868,0.3896791682878733,0.816087644308899,81.10412658842104,180.24414311647618,117.30173374365509,214.07144536421762,41.849378899565565,89.55863464674725,E2:open,E2
sky:mixed,P-cs,5504,4,0.7967221268069867,86.49685233543359,129.37421800543174,-34.71884157890096,199.8138799539901,272.5759891003055,443.7841750240011,892.1450603687922,0.5577585702877567,0.9125796076247905,60.89089163232532,128.4756638620781,82.82826522611307,180.3887734290891,-58.68563987375894,-15.548816634889711,E2:open,E2
sky:mixed,P-sim,5504,4,0.7926417677534576,87.47370626922462,130.66621903797073,-37.98077199927325,202.8616871777333,273.519238617712,451.3583002500676,902.5828858604677,0.5496037592551166,0.912062217276551,60.95537911745411,130.13344239771783,83.90408484844448,182.0443360881492,-62.63482081284353,-18.347746647249714,E2:open,E2
sky:mixed,D,5504,4,0.7891746814184398,91.98868999189267,131.75407801720772,-39.59802010147117,206.36684816278603,265.9953954406942,415.8372523503788,864.8850380369822,0.5674162723149382,0.9043716382359542,66.88603905658964,130.45753552733373,86.93204279392587,178.40822903585232,-63.36146147775125,-22.94617406744106,E2:open,E2
sky:mixed,H,5504,4,0.786909760369,92.93250365497046,132.4599121000972,-41.75353332650599,209.0558299468175,266.2832059294878,413.804324944705,874.8413616703203,0.5625104818568181,0.9070105220445651,66.33397800972908,132.40005882686182,86.66856723673575,179.41701169407128,-64.84016243410206,-25.431018114769508,E2:open,E2
sky:mixed,S-geo,5504,4,0.8165149716586686,79.4954132757207,122.91446644514711,-4.845880126907702,184.4616212066666,249.09378879999994,454.0300476173357,828.660599333333,0.6029326041768203,0.9186666197658856,56.01683155693206,115.70980311329356,79.30341690925997,170.92748661178283,-17.15756726574138,11.185070888117188,E2:open,E2
sky:cloudy,A,4680,4,-1.8824901540819914,262.1671950596259,325.21054928269336,249.2362577341697,538.0904317220334,734.6513242590668,868.6498263753733,881.3700154623334,-3.937897062746117,-0.4151746776388827,184.74334788043407,337.17504617736904,210.29456384743233,425.6368463791773,175.19711156063707,313.72560297538604,E2:open,E2
sky:cloudy,B,4680,4,-1.9259722679716869,262.5830493317664,327.65425446794325,249.88030547720797,543.2991752333334,741.170407,874.9649059266667,887.7881103333334,-4.022839578531861,-0.43229167926681966,185.06349162765184,337.5988756284546,211.5635302232186,428.5185896220966,174.96431066995402,315.08253967603946,E2:open,E2
sky:cloudy,S,4680,4,0.6355213689328787,71.33691862535613,115.64230627517668,17.76053863960114,183.13875000000013,283.69333333333327,441.3235416666668,735.725,0.58183770845576,0.8470952786629452,34.277019891944995,99.87472264246087,42.54950746797144,149.97838394906975,5.798601684263455,33.668076493578994,E2:open,E2
sky:cloudy,R,4680,4,-1.9156680228200282,261.93495965758245,327.0768041074286,249.1178130934226,542.6251986983566,740.4900519727187,873.9663352993424,887.0803982700434,-3.9949963874262027,-0.4237529859275244,184.38876013965032,337.00181518712594,210.8922400501143,427.9825941586951,174.1837329546643,314.3431742316591,E2:open,E2
sky:cloudy,P-cs,4680,4,0.6397278862161615,67.53190729675848,114.97304471408326,-14.240570867083655,164.6508547439092,257.9851244277774,486.0863260673365,763.5132129702528,0.569251795995106,0.8067409389666645,35.08274474460362,94.31731509492519,47.42577440225191,152.26704186670338,-25.836955343473594,-0.746035899455645,E2:open,E2
sky:cloudy,P-sim,4680,4,0.6342201430675531,68.52120615654663,115.84854977218843,-17.999655495433622,158.81123422684723,254.78379819027808,493.8807793282012,770.9029643127053,0.5661638395762617,0.7775982477256284,37.19399611586987,94.05903301549401,50.37505783394758,152.81185471556256,-29.92038094608123,-5.136339281349834,E2:open,E2
sky:cloudy,D,4680,4,0.5973998323405167,75.62956604782896,121.53956688596152,19.412810217771057,199.86345469045602,291.93454322797646,438.3948516260277,701.0409316094348,0.4804832975705099,0.8639155115136077,32.011745788384175,116.41627616048166,40.14101983170859,167.8341382320308,3.918723622566736,31.34396010727032,E2:open,E2
sky:cloudy,H,4680,4,0.5941090204669413,76.15146293317716,122.03528185271837,16.87315396533891,198.69242334315092,283.89172164025445,449.50960116046326,711.1620286574598,0.4784229851334306,0.8602889981892401,31.94245616123879,116.44759166364891,40.67236186807785,168.09736551958466,1.8514651014938488,28.75595383573208,E2:open,E2
sky:cloudy,S-geo,4680,4,0.6373849374253504,71.00015471124644,115.3462895581928,16.53646802620371,182.56282811666676,280.3362376950002,443.09312705066674,736.754154,0.5819150364241643,0.8478757447955027,34.07604220497707,99.43339717068844,42.440776573601696,150.0121540488407,4.86559421465561,31.798379933612786,E2:open,E2
sky:rainy,A,4060,4,-2.819666549501376,259.30095919152035,309.4418447113754,251.1913005281266,488.1112943524667,627.5780714924332,707.8149672442432,740.7161376949999,-8.53787650495636,-2.1602789856772784,186.1382904670905,332.05591929268445,200.80109377286544,392.8321652669511,181.86665295455293,319.58936172489905,E2:open,E2
sky:rainy,B,4060,4,-2.8710123304828064,259.5602937243235,311.51473426385377,251.06739214140072,491.8985733666666,633.2613423333331,714.9166893333334,747.669938,-8.622083272770181,-2.2067529678205795,184.91570662058376,333.7769408131765,200.80688277835728,396.1466636075913,180.11849832258062,321.0184232695676,E2:open,E2
sky:rainy,S,4060,4,0.6691568613372048,59.99557417719712,91.0704288898057,20.032006853716,118.71499999999999,166.12374999999983,363.74920833333323,689.3833333333334,0.34591951545971056,0.6987469910358707,40.38552947388635,79.56445481601732,50.63867131997161,123.71257717958724,6.058707067597149,31.462942556029105,E2:open,E2
sky:rainy,R,4060,4,-2.8555083971188724,258.87920116779486,310.8902788393399,250.29209424283005,491.2869556155838,632.6872909971466,714.2224188450318,746.9442256906041,-8.565573716186268,-2.195786584317747,184.1949864205479,333.1613613243385,200.08549957528524,395.53996594585925,179.32552836986116,320.2668553025147,E2:open,E2
sky:rainy,P-cs,4060,4,0.6846066233531448,53.7725079058312,88.91859670128946,0.7144918232995945,110.11002898645921,164.91957527678014,356.5855048264767,714.9752725003184,0.4675134290283274,0.7045730274476725,30.809136859685136,76.204430788571,43.70183128628799,123.6326377811165,-3.3746173199911698,5.441713604788531,E2:open,E2
sky:rainy,P-sim,4060,4,0.6877122496109516,53.19227181031555,88.47973033219293,-2.1335031474499315,108.15327827805662,163.9984631510103,347.4175088408917,725.1651549023577,0.4787981145763579,0.7059675624592914,30.569599848740822,75.8569317572551,43.17252865012636,123.38926997238728,-6.628564130108347,3.398879600437357,E2:open,E2
sky:rainy,D,4060,4,0.6288793970798825,65.909614100313,96.45480075651984,31.706050872226086,141.14063458298753,176.17261923399167,356.9084715720532,682.1498302630691,0.34500093074308813,0.6605627250641408,38.019749277801154,91.39074784674078,49.334165984352175,131.34619506345305,19.556779726961423,41.759299610979525,E2:open,E2
sky:rainy,H,4060,4,0.6400244146958894,64.59152675426529,94.99545757253017,29.826633235607254,137.27525680105765,172.43219071656068,350.4301798246834,694.0355430617791,0.3757651511959421,0.6690469407246361,37.0026408177379,89.89506495344239,48.1975810481661,129.78357401034035,18.478782852929317,38.772272779455456,E2:open,E2
sky:rainy,S-geo,4060,4,0.6700864874444437,59.70030977563718,90.94239086512975,19.40668377076034,118.6212978933334,165.7064997933333,362.04408570766657,691.0454416333334,0.3533850828731021,0.6988417303641069,39.94863265069122,79.42904328656655,50.25195920750913,123.74909408928195,5.68106011217843,30.634601014631805,E2:open,E2
sky:cloudy+rainy,A,8740,8,-2.04640691951641,260.8357399538469,317.9827677526711,250.14443550802153,516.2773531083337,660.9044980874663,819.9272780760401,881.3700154623334,-3.487744087884144,-1.1899771988098362,200.95881680222078,319.4358049982903,226.36563043770528,388.78221465597557,195.01938323586464,303.2863921392236,E2:open,E2
sky:cloudy+rainy,B,8740,8,-2.090160593019322,261.17888597178717,320.25812269645843,250.43174390473916,520.874757,667.5024673999994,825.9088136066666,887.7881103333334,-3.5414219265451177,-1.2165271771935708,200.6896271904068,320.386016866347,227.65025614253864,391.83650629921186,194.22900655761157,304.7690186029643,E2:open,E2
sky:cloudy+rainy,S,8740,8,0.6681730183435675,66.06851376728683,104.94590013980566,18.815705796272347,147.29958333333352,243.7133333333324,412.7726250000001,735.725,0.6143518352577915,0.7460096783290163,44.26439033550326,86.00329034675018,65.52956072400198,133.03789033389776,9.194152098358074,30.44062325517982,E2:open,E2
sky:cloudy+rainy,R,8740,8,-2.078621477336039,260.5154654392143,319.6596179015409,249.66330296374235,520.224389831298,666.9335855790247,825.3484094240313,887.0803982700434,-3.5232243361248976,-1.2033244799266265,199.97411983653268,319.766536531202,226.99602889532298,391.2536778413175,193.44326886538943,304.0182361391543,E2:open,E2
sky:cloudy+rainy,P-cs,8740,8,0.6760836478958407,61.14024121813551,103.68741921612079,-7.293482248896471,135.91975721096367,234.93533513868525,456.8399938696855,763.5132129702528,0.6144164871138349,0.7563904614107491,39.41027234558141,81.67261485981368,62.04185064997167,133.76598414805684,-16.29729192906784,1.324839486797907,E2:open,E2
sky:cloudy+rainy,P-sim,8740,8,0.6739130279973446,61.400442604407246,104.0342528668704,-10.629337585500695,135.4835836489251,231.13363706561333,463.51120954642846,770.9029643127053,0.6116266889815296,0.7492535570056353,39.968288728800395,81.5106565838638,62.782804560434656,134.01484784071064,-19.94042734186799,-1.6848315534952547,E2:open,E2
sky:cloudy+rainy,D,8740,8,0.6314758538672453,71.11434809509272,110.59681059131557,25.123400270069393,167.68089309035173,238.79348400767742,422.014624277117,701.0409316094348,0.5337790686350258,0.757357820774236,42.975875164108835,98.12134786245177,61.88725093825006,144.49898679286417,13.824402547777185,34.72254668790369,E2:open,E2
sky:cloudy+rainy,H,8740,8,0.6334381835583789,70.78151546333936,110.30196276667691,22.89044525106997,165.46869995776177,238.1321036555942,422.9420345161707,711.1620286574598,0.5337491950663863,0.7577781227330833,42.33240526785586,97.9584883520177,61.88280278662707,144.58761633002305,11.899136589592182,32.386890282615695,E2:open,E2
sky:cloudy+rainy,S-geo,8740,8,0.6696023004608642,65.75102765877806,104.71963890018318,17.869771907542372,146.6611716533333,243.17982459166655,415.80914822600084,736.754154,0.6150901499755931,0.7476164600067797,44.009848722767586,85.67924209270772,65.07915073094087,133.04844289546642,8.487895939708476,29.101235299119075,E2:open,E2
shade:unshaded,A,18408,15,0.3078781949440428,166.47171316460225,238.16236432131439,141.35283984692654,401.38161254909994,500.37332794229974,748.7564735916734,881.3700154623334,-0.4072124110396259,0.693481184252589,108.73600906812413,233.04832283382027,160.4013780221891,307.59864741137125,82.26735200689926,211.4514067049148,E2:open,E2
shade:unshaded,B,18408,15,0.29794148496747375,166.9967019846853,239.86590601499128,141.86853894274702,406.65594116666665,504.0428399333328,754.4761658433333,887.7881103333334,-0.4291896984468683,0.6890562963350446,109.56019980303103,233.68768519744094,161.1823335215329,309.9073723571648,82.61657059033702,212.26711306255118,E2:open,E2
shade:unshaded,S,18408,15,0.8759170657770676,61.68545955523434,100.84117433908708,9.64095218525027,145.51000000000002,220.37625,396.4158333333341,826.6083333333331,0.7811066807145379,0.939209772290981,44.92479384928676,79.86751174273397,69.67340579069455,126.50037104879556,0.7429568825117869,18.942346922445406,E2:open,E2
shade:unshaded,R,18408,15,0.30058619127747666,166.6075814417924,239.41368342684413,141.10391622412695,405.86454254269626,503.3332902363755,753.8482561194859,887.0803982700434,-0.4244680256411341,0.6906994668769139,109.24935459516924,233.2702314651908,160.72461093920916,309.40604056668366,81.8486003960138,211.5009882317092,E2:open,E2
shade:unshaded,P-cs,18408,15,0.8712759166446649,60.64756346622196,102.70977341266094,-13.004339983806918,144.4783262452434,226.04796788306226,401.47842830634096,892.1450603687922,0.7686681174830629,0.9390428183300057,41.89685033775971,80.7666471939897,69.83472415258736,130.4868687322855,-25.13306547653905,-2.2727355197488066,E2:open,E2
shade:unshaded,P-sim,18408,15,0.869918532190078,60.67689809499491,103.24988617597252,-15.683786381503447,145.9854987612156,227.36865624763922,402.8707087587906,902.5828858604677,0.7652333910478631,0.9389740074241847,41.52707662957386,81.20848309865224,69.8248665144125,131.31618952855524,-27.93921272704515,-4.408513624381427,E2:open,E2
shade:unshaded,D,18408,15,0.8587832751844762,68.6551593584695,107.57836378930172,-2.964257898900827,164.94579059010493,232.4539552440826,398.8368189890564,864.8850380369822,0.7496809312082914,0.9304887063993951,48.43511471632234,90.04447033912928,74.21688560683728,135.62139293076072,-20.113486307606152,15.152612835875086,E2:open,E2
shade:unshaded,H,18408,15,0.8584307435068039,69.03301210522064,107.71255873638201,-5.91278663499932,164.54677857649182,231.83518765519392,400.5876996313241,874.8413616703203,0.7468090180724617,0.9309306711448868,49.11383253583882,90.61303374716245,73.9646363756451,136.02097364304805,-22.59178685651042,12.461272561767226,E2:open,E2
shade:unshaded,S-geo,18408,15,0.8761861055706415,61.14609643927388,100.73179180792242,8.464342048994295,145.42907679000004,220.3539999933333,397.898512936667,828.660599333333,0.7809449240832997,0.939709096092372,44.05474460844472,79.2900909017888,69.39850879765677,126.44031804911896,-0.1669640664754576,17.424651060528706,E2:open,E2
horizontals,A,18408,15,0.3078781949440428,166.47171316460225,238.16236432131439,141.35283984692654,401.38161254909994,500.37332794229974,748.7564735916734,881.3700154623334,-0.4072124110396259,0.693481184252589,108.73600906812413,233.04832283382027,160.4013780221891,307.59864741137125,82.26735200689926,211.4514067049148,E2:open,E2
horizontals,B,18408,15,0.29794148496747375,166.9967019846853,239.86590601499128,141.86853894274702,406.65594116666665,504.0428399333328,754.4761658433333,887.7881103333334,-0.4291896984468683,0.6890562963350446,109.56019980303103,233.68768519744094,161.1823335215329,309.9073723571648,82.61657059033702,212.26711306255118,E2:open,E2
horizontals,S,18408,15,0.8759170657770676,61.68545955523434,100.84117433908708,9.64095218525027,145.51000000000002,220.37625,396.4158333333341,826.6083333333331,0.7811066807145379,0.939209772290981,44.92479384928676,79.86751174273397,69.67340579069455,126.50037104879556,0.7429568825117869,18.942346922445406,E2:open,E2
horizontals,R,18408,15,0.30058619127747666,166.6075814417924,239.41368342684413,141.10391622412695,405.86454254269626,503.3332902363755,753.8482561194859,887.0803982700434,-0.4244680256411341,0.6906994668769139,109.24935459516924,233.2702314651908,160.72461093920916,309.40604056668366,81.8486003960138,211.5009882317092,E2:open,E2
horizontals,P-cs,18408,15,0.8712759166446649,60.64756346622196,102.70977341266094,-13.004339983806918,144.4783262452434,226.04796788306226,401.47842830634096,892.1450603687922,0.7686681174830629,0.9390428183300057,41.89685033775971,80.7666471939897,69.83472415258736,130.4868687322855,-25.13306547653905,-2.2727355197488066,E2:open,E2
horizontals,P-sim,18408,15,0.869918532190078,60.67689809499491,103.24988617597252,-15.683786381503447,145.9854987612156,227.36865624763922,402.8707087587906,902.5828858604677,0.7652333910478631,0.9389740074241847,41.52707662957386,81.20848309865224,69.8248665144125,131.31618952855524,-27.93921272704515,-4.408513624381427,E2:open,E2
horizontals,D,18408,15,0.8587832751844762,68.6551593584695,107.57836378930172,-2.964257898900827,164.94579059010493,232.4539552440826,398.8368189890564,864.8850380369822,0.7496809312082914,0.9304887063993951,48.43511471632234,90.04447033912928,74.21688560683728,135.62139293076072,-20.113486307606152,15.152612835875086,E2:open,E2
horizontals,H,18408,15,0.8584307435068039,69.03301210522064,107.71255873638201,-5.91278663499932,164.54677857649182,231.83518765519392,400.5876996313241,874.8413616703203,0.7468090180724617,0.9309306711448868,49.11383253583882,90.61303374716245,73.9646363756451,136.02097364304805,-22.59178685651042,12.461272561767226,E2:open,E2
horizontals,S-geo,18408,15,0.8761861055706415,61.14609643927388,100.73179180792242,8.464342048994295,145.42907679000004,220.3539999933333,397.898512936667,828.660599333333,0.7809449240832997,0.939709096092372,44.05474460844472,79.2900909017888,69.39850879765677,126.44031804911896,-0.1669640664754576,17.424651060528706,E2:open,E2
overall,A,4602,15,-0.09773386024935049,238.27414808175973,332.0718821355395,211.89871410493473,548.8121040849335,676.22322753935,885.175963012389,987.483728027,-1.0779342174964102,0.39956875106804635,156.1202569581943,325.9864687282742,247.6023389607513,408.0002792057906,128.31043041193834,305.5624023171781,E2:tilted,E2
overall,B,4602,15,0.3213032397914286,201.33879691007692,261.1087715248617,129.68570818705794,422.82432663333344,524.6950783499999,757.4060935633332,889.129777,-0.2848696738520689,0.6425107635868675,152.24314406584287,258.4985919168805,192.774936084997,326.2655667588515,57.12894620054785,209.12460590857248,E2:tilted,E2
overall,R,4602,15,-0.021268776345395368,229.1973468292472,320.2975381100854,194.37138407884538,530.3464392681184,658.0171840224804,865.4057608879657,968.5177493492411,-0.9329996924526028,0.44747370575130985,149.0186229997994,313.79660062173025,236.76426074391895,395.1591354560369,111.62386755415233,287.42537345411097,E2:tilted,E2
overall,P-cs,4602,15,0.8024743361875706,88.76068441001442,140.8624826606506,-25.21546750581593,237.39993834699825,300.24535209448777,541.8467115944777,1016.0808493004189,0.704127260521533,0.8839869777975174,67.71143502639477,112.96989236352003,106.62984353877903,170.6230590922266,-58.79952391049813,0.5858925675971203,E2:tilted,E2
overall,P-sim,4602,15,0.8496749923021376,79.73550033191505,122.88508969979266,19.078653532048005,171.72960179429933,250.03340173587338,465.0285350662537,946.3903303176246,0.7541960290273944,0.9143972503876554,61.42440260963278,99.43484969782637,92.45734443113055,149.16620937620254,0.9714546177390729,38.462556784240824,E2:tilted,E2
overall,D,4602,15,0.781799209772216,98.42944068851183,148.0511322158189,-16.11943580411538,252.40091504005892,315.68276545738615,541.1045508061352,993.5336416543412,0.6714326387815924,0.872473362083285,74.56314998341357,125.16435009061863,111.40604415152616,179.79016441519383,-56.01628638293931,15.338978085480585,E2:tilted,E2
overall,H,4602,15,0.8024351488908356,101.01434839331436,140.87645488594788,39.1415595412021,213.38292317723705,290.93891374837574,454.21347833840247,846.8727183085962,0.6743293903445842,0.8788686240466026,77.54569795257225,125.27843861343734,110.67091531322998,166.96978138172454,10.90579627111232,71.31500764964164,E2:tilted,E2
overall,S-geo,4602,15,0.8720451109400396,62.25311441860218,113.37362050829952,4.7371835934681865,149.59161753666694,237.76633294666658,450.47858000266643,982.6753158333333,0.778900754837791,0.9399278988021336,41.95143048370042,83.36963912333069,76.36032116193718,142.8297492221551,-3.9443765560604884,13.076804496552443,E2:tilted,E2
sensor:Pinc,A,4602,15,-0.09773386024935049,238.27414808175973,332.0718821355395,211.89871410493473,548.8121040849335,676.22322753935,885.175963012389,987.483728027,-1.0779342174964102,0.39956875106804635,156.1202569581943,325.9864687282742,247.6023389607513,408.0002792057906,128.31043041193834,305.5624023171781,E2:tilted,E2
sensor:Pinc,B,4602,15,0.3213032397914286,201.33879691007692,261.1087715248617,129.68570818705794,422.82432663333344,524.6950783499999,757.4060935633332,889.129777,-0.2848696738520689,0.6425107635868675,152.24314406584287,258.4985919168805,192.774936084997,326.2655667588515,57.12894620054785,209.12460590857248,E2:tilted,E2
sensor:Pinc,R,4602,15,-0.021268776345395368,229.1973468292472,320.2975381100854,194.37138407884538,530.3464392681184,658.0171840224804,865.4057608879657,968.5177493492411,-0.9329996924526028,0.44747370575130985,149.0186229997994,313.79660062173025,236.76426074391895,395.1591354560369,111.62386755415233,287.42537345411097,E2:tilted,E2
sensor:Pinc,P-cs,4602,15,0.8024743361875706,88.76068441001442,140.8624826606506,-25.21546750581593,237.39993834699825,300.24535209448777,541.8467115944777,1016.0808493004189,0.704127260521533,0.8839869777975174,67.71143502639477,112.96989236352003,106.62984353877903,170.6230590922266,-58.79952391049813,0.5858925675971203,E2:tilted,E2
sensor:Pinc,P-sim,4602,15,0.8496749923021376,79.73550033191505,122.88508969979266,19.078653532048005,171.72960179429933,250.03340173587338,465.0285350662537,946.3903303176246,0.7541960290273944,0.9143972503876554,61.42440260963278,99.43484969782637,92.45734443113055,149.16620937620254,0.9714546177390729,38.462556784240824,E2:tilted,E2
sensor:Pinc,D,4602,15,0.781799209772216,98.42944068851183,148.0511322158189,-16.11943580411538,252.40091504005892,315.68276545738615,541.1045508061352,993.5336416543412,0.6714326387815924,0.872473362083285,74.56314998341357,125.16435009061863,111.40604415152616,179.79016441519383,-56.01628638293931,15.338978085480585,E2:tilted,E2
sensor:Pinc,H,4602,15,0.8024351488908356,101.01434839331436,140.87645488594788,39.1415595412021,213.38292317723705,290.93891374837574,454.21347833840247,846.8727183085962,0.6743293903445842,0.8788686240466026,77.54569795257225,125.27843861343734,110.67091531322998,166.96978138172454,10.90579627111232,71.31500764964164,E2:tilted,E2
sensor:Pinc,S-geo,4602,15,0.8720451109400396,62.25311441860218,113.37362050829952,4.7371835934681865,149.59161753666694,237.76633294666658,450.47858000266643,982.6753158333333,0.778900754837791,0.9399278988021336,41.95143048370042,83.36963912333069,76.36032116193718,142.8297492221551,-3.9443765560604884,13.076804496552443,E2:tilted,E2
sky:sunny,A,1041,3,0.9684528015774378,32.45702092234549,50.61111439395905,7.263292463479027,50.955500284666655,70.25353597033336,251.95063069633258,447.71006266266664,0.945794406578325,0.9899753765517353,26.39690173912241,37.35019389964697,29.702141205461235,69.0962476858988,-37.2767168998715,26.39690173912241,E2:tilted,E2
sky:sunny,B,1041,3,0.7774176841232983,103.70185809606149,134.43452893432894,-28.342214692923474,258.00627599999996,274.8219273333332,284.3623795333334,381.70397066666663,0.26558700233440535,0.9309279539149319,67.06502305479457,188.21414931365737,77.96593379495383,209.40161135346642,-188.12485697569443,50.511566118556715,E2:tilted,E2
sky:sunny,R,1041,3,0.967464650489934,30.573364437988534,51.397647269797005,-9.769806206514945,66.64981841631936,89.5754912325163,232.49329406746386,428.81444323108457,0.9401279845229837,0.9973710125420497,12.384245214122299,56.152157865513395,15.210657288972776,64.93568789498619,-56.152157865513395,9.680171836730102,E2:tilted,E2
sky:sunny,P-cs,1041,3,0.7730074311323418,103.83508865864081,135.7598411782925,-31.002124272508546,263.06287066666675,277.633334,293.4328289333325,394.74254274548844,0.23752538465091766,0.9311558614105667,66.99351777951433,190.96015645917353,77.83720080200052,213.36468398056363,-190.8708641212106,45.480596043912044,E2:tilted,E2
sky:sunny,P-sim,1041,3,0.9671989841462075,33.75050284101721,51.60706355634145,4.828077121253735,59.08727620433331,78.95876120776336,233.20581039101867,441.61630792324735,0.9487125424067292,0.9899851791341758,26.351184432778727,40.86682846731093,29.687615527698004,67.21063478289378,-40.793351467535466,26.351184432778727,E2:tilted,E2
sky:sunny,D,1041,3,0.7424860192112717,109.81150170081365,144.59920578192896,-50.821026553368796,283.6089449745879,305.8443598402867,317.92915493346754,416.6230184408482,0.06271646035623146,0.9294242203295423,67.72634342113615,213.4144124999359,78.81004337992617,236.56219275140663,-213.30049118931163,28.1536895695763,E2:tilted,E2
sky:sunny,H,1041,3,0.9563217327097644,39.4293904831636,59.552253778258056,-10.983688102554233,81.44709805446018,92.28426359211414,206.18433994972432,396.42724987253126,0.9127651887088444,0.9895312552076149,21.11583596958055,65.15092445060081,30.352958672727084,72.16967590872184,-65.02936417027293,14.285050157831634,E2:tilted,E2
sky:sunny,S-geo,1041,3,0.9798490516912147,17.59728490845341,40.44950821544016,1.7308956904578965,31.61754159999998,37.49348446666659,217.33096950666615,404.8777800666666,0.957900082591996,0.9978242283008978,10.036285095486114,28.896724706443262,13.837587687484588,60.893793995302346,-5.963649352319586,10.897227724292247,E2:tilted,E2
sky:mixed,A,1376,4,0.5497042236216487,149.93720975402857,214.63578729748846,99.93058246162161,402.915423584,482.98303426108333,580.6868509929167,681.0908040363333,0.2505879566930379,0.83408883524321,75.91581776961432,241.2036136273576,119.99344940066591,291.88234626663575,56.20923379114635,148.88994455683954,E2:tilted,E2
sky:mixed,B,1376,4,0.607707519728999,158.33357092272288,200.33562751236815,64.4600428679748,344.4692205,403.15045175000006,481.36838091666664,661.6774513333332,0.44594583462182036,0.7641188989949866,110.99899239058212,216.8468847723579,143.0870372162031,253.88252662597736,22.63132943440484,97.43189239689076,E2:tilted,E2
sky:mixed,R,1376,4,0.5824508305192426,146.5398064662604,206.68407290011072,83.84925931676916,386.7402718143119,466.5028769858094,561.1856788293981,664.5813289975581,0.29639686207804805,0.8530966788292128,73.68450082914178,236.46010787526896,112.91308925645204,282.4105589261998,40.99943067556816,131.6497977093167,E2:tilted,E2
sky:mixed,P-cs,1376,4,0.7326495805834292,105.88823431906336,165.38405418319874,-42.576859575370214,268.09492299619905,365.8826595675273,589.5956734626924,1016.0808493004189,0.5595668501788402,0.9139856932480557,65.14216804743565,156.30735046980922,86.3909203713303,227.95147692166734,-100.62650174789258,4.370468776562992,E2:tilted,E2
sky:mixed,P-sim,1376,4,0.8144750931602261,91.36402777860678,137.76988951544064,-16.032802772471143,204.23871083299503,266.92189473225824,483.323445473511,946.3903303176246,0.6355197275113469,0.9170755036672982,58.61698472237189,131.76531770594102,84.82505995826659,184.01069207791082,-34.315977347262155,-2.5072143697031417,E2:tilted,E2
sky:mixed,D,1376,4,0.7144465517081717,112.13065584320378,170.92158186788757,-47.899984926195295,274.3684005968903,389.9328262633875,609.3825149695297,993.5336416543412,0.5357389698124922,0.9013607010917706,70.44564012891603,163.71162650755014,92.51406043031425,234.03646306770673,-102.58637105352587,-3.7053364790095693,E2:tilted,E2
sky:mixed,H,1376,4,0.8042224055567992,101.10649016237429,141.5254984075754,-14.751280651072497,218.40327879635436,279.4509286303552,459.3130648497025,846.8727183085962,0.6485864253943033,0.9103423146908309,63.87826512533251,147.1163402065881,88.20161054851214,187.58338345758847,-23.8943240420252,-8.342803600538678,E2:tilted,E2
sky:mixed,S-geo,1376,4,0.8178161272827212,82.6357767953246,136.52373586340326,-6.065611480499028,189.3600695166666,281.64021118333335,498.3398151499998,982.6753158333333,0.6292711222969402,0.9286602574557333,49.69321294337435,123.35893247159902,78.67713248156608,186.61755633417545,-26.28843374888887,14.507060701919535,E2:tilted,E2
sky:cloudy,A,1170,4,-2.8006607973908317,369.29079598232937,433.71868194367653,351.91300288750824,689.5518912760671,800.7408972165996,975.7546514486334,987.483728027,-10.426121263786122,-1.1851927403354239,331.4742977606069,398.20929462246977,370.1285530437793,483.192771022714,308.03977796161666,385.46311606613097,E2:tilted,E2
sky:cloudy,B,1170,4,-1.3501085905788641,282.0157950820513,341.0535219161068,240.46778321937325,560.1396019000002,749.5086352333333,876.6341310166665,889.129777,-3.4912205564602425,0.041977821510115976,209.14381126788928,353.8844823210768,234.7250487618076,439.20880507307515,140.43092186324782,316.9665595505282,E2:tilted,E2
sky:cloudy,R,1170,4,-2.5441542746495625,354.65687623348987,418.82720417252943,333.81901267274964,671.0442693309022,783.3594384221462,956.7723123000602,968.5177493492411,-9.488663500136541,-1.0395515943745748,316.98428494903004,383.4653283921946,353.7869710032398,470.5114764292858,288.16828083331524,368.7283958440817,E2:tilted,E2
sky:cloudy,P-cs,1170,4,0.5818755192625871,81.06431870550672,143.85712331486687,-23.589439242385225,256.6076185821161,330.54317721206877,612.4588877932684,867.6266450727653,0.42648526099279627,0.6744991239958472,46.64023426223315,107.57242609072041,85.46428411758795,176.08617290960677,-41.12800548237333,-12.069567884603956,E2:tilted,E2
sky:cloudy,P-sim,1170,4,0.5693843938752812,95.74005008240121,145.99011688183833,34.74385981895407,225.24610200814493,366.01817501502944,517.2634908331329,828.755989068561,0.5094531968136566,0.6365454527145622,64.90435432311735,119.64972351454408,77.88700397524055,181.80700596461952,8.948153565713199,59.10989992491797,E2:tilted,E2
sky:cloudy,D,1170,4,0.5383475767423991,92.97095932923466,151.15973902275397,9.416906168552252,272.4187397769537,345.01757709848465,560.7946685928451,812.5897933989984,0.3607630937313344,0.6920989090096067,48.80385525290788,126.98163402643642,84.12899820839174,187.06709450206958,-18.6215833024352,33.79976315863145,E2:tilted,E2
sky:cloudy,H,1170,4,0.4038607586959102,129.5013073834918,171.77202238624452,83.3153928052646,297.0319322367634,391.28967859218517,486.86866445005495,760.6495314079223,0.10315202162780013,0.503659611988956,102.92363375976684,149.96732232218474,116.65800525572249,204.3200504463527,71.59214893841403,94.98453727217667,E2:tilted,E2
sky:cloudy,S-geo,1170,4,0.6232276542917714,78.9439439960114,136.5582941837544,10.116998086552709,189.85050290333336,334.3681212333332,580.7119249526663,855.5869591666667,0.5621404722493466,0.8424996218484657,36.884658130451854,111.3315030059506,48.85315560231974,176.5510950530026,-1.3598363326471334,26.048836983028387,E2:tilted,E2
sky:rainy,A,1015,4,-6.143412076296685,418.0946194790423,466.96042159659663,412.17152710428763,683.1437963870001,806.0290645347334,885.3778472494934,914.1535074866666,-39.80099900077252,-3.390435291976053,395.9992373793173,434.5996036981142,420.76782305169564,502.2229239683733,395.1420042960853,424.89237546704146,E2:tilted,E2
sky:rainy,B,1015,4,-2.3445734164795717,266.7803303118298,319.5196614476892,252.4862553883487,504.27950433333336,645.7701977999999,727.7603108333335,748.8866046666667,-8.778792836371252,-1.8565797678592677,190.16644402380936,343.4116829239718,206.23081892066304,405.1039747085394,185.24883386405517,327.4201636568144,E2:tilted,E2
sky:rainy,R,1015,4,-5.628007232122377,400.3467968842289,449.7992297454832,392.8301991574751,663.8650732745656,786.4137990850919,865.9109167153122,894.4162591792217,-35.86994352071856,-3.145262356203844,374.981630331181,419.2942706949394,400.41395422124003,487.61591434874856,373.7101325177238,407.11265857512046,E2:tilted,E2
sky:rainy,P-cs,1015,4,0.6682546699121159,58.95259019977073,100.63049978524882,2.3813129016912447,125.20589748796684,189.06616822860744,378.3243461469993,714.0979406733156,0.38237347110916975,0.7228074432421434,31.90603454501889,79.15604141175405,45.39959330568206,129.85406217514722,-3.624123823244324,7.5146401182173195,E2:tilted,E2
sky:rainy,P-sim,1015,4,0.49431354463773947,92.68545640413966,124.2418419081088,63.2362127073929,167.39267706792873,213.68269813413738,469.5408021704511,678.3179783602775,-1.512507780362668,0.6482553703561202,88.64558783304074,96.15920930819333,104.53570466212553,143.14589715632334,32.69730025046617,89.03220865964867,E2:tilted,E2
sky:rainy,D,1015,4,0.6070943567129712,74.473603864563,109.51443171454488,33.11886119483402,149.35290693392577,213.79670797847305,397.0313064939405,684.1339487815497,0.3019755391906127,0.6641910682969944,41.78886904147975,99.00793317344943,52.94001620232013,141.6015315504787,21.22545648842552,46.07511783620041,E2:tilted,E2
sky:rainy,H,1015,4,0.17508735018311827,131.21475439502166,158.68329223999945,112.69185114983961,217.93492979263442,269.630907030938,498.8055343403717,623.4446795824459,-3.2861960787022158,0.4446459499740296,127.44627150991718,134.02976570678643,136.53317188378267,179.66397655338085,100.67458012268125,124.15389854789099,E2:tilted,E2
sky:rainy,S-geo,1015,4,0.6777671937371565,61.181099132026844,99.17725808176546,16.264088787461986,122.30453286666666,167.20047804666663,420.9431658886667,713.1687117666665,0.42382397297277685,0.7136742002438643,38.465081631950845,78.63390438933982,49.529545578082,131.4403773685564,6.389528947454848,23.285654867447306,E2:tilted,E2
sky:cloudy+rainy,A,2185,8,-3.689279745770066,391.96167966615707,449.46636709207417,379.90494891955905,684.6382877602667,805.8647526042665,929.7502307945721,987.483728027,-8.488789255136652,-2.034803964997092,363.9346508630292,416.5983937475621,406.6288746615447,485.59033236628767,347.489889102707,407.8549555985211,E2:tilted,E2
sky:cloudy+rainy,B,2185,8,-1.5465766717323692,274.9384510354724,331.22454093553637,246.050734821895,531.8110370000003,677.5410259999999,827.4085587866662,889.129777,-3.083669273956241,-0.5110781201999447,215.74719811741505,332.64816272370086,242.2761299667245,401.64693477877296,179.7155793150911,307.28392639842224,E2:tilted,E2
sky:cloudy+rainy,R,2185,8,-3.361841265207067,375.8812558492794,433.48997376655893,361.2315317949448,666.5006533466226,786.4790827061927,910.6042973136456,968.5177493492411,-7.721332829266499,-1.8271217971570732,347.82701262151136,400.258664292552,389.1052782791182,471.2638261638251,328.72060681884557,389.08478964353264,E2:tilted,E2
sky:cloudy+rainy,P-cs,2185,8,0.6335868407682282,70.79273772915796,125.64050110308892,-11.52522257133826,174.45049254116947,295.3302309044729,553.6623697135068,867.6266450727653,0.525299755032726,0.7022338312258393,48.30320052759451,91.40161263765518,85.41515183011435,154.14345292138552,-24.063480093025134,-0.5689257745571932,E2:tilted,E2
sky:cloudy+rainy,P-sim,2185,8,0.5686515329572794,94.3210969549708,136.3195858972088,47.97943793417851,185.61593673893233,296.6128668122281,495.69855746728274,828.755989068561,0.4075492908858589,0.6243236927122986,76.99700714465364,109.79874217244874,102.35443072484028,162.6892050108666,26.86217133993272,70.74986520123724,E2:tilted,E2
sky:cloudy+rainy,D,2185,8,0.5866789420560943,84.37836628729337,133.44057197780842,20.427196489685425,209.27192489097328,308.06713131842696,520.6226512477724,812.5897933989984,0.46046639186010746,0.6722467514099255,56.092845398014695,109.96381309297114,88.53198050874931,164.72864207444414,1.0229644714977508,37.74145994877165,E2:tilted,E2
sky:cloudy+rainy,H,2185,8,0.3617543058735503,130.29725645292098,165.82044467945812,96.96166521704657,249.8753235071236,352.14486835706725,493.8227307857454,760.6495314079223,-0.018582020350418463,0.46619709569646295,115.13243956577115,143.04857782561047,136.57422796843133,188.20340402197144,84.20306300003757,110.1843679539498,E2:tilted,E2
sky:cloudy+rainy,S-geo,2185,8,0.6621568647399076,70.69255381892017,120.64287497099227,12.972511615808049,148.18036702666672,284.8634074333333,522.6852513946653,855.5869591666667,0.6027069817384435,0.7409023694982393,47.13046559305201,92.77226810498736,73.20029208398078,152.69789503850635,4.754359425810958,22.741207320104174,E2:tilted,E2
shade:unshaded,A,4601,15,-0.09802294631157937,238.3233648363949,332.10792132237447,211.9421983157801,548.8230753576668,676.2328206383334,885.2150960283333,987.483728027,-1.0779342174964102,0.39956875106804635,156.15036441986865,326.05739719703905,247.6023389607513,408.11742447024494,128.31043041193834,305.70278143249385,E2:tilted,E2
shade:unshaded,B,4601,15,0.3211291657021381,201.3722703198958,261.1362130663149,129.7036082239746,422.84034,524.701738,757.4106836666666,889.129777,-0.2851087825610759,0.6425107635868675,152.24314406584287,258.58708229428356,192.774936084997,326.26740799911,57.12894620054785,209.1939025621249,E2:tilted,E2
shade:unshaded,R,4601,15,-0.02153790566330116,229.24567341960335,320.3323276989279,194.41511763430714,530.3856017495241,658.0741539639147,865.4408718788833,968.5177493492411,-0.9342527899145752,0.44747370575130985,149.03421125944283,313.86912689176205,236.76426074391895,395.20372433606,111.62447217463179,287.4969120509909,E2:tilted,E2
shade:unshaded,P-cs,4601,15,0.8024226399722147,88.77710995792854,140.87765550310195,-25.223813997005458,237.452720089257,300.30113394156626,541.8542769177536,1016.0808493004189,0.7039093975317349,0.8839869777975174,67.7239202174454,112.97150878343153,106.63013892649833,170.64326353938148,-58.79952391049813,0.5832519097461806,E2:tilted,E2
shade:unshaded,P-sim,4601,15,0.8496355229491481,79.75096198726831,122.89837780192737,19.084668545650167,171.75720717198834,250.11268987361933,465.03968608090014,946.3903303176246,0.7541001935534712,0.9143721330122008,61.42467314239062,99.47458241193469,92.45734443113055,149.16702727171025,0.973450075458281,38.462556784240824,E2:tilted,E2
shade:unshaded,D,4601,15,0.7817432890791126,98.44491936024825,148.06667687933384,-16.128853649764896,252.41215465527847,315.71262446167896,541.1224901400715,993.5336416543412,0.6712738957112235,0.872473362083285,74.56341048748781,125.1653892327326,111.40633516228903,179.79016441519383,-56.01676076977515,15.334254949225802,E2:tilted,E2
shade:unshaded,H,4601,15,0.8023830695612122,101.03602819717244,140.89176214882198,39.1497916621973,213.3867255753675,290.9493348913748,454.21352409223914,846.8727183085962,0.6742615706935923,0.8788686240466026,77.56037342810689,125.31865168236966,110.68295588943072,167.0040828522448,10.907773767274401,71.37080417011647,E2:tilted,E2
shade:unshaded,S-geo,4601,15,0.8720124354171469,62.2618422582208,113.3854724300776,4.733410687417356,149.63807916666667,237.81116896666674,450.4893469333333,982.6753158333333,0.7788525432436609,0.9399118269080614,41.95617641524672,83.39570266442624,76.36050549960736,142.844288777648,-3.95513433664263,13.074781697153812,E2:tilted,E2
overall,A,11848,4,-2.9980356326048936,363.2431402578167,436.7457533884663,345.5411883620973,730.2248417154667,767.7775563555333,848.1307772622478,948.7446207686667,-10.042038194166466,-1.5116593450489813,306.26813509649514,456.1813487132667,384.23372545164705,508.2613352883285,281.2799144727061,449.40180118718956,E4:2025-04,E4
overall,B,11848,4,-2.9316371505471372,361.6009767461738,433.1038813107587,342.7174760559307,732.0123016,765.8977789833333,802.5920151900001,837.9174266666666,-9.769503785320092,-1.502839481589458,308.22024014697087,451.493886114611,384.439108708748,501.08879057123517,280.38392295201174,445.12024450749163,E4:2025-04,E4
overall,R,11848,4,-3.026077318499529,363.9397033920271,438.2747151688507,345.39840110925036,734.7670517402341,773.7965256899067,832.9028232780163,931.3125866365388,-10.12453706315038,-1.5280089772934904,307.2977155548471,457.05302713923425,385.50609600670765,510.13882688232707,280.5704180114523,450.15170735359493,E4:2025-04,E4
overall,P-cs,11848,4,0.5999511981035998,86.63226471184943,138.15348595224546,-18.416180374254576,216.4620306066428,311.0631039144604,524.2913110584957,1009.0942801592242,0.3179492391994576,0.7733289113107957,50.63430129585987,120.2631654249962,77.18540652055935,186.0288599703472,-33.00473269565837,-2.9511861877865213,E4:2025-04,E4
overall,P-sim,11848,4,0.5978491736455627,86.0985437149643,138.51596864243,-22.341591130277326,216.53590761361448,314.59951165552167,524.824510741268,982.4565094576387,0.3124209799144364,0.772177295185348,50.53327231382103,120.32281958439778,78.28998247317233,186.78125283988868,-36.32077500188164,-7.450552867007439,E4:2025-04,E4
overall,D,11848,4,0.6027581215783873,90.763908243952,137.6679590879293,-1.0675154854761257,219.08526503915937,304.01460748436614,504.70002005837347,1008.0825886301351,0.3225017595945139,0.7770624980618962,55.171351258828125,124.79055669858455,80.89291429041864,185.4069721458499,-16.22367395262887,14.901984108272563,E4:2025-04,E4
overall,H,11848,4,0.6030701563974195,90.60275332174767,137.61387914557616,-1.1982989893943266,217.37559496300773,307.28941032759104,501.8430326632607,972.8058630133895,0.32100567899286037,0.7820812311232053,55.03720617882009,125.1526095345608,82.3626635576026,185.61157106144054,-16.113159803595668,14.671461902451403,E4:2025-04,E4
overall,C,11848,4,0.5739552051304626,103.9506132459487,142.57158984778422,34.06487618472879,233.956668,297.9982275,460.45090153333354,839.97614,0.32803993648719704,0.7018298646632676,72.6921209259259,136.99749615191124,93.38993287378321,181.55476758997762,16.5518617801667,56.86401617806276,E4:2025-04,E4
overall,S-geo,11848,4,0.6006512314668222,89.78431310118445,138.03255771250642,8.692793013467817,223.56347425333365,304.2584720866667,502.69511224333337,990.910975,0.3124266494034338,0.7819071323460547,54.752887804063604,125.1699733955428,81.45994470821411,186.7804827782595,1.3269779712291483,16.86653933526828,E4:2025-04,E4
overall,A,16522,5,0.3493216302715709,166.45938989032814,253.7195916352588,116.37410533018311,510.2365368657,582.2344645181665,674.0052897139265,834.3665934246667,-0.0960123550002383,0.7446540301220621,80.62338342689789,256.72949280089495,144.49028803423087,331.8384169631319,36.09421465056337,201.421973057959,E4:2025-05,E4
overall,B,16522,5,0.3463316451661357,170.13710779487957,254.3018672534591,118.17315192787395,507.01921046666655,579.7920533333332,669.0290360899999,714.7063146666667,-0.08564516298515712,0.7254821632343793,87.39884964446813,257.14943963094476,149.81642755422547,330.26525650805945,38.69351104301962,201.87670745842797,E4:2025-05,E4
overall,R,16522,5,0.34680540627999656,167.03980565786162,254.20969499762884,115.26639905151097,512.765101312769,584.9185663919683,671.117759134156,815.7308942433727,-0.09884252544283334,0.7420211631821843,81.8282300825718,256.6532209747782,145.2332958263318,332.2665844797829,34.89413854480845,200.51635524424748,E4:2025-05,E4
overall,P-cs,16522,5,0.7808912013268158,95.96289819923523,147.23149692424408,-19.109120047403145,242.52823785523083,339.29143027776234,525.9213326587574,759.5858818063903,0.6283579704268205,0.9089223066883186,55.41499708580816,136.0223545404956,91.1643169822462,187.55619928415413,-28.920409447306803,-11.699662578142487,E4:2025-05,E4
overall,P-sim,16522,5,0.7836463488558599,93.39906790512573,146.30289945184677,-23.47006177968979,240.14761526119463,338.5180820239472,535.9623167706003,705.8380479978616,0.6310834631638567,0.9118906291378075,52.11011819022525,134.1585126308963,89.41066995485333,186.8628609247323,-33.84816912725614,-15.424665985976572,E4:2025-05,E4
overall,D,16522,5,0.7869793560880691,97.39637835662937,145.17160064920859,-12.791521552642498,251.01280747790884,333.64155924328594,478.60888902074595,685.2487747674536,0.6379936613111501,0.909807075191078,55.213514372911575,138.032567263926,89.63422028991062,184.49609571156452,-19.930415742226746,-4.650636100359665,E4:2025-05,E4
overall,H,16522,5,0.7911489353730567,95.43874683419406,143.74381451641602,-16.810034941638225,249.07005389758564,332.6512369783682,477.070061861409,682.1195579529259,0.6455744338438252,0.9133567403242786,52.8293813656888,136.65728012441124,87.81541060276216,183.17400429935697,-24.066339304654896,-7.930245259251408,E4:2025-05,E4
overall,C,16522,5,0.7875319606266454,96.25315112299762,144.983180929598,-9.75726911658193,254.19175333333314,339.2003551666665,474.45575493333195,677.1211333333333,0.6481068539820218,0.9041841904918946,54.66745085578984,136.44601311192983,90.7741954671423,182.77805541438488,-14.710579072873612,-4.226746059982925,E4:2025-05,E4
overall,S-geo,16522,5,0.7900065109514074,88.71481761725376,144.1364208188729,9.160808991135053,254.9351030166667,345.2151989199999,495.06069484899905,695.2311888333332,0.6391752045370545,0.9170579972414947,46.44391089521695,130.30387775256128,86.49692546020462,184.8103746200738,0.22451989120037227,18.106839095357163,E4:2025-05,E4
overall,A,17424,5,0.44434044324964717,112.99004723234212,243.16878004797562,96.20462103000557,517.2604829917333,704.465246785483,809.8547816974634,872.6638102216666,0.0542597045646005,0.8053785613567541,46.832305921767095,176.73432868846896,131.23204520729095,314.7436887595005,20.5957446398992,167.74038942995813,E4:2025-06,E4
overall,B,17424,5,0.4208449764076291,119.48432582983241,248.25661862371982,100.61400878705616,530.5032364000003,713.0619703333325,814.7885743333333,835.6660923333334,0.023208141239878355,0.7875975755177483,53.77800798464129,182.7381328714594,134.71287613077905,319.8689606932291,24.981027507219697,172.11297498060466,E4:2025-06,E4
overall,R,17424,5,0.4437140491938911,113.0428473829209,243.3058033145833,94.09029110012885,517.0315598114636,706.482186934147,812.5085606266601,853.1616550676085,0.05263626891200368,0.8057547270478239,47.32160034666714,176.787971057392,131.40805634106707,315.0137137537334,18.539949240333442,165.52768176802797,E4:2025-06,E4
overall,P-cs,17424,5,0.9673979880416157,34.639432716485125,58.90140076568898,3.1108004197800656,65.16654532831217,118.08615959749632,248.8003159916972,519.0918128050024,0.9367032835403303,0.980650933268936,26.713910131032044,43.64040716281811,43.594570086278516,72.94001652394881,-5.555505721821549,11.184432337617844,E4:2025-06,E4
overall,P-sim,17424,5,0.9733305354562147,29.503402261108835,53.27341900501663,-0.7741696605610466,52.548265906018386,87.6787278546352,253.53934159053557,528.6627007037459,0.9478296425786111,0.9892261044137347,20.58855113201225,38.3998532846758,32.53035248396668,67.92802783543877,-10.322560764974707,8.784090581945032,E4:2025-06,E4
overall,D,17424,5,0.9317728437934258,58.41299640188172,85.20833061307518,13.954098120989176,165.12518103370934,201.5340845771466,259.5506341647279,526.9071655236576,0.892041207243648,0.9605538014346624,44.241722814733954,71.56102936266319,62.245070940079806,103.14786321160986,-9.484304365200277,36.62210968901599,E4:2025-06,E4
overall,H,17424,5,0.9396451911668058,53.65576858352134,80.14184958543703,3.3609446669605316,150.81260445676108,194.83023794271585,249.01084520853635,503.24986236342994,0.9031865826641345,0.9672331957766953,39.76800518603056,66.29040471308414,56.73086834703466,98.08377548509681,-22.102824805823094,28.321310807610075,E4:2025-06,E4
overall,C,17424,5,0.9434121976361594,57.565713160965714,77.60055653496278,-16.211281887243643,109.57244066666668,133.82821133333331,299.38135010000013,499.20015,0.9087220500193601,0.9572265070406231,52.024011153641624,63.33475355187099,65.15589572751868,88.7446318682455,-32.096640340591364,-0.8613632094053819,E4:2025-06,E4
overall,S-geo,17424,5,0.9761668721812224,25.20525067894475,50.360953364624635,7.169532002976741,47.887140560000006,84.38153369999996,237.88738239233334,473.15517316666694,0.948419127182039,0.991436901762367,15.180051359500585,35.69961589783821,28.935678374304715,66.56819270040421,2.6052840972078495,11.54645452744226,E4:2025-06,E4
overall,A,17737,6,0.8347774928940257,54.9615579222585,119.55634676913613,27.835386120469476,145.82850870786666,336.8997770178667,514.3738891601598,680.9953043616667,0.7039907425598675,0.9825020972973282,24.48047139855945,88.16689542004728,37.03217384067459,166.19735514251866,-5.750381338259445,62.39315073855073,E4:2025-07,E4
overall,B,17737,6,0.8141405642888956,63.78007631111988,126.80323669344682,31.384089721204266,166.46967146666663,353.50394913333344,526.9815152799996,701.5364416666666,0.6788487184376317,0.967143626685428,33.36404584302388,96.91875825331358,50.407557847277985,173.36664889895403,-2.692379141078355,66.4467570074353,E4:2025-07,E4
overall,R,17737,6,0.8343355709616206,56.05699530815793,119.71612914572816,25.661118290428668,142.14474031820546,335.84315085428636,516.0791055217967,684.6091075613997,0.7036515293091633,0.9819930981176125,25.544033298493176,89.29974121106922,37.33983533581161,166.3073398279101,-7.854148421817933,60.14634181784321,E4:2025-07,E4
overall,P-cs,17737,6,0.8853244522624154,55.012702241436266,99.60323491106121,14.124057270762496,120.37299662131095,231.16559105294223,461.48139296415667,640.230084400811,0.7856067246522378,0.9716645395622999,32.26450373192088,81.15387465153701,47.124998012811204,141.4233608089573,-6.773481944328055,33.12074000830612,E4:2025-07,E4
overall,P-sim,17737,6,0.9023604587672566,46.86661759449467,91.9074882024431,10.24223742289301,93.02807176138451,214.4530548762693,444.30872176166883,616.5268655207958,0.8069764169883675,0.9864140641196266,23.264315085565627,73.91063381506048,32.3324848252216,133.86805247986777,-10.79032561966778,29.255694577235936,E4:2025-07,E4
overall,D,17737,6,0.884721408562349,65.67799783550281,99.86478301543569,-3.386924880621044,134.503802752894,216.55199456651138,420.30279945171594,622.7692378193008,0.8016690061426663,0.9615551838530056,43.088086940018044,91.34559717739744,54.903164191662476,135.92844613395474,-24.70386968379289,16.148083967744604,E4:2025-07,E4
overall,H,17737,6,0.8952035905226311,62.12471978240759,95.21628517504273,-11.950317099521813,107.5062395574034,209.21777251655757,404.5227262617861,609.6705465493585,0.8142486415364082,0.9695407539484272,39.66827648633815,88.63474114065708,48.60139071751509,130.95769908631047,-33.9498341530537,8.329556958723677,E4:2025-07,E4
overall,C,17737,6,0.8802723616256725,68.53661815865141,101.77362418612715,-12.919074663133562,148.47975866666673,215.34313333333336,408.8029466666664,593.4042066666667,0.786095577563486,0.9582765904533054,43.49295149647954,100.75384230832933,57.286257364609966,142.32558880588792,-26.76882558746946,-0.14879197392152008,E4:2025-07,E4
overall,S-geo,17737,6,0.894462428651697,44.10734799276465,95.55239565693108,28.58006016303772,101.78230511999998,233.13335146,460.50775694799944,631.7304964,0.7920740320971933,0.9879606099032399,18.039275628353405,72.04152778763518,30.660831061389477,138.6600759384336,13.606347147395699,42.98694911435155,E4:2025-07,E4
overall,A,16425,5,0.7740287108816801,71.13956784508427,130.92554407431496,63.20186279807935,238.3533129886,324.14484130880004,505.19117464193346,640.7281941733333,0.5592297151425718,0.9433739923772276,30.614536918880127,122.5732458764506,64.41941515895502,184.13965919091086,25.966596910359137,113.2137354016814,E4:2025-08,E4
overall,B,16425,5,0.7633038204528189,76.72147087924911,133.99647689489203,63.73942370636225,243.89083586666663,326.29028726666655,504.835378,589.0785193333334,0.5559593509201164,0.931916607779971,38.16270468430725,125.3512341897263,71.34377697293834,185.0210915788013,26.547418060070033,113.97681423837277,E4:2025-08,E4
overall,R,16425,5,0.7745648730083885,70.6963556422336,130.77012829739135,61.20568639848184,238.55222213933123,326.16948269163805,505.29916493149045,619.9201752307692,0.5605364961415453,0.9443165466387081,30.43672393787575,121.78154996504632,64.37273989780924,183.8596770461485,23.951677248200763,111.20821645379881,E4:2025-08,E4
overall,P-cs,16425,5,0.9132762300945153,49.63889458451023,81.1085859562772,22.59957500711563,123.38311108186042,170.6291217065718,353.4128061591805,493.06600412457806,0.862455896618211,0.9609482832407086,32.84713101554966,69.54140681734334,54.20040745123121,102.82567019237722,7.279063390043789,43.72054137142635,E4:2025-08,E4
overall,P-sim,16425,5,0.9202798728554364,44.58241266891255,77.76456501829755,21.18683456777906,114.06662959269993,166.95530337570008,351.56148924856234,504.2687456439413,0.8663088358165569,0.9710266269992807,25.707457078919465,66.24950228755952,46.68550003304519,101.12577977082537,6.401207892323928,41.258545581175774,E4:2025-08,E4
overall,D,16425,5,0.906706660649857,52.329865369133266,84.12461216028488,15.04563664650055,133.8222690514658,179.9764301011061,330.36324596619573,434.35617604250785,0.850016834389737,0.9603781791288858,33.358279146274455,73.64974740559356,54.59460159921416,107.23582333624977,-4.77116428600548,43.49251201675175,E4:2025-08,E4
overall,H,16425,5,0.9130814295382477,49.07778183562729,81.19962867194673,12.09335802667876,127.34739178864264,182.05679601670096,329.6408087059344,453.5340118296059,0.8532525179729531,0.9693118998105225,28.965240578419028,71.8152887820714,48.047134050731884,106.39319681432941,-7.755638586673987,40.058633572101954,E4:2025-08,E4
overall,C,16425,5,0.9068761255557249,56.14333749406392,84.04817235516903,2.3889758526636293,124.07035266666668,175.93261666666643,335.4253008,449.23013333333313,0.8534272261036658,0.9568456762710679,39.63354369133775,74.18394938157046,56.9763525469705,105.25358317212712,-13.01987880861153,25.03010214086233,E4:2025-08,E4
overall,S-geo,16425,5,0.9206997686196214,43.96665122905531,77.55949684356581,17.509325540267884,114.56586659333328,165.65546181333326,345.05195834666694,480.7600552333331,0.8667694650971172,0.9719565644382332,22.533064999914846,67.77024900308403,45.93017442172154,100.55815282598813,6.920747806715012,33.4724673017039,E4:2025-08,E4
overall,A,14181,5,0.45958278560885524,95.22467636667461,173.18339653747867,62.00645577875526,308.6595906573333,477.424609375,579.8537532551334,782.7695149743333,-0.7846685662437951,0.9804937398078306,25.23967991192881,205.16238598925298,31.86328718423151,284.9991289700311,-22.97413835474733,179.6591959228544,E4:2025-09,E4
overall,B,14181,5,0.4477578135810165,101.86204588103801,175.06787311960653,52.882212893754556,301.115872,477.3041803333333,577.5669006666668,632.8640433333333,-0.7483000457484388,0.9171012084120643,37.98821417167598,206.79997297960742,65.68562322382039,280.60165568031823,-33.2579703418482,171.75707227940453,E4:2025-09,E4
overall,R,14181,5,0.45690355449702125,95.96088843632673,173.61216218439858,60.6110332470442,309.46686088489446,481.3249685970106,583.7892375029363,762.2496402984383,-0.792531882161339,0.9778227815465255,26.10921631674226,206.1555137094232,33.366892668890884,285.4928683169856,-24.386261727500692,178.2556820902865,E4:2025-09,E4
overall,P-cs,14181,5,0.9101465902060802,44.99293752150612,70.6169485066807,-21.319295439122516,110.04871226497346,175.0827474480448,268.49270373333354,496.9612053333333,0.8793513705058781,0.9287084772081521,35.77834396593618,52.97005695377802,62.20677137906876,77.7159577657858,-34.63220016263848,-7.541322182612574,E4:2025-09,E4
overall,P-sim,14181,5,0.9478396051871921,36.91552635118537,53.80369482047941,-14.13063899973951,73.45335817158019,108.73206036312996,214.20198056929968,493.6410847983333,0.8976675682632709,0.980712936237205,24.48400566620397,48.56453247802701,31.683753771838518,68.78520159963124,-26.450722131737326,0.0233656752443246,E4:2025-09,E4
overall,D,14181,5,0.8716084279880724,62.46791167095072,84.41311441760507,-39.009128406351884,119.56757044415104,188.01642497879004,297.5425910977444,462.69936330919006,0.8260638036639054,0.8921707829118697,54.084656061093206,71.83795521243674,75.70418710959227,93.71591936614328,-64.12208566307335,-11.694905121232106,E4:2025-09,E4
overall,H,14181,5,0.9116946454377325,56.82974494907566,70.00598731854147,-32.093404167278756,101.59812529551823,121.64430896694284,205.36744404237612,456.3787459115575,0.8656384273828421,0.9374203994761715,47.70530748902314,65.02949661050279,57.77802182233848,78.92628368739867,-56.47746241891584,-5.564450940437045,E4:2025-09,E4
overall,C,14181,5,0.8806782477059975,57.74509017417672,81.3769628227148,-20.97603521871988,114.46849999999995,182.95239333333333,298.32201666666657,512.3193733333334,0.8444423270606033,0.8990286135644854,50.31881908302094,65.35829783300912,71.54606550508339,90.50173029703278,-31.10311355521936,-11.268558222038088,E4:2025-09,E4
overall,S-geo,14181,5,0.9499541097457522,33.129285715838094,52.701851783514435,17.275734775547097,75.42970583333334,117.88729823333335,216.894634786667,542.6508343333333,0.8940852075177455,0.9876166569236358,17.416905399535043,48.33122845738421,24.99082074055372,71.34864527819342,6.944531335085752,27.62005998159754,E4:2025-09,E4
overall,A,11736,5,-0.3544455624497611,196.73655756890417,251.75179445874073,149.81026966292052,419.74902547183336,486.37323710091664,663.3010819495163,790.9907674153333,-6.7726098716103325,0.4769456762680937,121.04036694778678,281.38248118622585,158.40950092853487,324.12888817874057,26.953934161264762,275.64953857222866,E4:2025-10,E4
overall,B,11736,5,-0.22917407890809938,192.11371623191616,239.8272314985263,132.1359124471513,410.36547200000007,453.1557443333333,519.5506602,535.8757823333333,-5.715356334605201,0.413725025797704,127.66521132935779,265.29357918491525,165.15738616302102,301.278982404976,9.392977023861901,257.6939993556701,E4:2025-10,E4
overall,R,11736,5,-0.34439919728191604,195.84851500692506,250.81639404047368,147.56611940361833,423.1326840145917,486.28294759233677,642.0576630346106,770.4739803697034,-6.708386659917982,0.47477558664148745,121.64940459939189,279.6294976667016,157.64732117225964,322.7870108839613,24.746998364561957,273.32239377539054,E4:2025-10,E4
overall,P-cs,11736,5,0.7615831785689781,67.23465241936661,105.6234245881049,-18.505534781288908,159.6546177008515,254.21352195209283,383.5926519535909,753.0176615286362,0.584093045909987,0.8393561037239259,37.52043702379572,101.71628357010444,55.55444011182764,146.8514611475314,-48.95249318296046,10.993320024646005,E4:2025-10,E4
overall,P-sim,11736,5,0.8076842365975428,64.45624013421659,94.86352078284862,-8.813670925740542,144.80002915107548,215.66973501012993,341.4891194043889,634.7617747735758,0.6677056103782921,0.8835269997174329,40.52653416685203,94.21404771210014,55.52739684761643,130.8824142998816,-35.89036856366974,16.103114710414456,E4:2025-10,E4
overall,D,11736,5,0.7160638011627927,82.31098198007324,115.2662540260687,-10.507328173374802,171.1374153751897,266.2181069766853,405.21537065190364,731.2863876048443,0.5393497127147573,0.7685604233149343,57.959389919435544,116.56320359675358,72.82786267350917,156.26999660107407,-57.72025978796931,37.6564448215292,E4:2025-10,E4
overall,H,11736,5,0.7597957801668622,80.61447251318621,106.01861193281529,-0.7648979774979527,168.8073678641736,214.98133715289407,322.4055509522017,595.3559974921375,0.5354419142567894,0.8189044827051534,60.513428624881264,110.56497326171757,77.207439479833,140.13722783966315,-44.59975258904873,43.95276547983144,E4:2025-10,E4
overall,C,11736,5,0.7424681736857928,74.29001359197638,109.77596192737755,3.940162347713717,167.8349433333333,255.0119433333333,380.95357049999996,752.8599399999999,0.5716014553801043,0.820747780285698,50.32448385104605,110.31805705421144,65.84029023893213,152.5573106764524,-26.261328536270902,33.3913022312238,E4:2025-10,E4
overall,S-geo,11736,5,0.8170065770484204,62.112964755351186,92.53574758554795,22.700072862974448,137.22419301666667,203.1952857833333,365.3610222,707.4787692,0.7028358183332584,0.8715506503476949,45.27629158622873,82.45620559995236,58.888793051536716,122.98314612326924,2.0318152761617894,36.15601158423971,E4:2025-10,E4
overall,A,8557,4,-1.8851486332695,219.04304694939887,266.431775991339,205.5686113413892,413.2819828290667,444.77452677446666,655.7097500000804,713.7232137043333,-90.55526705451585,-0.18054863427016898,134.71571806925334,305.35717829619614,174.24792197087947,335.5252588634071,108.06890838639244,305.35717829619614,E4:2025-11,E4
overall,B,8557,4,-1.4550424548702847,207.18072683281932,245.7714475265958,185.33232586564773,397.0905722666667,424.4645836,450.3648791333334,479.63989066666676,-76.0796686938215,-0.04319301679501697,131.46673108993423,284.6851880969018,163.797776315534,307.8685128414153,87.72979778345129,284.6851880969018,E4:2025-11,E4
overall,R,8557,4,-1.836374894801018,216.87722551309483,264.1701485118361,202.3575968045621,415.3475879899316,447.59646585255086,635.0931047832098,691.9129299953294,-89.09299358326793,-0.1565975647471347,133.6805009943987,302.03563237872794,172.47128644993427,332.83643237293404,104.96673560061222,302.03563237872794,E4:2025-11,E4
overall,P-cs,8557,4,0.708014007157937,55.63580416441606,84.75843573694118,4.1056331586452695,118.9771127894587,174.40202045179333,339.6156531388002,671.3240825306019,-0.6906614210106712,0.756701772356444,35.623952916230046,75.06315814075762,45.40549881062477,110.34193044689566,-19.24472699475329,27.991450743457474,E4:2025-11,E4
overall,P-sim,8557,4,0.7277152184039906,56.168488486623254,81.84904345591234,13.002594147505647,121.87257576664933,171.80320116547315,290.4419975735039,579.338257120979,-1.2677571577156614,0.8131824292917003,38.31321041113084,72.73063984112362,52.60344861794447,102.58305478579165,-7.073503535216548,34.96906741538293,E4:2025-11,E4
overall,D,8557,4,0.6390102741350925,72.32405565184249,94.24305260399277,27.60280928564254,130.08636090748723,166.47279430094403,320.8935129792137,643.4413382377002,-3.898293353358582,0.6693404961075182,64.26675628164031,78.97558626725439,77.48414910596878,108.06630608144607,-10.026683699659879,66.09520080985136,E4:2025-11,E4
overall,H,8557,4,0.6373517774398407,74.42640467729902,94.45929515443096,37.85600713995157,143.67539876770746,180.37305651547862,275.1324291310224,532.3422883484839,-5.207293787646053,0.7147334183254419,69.18731831567405,79.41566921606754,82.4063883862831,105.128369149368,4.045321973811126,72.44202007467715,E4:2025-11,E4
overall,C,8557,4,0.5843378715043268,79.5182861187061,101.12817097757274,42.075850409062504,136.99518,176.21354133333335,323.3148660000005,691.9756066666666,-3.257024886870356,0.6430380945405697,64.88230826910974,93.74351467101403,72.23987250776766,122.91893719098559,17.91574983007147,64.34288199723161,E4:2025-11,E4
overall,S-geo,8557,4,0.6744655491921938,64.87540532937506,89.49533581987895,40.49082157990508,145.47727303333332,185.92448618666668,279.2310525160004,652.2599236666666,-1.5745953937702102,0.7465305582400379,39.76005080107738,85.89704595286335,55.977286254407915,112.89595568017715,18.015475642169946,64.29110971079356,E4:2025-11,E4
overall,A,7524,4,-6.234870158693482,200.2989070734349,230.0376315780474,193.7756747560848,340.1940724692334,429.55111012813325,560.3411095379266,630.9132324220001,-25.591729281437406,-2.766560748480279,160.92026249990093,239.17003722766262,194.2319424527302,265.0879356306564,142.4825087005915,239.0479469395011,E4:2025-12,E4
overall,B,7524,4,-4.340608392409435,178.48633862747613,197.64183788626798,169.5481466368683,290.7934587,308.5429685,370.17296133333326,380.525461,-19.525172505500542,-1.6494310722800427,143.54376505052898,214.99253687752702,164.33980057838806,232.21675678348416,118.17941734247812,214.98546943215777,E4:2025-12,E4
overall,R,7524,4,-5.950961079014672,196.40980285492333,225.47891960232366,189.11900359137704,333.79765575823535,406.55315646376437,538.7740828871707,610.515178222773,-24.71867038751696,-2.599461586404245,158.18261789988995,234.67816425015243,190.1233959509626,260.5689902363274,137.78080225975543,234.44100806125883,E4:2025-12,E4
overall,P-cs,7524,4,0.546523321754699,39.1600608975078,57.591845461361416,5.0649357360551335,88.48375487943562,126.28466771333312,190.7933302177408,403.82273690581883,0.26313025859315164,0.6519510452973315,27.316023045740206,51.868048405374594,36.42096453271116,74.64665533413229,-8.068284632363426,18.1354677017605,E4:2025-12,E4
overall,P-sim,7524,4,0.4307069932573835,45.026198475304994,64.52848090398813,13.789900987211963,110.09935670956506,144.36094128822268,206.21584218996497,308.9639829008511,-0.17901554322914537,0.4756078946483664,34.407007687092474,56.798546189280664,50.225130285274965,77.52062399855487,2.053289822168394,25.470490141921175,E4:2025-12,E4
overall,D,7524,4,0.37803478352980013,53.86419240103839,67.44761006485528,30.337668758320124,104.04007830937229,121.62716472575632,177.51586877203275,398.81955229477774,-0.6218829288945151,0.433224596772807,45.047700898140626,61.3973217681078,53.96977883348957,79.06014304147222,13.61417626309671,46.40650109462644,E4:2025-12,E4
overall,H,7524,4,0.1521621135782436,61.71743600133677,78.74807143597552,40.93266030644032,123.11875831848705,158.89317908749769,242.27583315635792,319.45448558629903,-1.231496548884727,0.2956251817758164,54.98456498967937,67.8711031186541,71.61916767474555,86.1443958404328,26.177660645777536,55.617230374450784,E4:2025-12,E4
overall,C,7524,4,0.1363492596708893,69.81799271608149,79.47903613382111,56.605445818686476,114.73912399999996,127.85858833333334,183.70676166666658,356.98053333333337,-1.0506702203863165,0.24943629883008323,63.88746272429948,76.67505416278507,70.96658059225139,89.06371072422851,49.651687628332155,63.5260118458411,E4:2025-12,E4
overall,S-geo,7524,4,0.4325460826690536,48.99425272185855,64.42416762164108,30.53952358766575,105.17857247999999,126.0169438716666,197.54319469166666,368.3959903333333,-0.33837156065182605,0.48467657528446784,37.43835873074251,61.80318003251015,47.714468525200864,79.63936178279792,21.575804557255882,39.742467217439575,E4:2025-12,E4
overall,A,121954,43,0.3847903138760338,149.29143454083143,240.66686181511602,123.64733246272418,442.83987609879983,569.6136189776332,757.2830103761,948.7446207686667,0.15541897110975816,0.5797265800012287,112.97224545922802,183.52024952571307,198.606429204343,277.5688522086569,86.02806678473603,160.29025969127665,E4:pooled,E4
overall,B,121954,43,0.40206455772844674,150.74122104346722,237.26400723994487,119.15878357893067,427.1013811,553.2387484166661,760.2286298833334,837.9174266666666,0.17995503527672901,0.5935691117168692,116.32065360778157,183.45077579163313,196.27643095664706,273.92476022540893,82.65595332520294,155.40973237169,E4:pooled,E4
overall,R,121954,43,0.3855014986075179,149.15315382279582,240.52771568740764,121.70541324177856,443.279234957981,569.8868163167724,761.3967867637288,931.3125866365388,0.15419091968023746,0.581417102624245,113.11089212064155,183.1619141838401,198.60140340957233,277.52119202793983,84.0167435781475,158.50884168951657,E4:pooled,E4
overall,P-cs,121954,43,0.8940198057439944,59.0745797384805,99.88886267707427,-2.4949258087354518,143.42385074900298,223.98357762225902,408.0090173767314,1009.0942801592242,0.8499700341687301,0.9303633608166273,48.754366876631,70.11139843126601,82.09988049969152,117.31113042724363,-10.182404520283585,5.305746627053744,E4:pooled,E4
overall,P-sim,121954,43,0.902898249000563,55.26846137011448,95.61328585323537,-1.8458579640467738,133.10777773776158,212.00362332671853,402.0236140000619,982.4565094576387,0.859966022209869,0.9383271760674755,44.62455907322913,66.5523642919148,76.53733547966651,113.32711145306428,-9.11896809456506,5.682646966003526,E4:pooled,E4
overall,D,121954,43,0.8815863749913273,70.54135781891048,105.58580877882434,-0.04794542345251197,160.4643407698478,231.07645093280817,392.52973983519604,1008.0825886301351,0.8392663764439556,0.9153511145094406,61.030071607424574,80.86180844310749,89.76448660201913,121.25255846649958,-10.71386887533229,9.611021114526656,E4:pooled,E4
overall,H,121954,43,0.8892857312805396,68.43916579707053,102.09547890248302,-0.6468285630554454,155.64732214788893,219.2613921421677,377.50939968661254,972.8058630133895,0.8484586082747329,0.9225760010461426,58.73663934505766,78.86548623898572,85.54641434946653,117.49747718083269,-10.968195209546028,9.20455417457464,E4:pooled,E4
overall,C,121954,43,0.8812741691484751,72.64389855287922,105.72490935406744,2.4988273802861176,155.80339466666666,233.98713749999993,386.08189483333337,839.97614,0.8400011203161956,0.9151847861600597,62.825091571364716,83.61581429755992,90.35971707277437,120.80708697608965,-6.097900740110582,11.483950595271086,E4:pooled,E4
overall,S-geo,121954,43,0.9030129594139044,54.08356494988079,95.55679315080548,18.543375438365395,134.4306581266666,215.43804437999978,400.8902367013333,990.910975,0.8599020103827162,0.9388678991539319,42.92373380681629,65.78061329596856,76.44373692160774,113.33069057783281,13.636500007433398,23.74590797048144,E4:pooled,E4
sensor:P0,A,13714,43,0.43370364299404884,145.16899734831688,232.58282649119656,113.70333366119668,421.5537866210001,545.6454799396333,752.1742556561366,827.7936197916666,0.21765150586097584,0.6181943053395627,110.21560746221755,178.09352464044645,191.01156773868578,269.2141079016578,76.74534279316411,150.3175460284977,E4:pooled,E4
sensor:P0,B,13714,43,0.42595280501490573,145.54796277837906,234.16908539679062,114.23110737776021,426.0329821666667,550.6985658666665,758.2027261433333,832.4994256666666,0.20587536294548842,0.6138624561489033,110.57337473692469,178.62071180083132,192.38831588001196,271.0126551746772,77.12056702334425,151.0147799390497,E4:pooled,E4
sensor:P0,S,13714,43,0.9042719881566587,53.41747889611762,95.62584365868321,16.46028810621288,136.78125000000003,216.25479166666668,397.62333333333254,796.1750000000001,0.8609433102910017,0.9399793535197183,41.24595154953422,65.88888575762486,75.87287588045233,113.3582986215216,11.23914155972127,22.167702442091294,E4:pooled,E4
sensor:P0,R,13714,43,0.4278875448696058,145.40470472196435,233.77413647064387,113.42507574254049,425.3136725683183,549.9106609157737,757.4204654099447,831.6904346396636,0.20824858244782982,0.6151686538363369,110.50655691735699,178.40303322508947,192.02752614110537,270.5906427861654,76.31840181651883,150.21477810073006,E4:pooled,E4
sensor:P0,P-cs,13714,43,0.9048012511319302,55.49575209026408,95.36112820763488,-6.283100712186784,131.20733538224357,209.5295614050428,405.02635641997585,846.6262513418066,0.8608273185876667,0.9403218255855702,44.40667797856406,67.09709820299233,75.7383231856461,113.29296629784231,-13.724191011527532,1.3643802599421098,E4:pooled,E4
sensor:P0,P-sim,13714,43,0.9046704971046639,54.9892904782959,95.42659426259598,-8.32084559907204,131.29331633096604,209.88915751198707,406.0974797579359,856.6413320133527,0.860548041921096,0.9404023477885802,43.82596843390267,66.47320573284522,75.85218559283406,113.46972887786055,-15.720783967743392,-0.6831125577242234,E4:pooled,E4
sensor:P0,D,13714,43,0.892411640008984,68.3094998640078,101.37675925069803,-4.063710196353471,149.10738483885348,217.24656823268435,379.16336785008593,842.2534238725889,0.8519667126499977,0.9254730801007733,58.40210935103521,78.75341058505114,84.53890318538012,117.145001780246,-14.362187441674147,5.753360462245641,E4:pooled,E4
sensor:P0,H,13714,43,0.8911098750937845,69.78439458985162,101.98821906192661,-7.710775030522477,148.71490821144488,216.16770588659367,375.46793576061043,850.4746071838149,0.8511745482188522,0.9241799541077883,60.25351453229018,80.08047100068578,85.56289135912077,117.42750743087721,-18.184223759906114,2.2788906879127615,E4:pooled,E4
sensor:P0,C,13714,43,0.8870190254983925,72.76530504828207,103.88633337768589,-2.060274228878996,149.5294996666668,224.74361883333302,381.4941063333332,704.6014,0.8469199331200645,0.9197504943146049,62.92154935396208,83.58909009434124,87.58262864515878,119.08060903752747,-11.866587014571431,8.18131198067559,E4:pooled,E4
sensor:P0,S-geo,13714,43,0.904750698265823,52.90052184452801,95.38644439395803,14.91027735667956,135.72832530000002,216.0951068616663,398.4174875729986,798.052232,0.8615928293238315,0.9404736676391794,40.62406469086974,65.34818899920255,75.62309288023236,113.19377458392043,9.809223750598372,20.55114703512087,E4:pooled,E4
sensor:P1,A,12324,39,0.35687448327677285,151.47760577308014,238.6230324174569,125.69014090143514,427.29679036473374,560.3370121253162,753.5915395914668,829.7574910483332,0.08152092698553585,0.5740897461546235,114.57372033401744,187.7582004251498,193.95916526612592,277.18065453672176,87.07771488157934,163.61830383804906,E4:pooled,E4
sensor:P1,B,12324,39,0.3432605010418137,153.19900172503947,241.1354481194322,128.2110948179135,433.20924966666666,566.7405500166665,761.3909235933335,834.9535923333333,0.06151023143335189,0.5641634998978913,116.19948741902783,189.95186196345924,196.00262986308113,280.0567108882403,89.4771426721652,166.4749776250187,E4:pooled,E4
sensor:P1,S,12324,39,0.9031195202700174,54.650936338855296,92.6152770515698,19.97616675705662,135.31833333333336,203.95999999999995,375.9856666666667,795.4416666666667,0.8517502527685975,0.940731648982957,43.08262378356816,67.04361036460043,73.34638102479757,111.29951725319503,15.196840451317666,25.039129701704113,E4:pooled,E4
sensor:P1,R,12324,39,0.3496140667510925,151.88007546825264,239.9661919551635,125.64329795108193,431.38778420996715,564.712913138905,759.2647951701421,832.8789115520203,0.06973122719683665,0.5695149273768936,114.86739355099402,188.38587060938332,194.86544662026787,278.8397268928465,86.90365783537999,163.67540523905365,E4:pooled,E4
sensor:P1,P-cs,12324,39,0.9045512201484006,54.31612256877955,91.92839556894984,-2.967485428971864,128.2680407824266,200.23567963356425,378.83115866059114,840.5349810915375,0.853242502062773,0.9431957264823531,42.83437212461239,66.55745894062211,71.64598148941732,111.25217528768967,-10.123265777075412,4.306584905329236,E4:pooled,E4
sensor:P1,P-sim,12324,39,0.904827833285667,53.382361872056656,91.79509343622945,-6.411268271136078,127.91752074250263,200.2557415425048,382.6272095364128,850.7458089568004,0.8535747733094927,0.9440298983551204,41.911608858640804,65.85569423664866,71.0039946774086,111.3775089494603,-13.77615907627895,0.9540987264164059,E4:pooled,E4
sensor:P1,D,12324,39,0.8910220044191371,65.8768691866974,98.22768248936123,1.3680579807907194,145.3485103467577,209.7813494951737,355.22875909744766,824.6982407946394,0.8423179874023142,0.9273309523812465,55.714256942307564,76.95827114346092,81.14025758991876,115.56464307819721,-9.473414518239268,11.560891659137619,E4:pooled,E4
sensor:P1,H,12324,39,0.8911229356726527,66.19446133204376,98.18218459007157,-3.4454115574580175,145.1957245873075,206.76133821197502,359.55037367180836,832.6776032864198,0.8419998452781214,0.9276073894269496,56.198103267527664,77.2053206218594,81.29875279413818,115.50350576209682,-14.529943667617017,7.203397407315017,E4:pooled,E4
sensor:P1,C,12324,39,0.8892845152194067,67.33489246858454,99.00763186877033,5.392268217341428,145.23809866666673,218.63649999999998,363.0394346333335,675.3638999999998,0.8409751116175244,0.9256761331667992,57.135756728245696,79.00577860819361,82.43982139127752,115.4064253568131,-3.669524984501703,14.821278835430094,E4:pooled,E4
sensor:P1,S-geo,12324,39,0.9054580508682297,52.876790707390946,91.49066109787363,16.474369514286412,131.85328020666668,202.27601637999996,376.06295944000004,799.5830292666667,0.8543872868306038,0.9430598499461806,41.01182434232984,65.56547833527983,71.61418234705286,110.34372104783732,11.672430731154003,21.526904733548868,E4:pooled,E4
sensor:P3,A,13711,43,0.4266977880346583,143.44973929984567,231.6907148745356,116.42282415321009,418.6265218103333,545.2660746256668,753.4019482422999,827.758093262,0.20764399373323755,0.614204086376204,108.65881999701685,176.5884710244715,190.41585973838977,268.4900101496517,80.19268649678546,152.50936596788193,E4:pooled,E4
sensor:P3,B,13711,43,0.4156822073095956,144.89052021062574,233.90600761682393,119.06630828717066,424.9541459999999,551.1281505,760.1260043999999,832.795259,0.19124083913939888,0.6068880347047262,109.8484595195358,178.3664048811709,192.1587081145952,271.0660380729483,82.61064189953497,154.9519845388662,E4:pooled,E4
sensor:P3,S,13711,43,0.9029332395345975,54.156225196987045,95.33493804133666,21.234595956633115,134.94166666666666,212.92916666666667,396.6774999999995,767.8083333333333,0.859832560973651,0.9385439674583717,42.736518493990545,65.89414454490458,76.19985140328166,112.88910868054423,16.46629852489157,26.327296363801075,E4:pooled,E4
sensor:P3,R,13711,43,0.41901829167159466,143.8258514474323,233.2373242628251,116.9114602186492,423.903664119164,550.076131773745,759.0528250179595,831.741563345457,0.19551670575482305,0.609744256191994,108.8915035855041,177.23094417276488,191.49965202404167,270.43541997449563,80.4300876897056,153.06528774867297,E4:pooled,E4
sensor:P3,P-cs,13711,43,0.9049590884480945,54.4942316010247,94.3348400420267,-1.5021635314186659,127.56070643000358,207.78182532300363,398.0756898598654,812.901647758204,0.8617969589218097,0.9403891938102389,43.75903621086319,65.64055110355288,75.15613779685627,111.81592742624206,-8.897450991487199,6.1977729862234545,E4:pooled,E4
sensor:P3,P-sim,13711,43,0.9052384417507581,53.80977564980264,94.19609904180538,-5.162816070603684,127.21630081765755,208.17694013244005,395.5273829698916,823.1017807223332,0.8616228855855051,0.9409779234973827,42.91540008452035,65.19906384084915,74.6530871500905,111.88609712993456,-12.679537142355423,2.4071111138047145,E4:pooled,E4
sensor:P3,D,13711,43,0.8928641459118625,66.64613522041847,100.15767601584261,0.7180065398115513,146.9497701621144,216.20399530828325,379.3346185571572,807.2867572059222,0.8524264298486155,0.9264330404414393,56.672894955761194,77.08699373202548,83.34498190508434,115.67057645518504,-9.502067433536775,9.82176286151751,E4:pooled,E4
sensor:P3,H,13711,43,0.8922775936278643,67.44726034205942,100.43147569205684,-4.54320453124883,147.49510124231668,215.1157518900944,372.8738807535858,815.786586101493,0.8516716555303909,0.9253100907149772,57.69432899878468,77.81945012549845,83.68742453259718,115.99091821230832,-14.796673800261049,5.005378891271234,E4:pooled,E4
sensor:P3,C,13711,43,0.8892901290951571,70.40685070371765,101.81458444474612,2.7273573501529143,147.37566333333325,222.2602016666667,376.6813873333327,669.6347333333333,0.8496178686538556,0.9222833918042016,60.35122479843719,81.21686016426439,85.57811420089098,117.21838198578236,-5.705865333662939,11.581513936308221,E4:pooled,E4
sensor:P3,S-geo,13711,43,0.9045641296307586,52.683879548976925,94.53064913137325,18.59953634111273,133.50717226666666,213.26089296666666,397.6623239166663,769.8442324333332,0.8615635851319978,0.9403567457798472,41.01534890285209,64.67230898525281,75.16366904969894,112.32734974329654,13.669053553271018,23.702168839030556,E4:pooled,E4
sensor:P4,A,13695,43,0.3880258754242971,143.7613484931972,232.59636068312008,125.81760439082191,421.4297009274001,544.6880464680328,753.1809119466328,828.7943318683334,0.15800266211854455,0.5861707258682041,108.33676485539938,177.71743974773187,191.03107354686225,269.2369911715447,91.03676612344722,160.7224956782447,E4:pooled,E4
sensor:P4,B,13695,43,0.3786511428062088,144.9373398729186,234.37114262802612,126.43399560412065,426.7908724,549.7591405666664,758.9333683333333,833.1660923333334,0.14430389299274674,0.580752675173875,109.43588489146603,178.7887186884325,192.3920357154785,271.2965440967331,91.5177153321015,161.5254514158874,E4:pooled,E4
sensor:P4,S,13695,43,0.8960356935619973,57.67304909565198,95.86907028821003,28.608929018505453,134.87916666666672,209.14249999999998,392.7385833333326,761.95,0.8509914085995488,0.9331298069713041,47.56215914206957,68.43474940235896,77.22114043638572,113.16375283112927,23.202371149107616,34.40743223949613,E4:pooled,E4
sensor:P4,R,13695,43,0.38057449048708136,144.65207676758075,234.00812065757688,125.7621500060739,426.08566474629,549.1233723261105,758.3137808421666,832.5427726706164,0.14671173043613386,0.5822681252214253,109.20514850309347,178.4502390693828,192.09957649713783,270.90870474486695,90.85059840654155,160.85475490453717,E4:pooled,E4
sensor:P4,P-cs,13695,43,0.902233811937044,53.44683961102148,92.96740881899818,5.866389466055368,126.25423591193986,205.0541373781276,401.09368808953934,803.1183144248707,0.8575327316945301,0.9391670807097439,42.542422670162914,64.84994825544585,73.55912030263896,110.88393071136662,-1.3774925652996974,13.662024355247864,E4:pooled,E4
sensor:P4,P-sim,13695,43,0.9031807275793509,52.26767425008155,92.5160948554175,3.7666370020394258,125.40583154229184,203.97779372981617,399.13723909246363,813.0896353804758,0.8583141134904742,0.94054854501401,41.18827014943263,63.72870359739996,72.851983351143,110.630816160094,-3.5355256399001953,11.723938491176112,E4:pooled,E4
sensor:P4,D,13695,43,0.8931105495321228,62.68162591688978,97.20840282490114,8.112224902912502,143.4578090457449,212.61262432741572,375.924099474334,795.6200905392557,0.8512131722862571,0.9278800319722793,52.48069019311833,73.11576246698604,79.77771384258303,113.53429727756026,-0.5098853714849594,16.514248219062438,E4:pooled,E4
sensor:P4,H,13695,43,0.8939399912723887,62.43370152364627,96.83050897224813,4.418159368287552,143.24339903446722,209.21020234114192,373.0410128127804,803.8545391241207,0.8518086877070771,0.9286477480712871,52.30800952678875,72.91713410486884,79.32326614218755,113.21204836983392,-4.4945140297116035,13.140659431692349,E4:pooled,E4
sensor:P4,C,13695,43,0.891497282593716,64.60706261986641,97.93923172522544,10.087795596566789,140.97146800000004,218.1566509999999,373.8808130666667,657.9680666666668,0.849716114941432,0.9265064034752566,54.22066683416609,75.90701325229885,81.03341160464255,113.72480642333554,1.8904117068740236,18.489445074440432,E4:pooled,E4
sensor:P4,S-geo,13695,43,0.8971074381334567,56.644239586378525,95.37364386626128,27.24834949118161,133.17187217333336,208.97050803333335,394.0396253973332,762.69518,0.8521154776772406,0.9341031886531129,46.4592898002192,67.27425140036522,76.55806946505216,112.73156375505766,22.05939548372859,32.86461920985957,E4:pooled,E4
sensor:P5,A,13713,43,0.41627623540848413,144.04129743452557,231.35693852431112,116.3265923670694,418.08463094053354,542.8679459634667,752.1936219075333,829.3214314783334,0.19596017490203516,0.6051408683148148,109.69665791191514,176.89585519203357,190.5097782574618,267.77040190641,81.06464884490966,151.49961635050246,E4:pooled,E4
sensor:P5,B,13713,43,0.40045721869843875,147.25380133791714,234.47088926798037,121.42651541931457,424.5054401333335,549.8448404666664,760.0251321466666,835.6660923333334,0.17400148921810765,0.5939976458805134,112.34690785691775,180.48805485056565,193.04806455438447,271.3725875844094,85.8053928057107,156.93615163323358,E4:pooled,E4
sensor:P5,S,13713,43,0.8978569401425412,57.9532633762506,96.7794775424445,23.609773252100975,136.83749999999998,215.58833333333325,402.969833333333,785.1750000000001,0.8539146055130605,0.9342514044823246,47.33373964778074,69.22881260444201,78.17466968798855,114.17034808786566,18.60831548466934,29.210049878468112,E4:pooled,E4
sensor:P5,R,13713,43,0.4085022844101993,144.93914336139886,232.8924326435829,116.69780349903559,422.1516234779934,547.3662580497584,757.331883863793,833.0343974591624,0.18433093855734298,0.6004901844982449,110.4929731834194,177.92344074986204,191.68806095935182,269.6579395022903,81.16986002410052,152.05000813624622,E4:pooled,E4
sensor:P5,P-cs,13713,43,0.9014319699092964,56.21472260448351,95.0707412397567,0.866548984578459,129.58345778864143,209.6179152231492,397.5477306564921,835.6262513418066,0.8571227614441292,0.9374836553123577,45.40871354280075,67.60156021847354,76.04055145763267,112.87645417176827,-6.38209967480752,8.61394684019512,E4:pooled,E4
sensor:P5,P-sim,13713,43,0.9022277161368953,55.248312154878825,94.68620738355423,-4.255542562358362,128.50487720483216,209.05687188251287,397.06995551806983,846.0655069388125,0.8576924089513959,0.9385673929365709,44.40787114002373,66.55232053521146,75.27270114617208,112.66096215977316,-11.71403183897811,3.6407488044210545,E4:pooled,E4
sensor:P5,D,13713,43,0.8901456928946436,67.7854295317817,100.36617793390332,3.0870476610241564,146.8694667794555,216.02453735094835,378.22281084591845,831.2534238725889,0.8493711004389412,0.9239722338390194,57.97332715706144,77.97150905742126,83.6271379190666,116.28853150018621,-6.176057065719009,11.925072180368353,E4:pooled,E4
sensor:P5,H,13713,43,0.8901732164946135,68.15365378687508,100.3536039545293,-3.6877286982140114,146.39583406567988,214.25762973599922,372.5651357767275,839.9089747315656,0.8495227782956842,0.9235783149113731,58.60228642715165,78.44329924200333,83.73108213271578,116.2537656440642,-13.267006377646387,5.5871559245883216,E4:pooled,E4
sensor:P5,C,13713,43,0.8884391173966115,69.1889854715458,101.14276270364128,5.0891187160074844,147.15291133333346,220.83078533333332,378.4485486666667,693.6014,0.8479493506164648,0.92232485814924,58.708415238446015,80.34951607517156,84.54710952444721,116.74566107877247,-3.4440340590666367,14.122748089767043,E4:pooled,E4
sensor:P5,S-geo,13713,43,0.9011167385735075,55.727088353933674,95.22264319879451,18.859028815245434,133.39427816666674,214.21159291333333,400.77706184666584,791.0587905,0.8575842310778516,0.9371343032977422,44.87939045650428,67.08172552919766,76.02138504973477,112.98020422738897,14.018096605675295,24.308855353147152,E4:pooled,E4
sensor:P6,A,13706,43,0.4069052340648077,143.52766217955966,231.5075047575378,118.89271933419295,419.43522135416663,541.9428853355834,752.6114652505169,829.023461914,0.18293294430623352,0.5988627806783313,108.50450597748826,176.640764704296,190.16710176645975,267.97509088289326,83.50183457546258,154.3633529109831,E4:pooled,E4
sensor:P6,B,13706,43,0.3983187848335962,144.50690444433633,233.1772922328413,119.4081771940979,423.64432083333327,546.978997,758.324233766667,833.307759,0.16972771198615388,0.5940509168501776,109.2758441785001,177.78317796044925,191.54802129336542,269.98286729409546,83.81748158169287,155.06024833328004,E4:pooled,E4
sensor:P6,S,13706,43,0.8998269591279107,55.02282525653538,95.14335399674549,21.638692580060244,133.17916666666667,211.83020833333333,399.9904166666668,765.725,0.8554480400125002,0.9363925672216885,44.05969817436833,66.44068288569001,75.78479066961678,112.88354409353694,16.632104662786304,27.099190121104712,E4:pooled,E4
sensor:P6,R,13706,43,0.40083442347658094,144.23598107101597,232.68932267966565,118.46192977558259,422.7549582698193,545.9909280015103,757.340895442097,832.313096608711,0.17291170725151206,0.5959710357053655,109.0945069953307,177.34547843285654,191.162688989535,269.4842142803259,82.86548612779569,154.11602022416355,E4:pooled,E4
sensor:P6,P-cs,13706,43,0.9021240431471269,54.50413678709053,94.04615376686239,-1.0961001848829084,128.04337132091374,208.18051163269786,397.73530355848607,816.1762513418065,0.8566240180720098,0.9392811427545043,43.458962942532125,65.87832887254456,74.78083742297432,112.05042352797197,-8.388246690854956,6.616391134174959,E4:pooled,E4
sensor:P6,P-sim,13706,43,0.9026538690458424,53.483522798976885,93.79126121964963,-3.1222171692546126,127.29572803673653,206.93630798886682,398.3316511118617,826.18179465519,0.8568735646151221,0.9399974379536645,42.28210020324792,64.99068128399907,74.17939274195044,112.0259128392811,-10.578943320611069,4.70195037168876,E4:pooled,E4
sensor:P6,D,13706,43,0.8911829967137708,65.7998832094673,99.16340006251355,1.1107637855518044,146.81081884195785,214.17447568019662,377.5191150094863,811.8034238725888,0.8486635105824368,0.9254631219078792,55.787294971087206,76.18756530897586,82.0491089986851,115.42015254707837,-8.319878890496106,10.071684734222416,E4:pooled,E4
sensor:P6,H,13706,43,0.891100478898551,66.26101392587702,99.20099159777044,-2.5107905845103105,146.1566325280916,212.6796083259839,373.41432673476544,820.0148406497073,0.8490438526625017,0.9251945025899209,56.357477126828584,76.64743746394863,82.25897241316358,115.39922024022026,-12.043320534754418,6.641504323422011,E4:pooled,E4
sensor:P6,C,13706,43,0.8907099739848934,66.79550237882609,99.37869581598765,3.123958967521939,143.55953,220.75894,376.8362208333334,674.1514,0.84934924236212,0.9250210155125203,56.32300249636495,78.17004772844793,82.62510137865871,115.23324412424756,-5.316351375455227,12.069633201681091,E4:pooled,E4
sensor:P6,S-geo,13706,43,0.9006414911343364,54.363704452366875,94.75574727340373,19.893517802050614,132.35906878333333,211.917822625,399.30382675999994,767.8540094,0.8561499791836192,0.9370386614154909,43.30440171043761,65.90473820545917,75.35274726849637,112.5788091034393,15.003250676667788,25.174995556754332,E4:pooled,E4
sensor:P7,A,13693,43,0.42292737578327066,143.0240354687051,231.66656747436338,117.37454754865955,419.5472111000671,544.3930192054667,752.48446044892,828.498901367,0.20096322446177728,0.6115870312769481,108.29897698337803,176.3092961394839,190.55958522099468,268.34911098740304,81.87916144397894,152.7983349712296,E4:pooled,E4
sensor:P7,B,13693,43,0.4080496415419399,146.1413138944507,234.63390668351988,122.38749168567794,426.0132244000004,550.8648851999998,761.23725248,834.395259,0.17999936801183952,0.6014418406715893,111.4422772178521,179.43442386198933,192.95106238736236,271.5848573552913,86.62378567482125,157.94577223572085,E4:pooled,E4
sensor:P7,S,13693,43,0.8997975673752207,56.28798684620215,96.53554667675678,24.417578105673567,139.3666666666667,214.44666666666666,395.8501666666666,783.4875000000001,0.8572541635910417,0.9356430737004601,45.22614179431921,67.84154315824445,77.88853500770055,113.76167885539793,19.477661066641428,29.76404437929625,E4:pooled,E4
sensor:P7,R,13693,43,0.4157595138798441,143.74708046874682,233.10090104501793,117.56234028733158,423.44391102084353,548.645636310687,758.524493373427,831.6454975993211,0.18922378026747477,0.6076076133173172,109.1310942459266,177.01920489257625,191.46739435426278,270.02345722367284,81.74538930666442,153.10884132702404,E4:pooled,E4
sensor:P7,P-cs,13693,43,0.9042029850453316,55.10743389400059,94.3895935743341,1.7045480431299769,129.95972237211046,210.29743424349692,397.3006765127039,833.9387513418066,0.8613650016470252,0.9397198475898199,44.613359198489,66.26620566633977,75.22347715489433,111.92209335657098,-5.2299551575141745,9.293083952224073,E4:pooled,E4
sensor:P7,P-sim,13693,43,0.9052621775860353,53.79360833145046,93.86632756507804,-3.6435412925664132,129.17063902889552,209.24569616214072,397.80047424957,844.359553429342,0.8616691713983622,0.9407944859120199,43.03646918695485,65.19229508468256,74.4728832519173,111.64922859892395,-10.89381437834027,3.988002741413744,E4:pooled,E4
sensor:P7,D,13693,43,0.8929436009129343,66.44452090815997,99.78251442171344,3.97309222093634,148.14833033162924,216.4627970459887,378.23427660237456,829.5659238725889,0.8531276475877513,0.9258161093776333,56.652678662369816,76.66120726576457,83.12991597701846,115.3493254858967,-5.212161894643118,12.74181347276322,E4:pooled,E4
sensor:P7,H,13693,43,0.8932320628134184,66.86141492327573,99.64799248138362,-2.951289865008053,147.31575578438313,214.5456302717984,375.3011857141471,838.2025777973648,0.8534953371457245,0.9259854652815755,57.342696004398874,77.04503715022851,83.02783950122553,115.16516196842196,-12.500162230224232,6.2612027856162245,E4:pooled,E4
sensor:P7,C,13693,43,0.8881585942497103,70.22662652711819,101.98808479137512,5.935640388924133,150.76535400000003,224.34179466666657,377.5327759999999,691.9139,0.8479260287575453,0.9212951190115269,60.04925353762213,80.981169128545,85.92359305014605,117.40756377751494,-2.420576315088887,14.700593289141644,E4:pooled,E4
sensor:P7,S-geo,13693,43,0.90386407697745,53.09874381636748,94.55641062983265,19.205905261775225,134.86160981333333,214.45171094666665,399.6079843533331,789.6420939000001,0.8613973545144906,0.9393689974350667,41.788024738788934,64.82921425158219,75.24995132921273,112.14488585473812,14.284800603172451,24.434544031594605,E4:pooled,E4
sensor:P8,A,13687,43,0.42612186173038946,143.48997003617032,231.7651314667989,116.52244544145765,420.05617350286667,542.868045247333,753.5506320801999,830.7294108076667,0.20613172897279974,0.6133814487849901,108.18576203753693,176.77487900811127,190.1771612540125,268.55700346490244,80.41981920475817,152.43963959656398,E4:pooled,E4
sensor:P8,B,13687,43,0.41895416599219815,143.9126334271778,233.20800482479015,116.76949073157857,423.8087565999997,548.3066280666661,758.7328588799999,837.9174266666666,0.19505772851466577,0.6097435039125262,108.80596330497815,177.40135029123905,191.39922966715113,270.26855802690983,80.4292913919528,152.92502700869503,E4:pooled,E4
sensor:P8,S,13687,43,0.903830228916573,53.44476784672433,94.87625828176074,18.789163989049168,135.42000000000004,215.20249999999996,395.54858333333317,761.3416666666666,0.8607670790417857,0.939239866261718,41.78589637245738,65.3611687204872,75.58327323873706,112.44351179711819,13.709822650736808,24.37235539630497,E4:pooled,E4
sensor:P8,R,13687,43,0.42038708276852377,143.76740526854786,232.92027026065432,116.18154863242566,423.2093192345298,547.8466455388086,758.2150103643686,837.3727967658716,0.19693783075933516,0.6108487494012885,108.740281799293,177.19591556244697,191.1777663911686,269.9764396143822,79.84593594541859,152.33868719236904,E4:pooled,E4
sensor:P8,P-cs,13687,43,0.9052531937508361,54.156516945878614,94.17172968938527,-3.94900404916122,129.6091128249564,209.77291670502936,398.59992757897163,811.7929180084731,0.8617021980249412,0.9409134364314472,43.28024415740081,65.59314368686968,74.93903240677612,111.94619429447116,-11.19932878119198,3.635749402264217,E4:pooled,E4
sensor:P8,P-sim,13687,43,0.9052384454617325,53.608427096346105,94.17905879052377,-5.773600003541779,129.72612158332188,211.32412839816678,400.4344471810861,821.7317546257848,0.8616373024161136,0.9409731840004637,42.61175043472835,65.11037022628427,74.8210807501196,112.1834532476822,-13.089733067461266,1.8615949320615754,E4:pooled,E4
sensor:P8,D,13687,43,0.8935653784407183,66.30392145015325,99.8113012857282,-1.6760904036701396,148.39790465898918,216.33390560498233,377.8118066204442,807.4200905392554,0.8530890728602382,0.926779851791911,56.33695524567499,76.61274262035491,83.0080590875083,115.6200989884941,-11.348748819550945,7.654429796789539,E4:pooled,E4
sensor:P8,H,13687,43,0.8926899157485944,67.37867024640649,100.22095239055207,-5.086512309165353,148.07310682188591,214.8860845469287,373.10806467766974,815.5631977057578,0.8522495017110593,0.9257220597377868,57.87422642141229,77.69209025793154,83.89410140392962,115.90867815349398,-14.916325014258389,4.53945255637727,E4:pooled,E4
sensor:P8,C,13687,43,0.8892183346392539,70.38916140772747,101.82916963473956,0.29408036272857313,148.16496000000004,223.97111099999984,377.31626999999963,669.7680666666665,0.8494382745172664,0.9220112484462494,60.60091762074324,81.1754397226046,85.51726563361733,117.1241106707299,-8.81069673901801,9.814581529094555,E4:pooled,E4
sensor:P8,S-geo,13687,43,0.904300052125226,52.82860326794642,94.6442225692635,17.54751846361628,135.18144569333336,214.58202016000004,397.1694645933332,762.3868282666665,0.8609392242154529,0.9395877951373729,41.1471251303993,64.87690587568348,75.28856759845931,112.33125838209055,12.602327111288016,23.022436344156056,E4:pooled,E4
sensor:Pinc,A,13711,43,0.21130708855348002,185.87813686419958,296.38596921509804,162.26576997287273,572.301867676,671.362133789,836.079318034266,948.7446207686667,-0.08154018537890455,0.46712552257042056,138.21275736286483,232.97259860037997,243.12892498389408,340.8807880014521,114.29106955322105,211.2301820303285,E4:pooled,E4
sensor:Pinc,B,13711,43,0.4126606256242257,186.50474693530646,255.7691910330994,105.41998431070272,436.9575433333333,559.8400756666666,765.7192851333333,828.4976166666665,0.2282038293276076,0.5695069565204502,157.91703551959296,215.13240287480437,219.54309026930633,289.54581943598816,61.19111598340614,148.54846897871136,E4:pooled,E4
sensor:Pinc,R,13711,43,0.26130720079783976,180.17978498332303,286.83728589626725,145.09245334706412,553.3913240331424,652.3656057014075,818.9106130380742,931.3125866365388,-0.012802849421679773,0.5001747263512885,134.6580913136271,225.2545510565339,235.11078988155285,329.96326376855444,97.32130188492616,193.82127545323004,E4:pooled,E4
sensor:Pinc,P-cs,13711,43,0.830371734167769,93.43324711112287,137.45254416910808,-15.128195103823185,221.1058092769473,303.72835921198634,477.33826650890626,1009.0942801592242,0.7702422232038115,0.8791596111247542,79.76094386933482,108.300553736015,116.9313712393971,157.96954111060563,-35.60659642640198,2.627671268369219,E4:pooled,E4
sensor:Pinc,P-sim,13711,43,0.8940971173325756,66.63345191438869,108.60693623810862,15.847254016477574,162.78955739656146,232.35674730392765,431.71479227408986,982.4565094576387,0.8513342964519944,0.9283810007275808,53.974606553606385,80.04734637949008,89.52183408864865,126.8066536019626,5.533393214393538,26.23780963518987,E4:pooled,E4
sensor:Pinc,D,13711,43,0.8119478933783553,104.52967073113707,144.72473838071795,-12.904863558718505,241.1603925907246,315.92965834514155,473.20659989956425,1008.0825886301351,0.7482000856262728,0.8621114460616964,90.72364388987953,119.65653729100757,124.288435251571,165.0816099404701,-35.862680091511166,7.576762055951285,E4:pooled,E4
sensor:Pinc,H,13711,43,0.8712534398729159,81.19886531863654,119.74888790877381,19.409415833279656,191.9968973788595,253.59427683410044,408.6255717147404,972.8058630133895,0.8273848219184915,0.9062642022347436,67.37436353521741,95.34230546430969,102.21364138614895,136.4230894609816,4.818713876778101,35.01915599482729,E4:pooled,E4
sensor:Pinc,C,13711,43,0.8291773272254559,101.52548907637811,137.9356189806682,-7.797443224772458,223.60639999999995,304.21980666666667,450.1974473333333,839.97614,0.7738359530327171,0.8733090379092477,88.44151496721157,115.91836440206727,118.73341561950606,156.9284866438392,-26.454719381835773,8.936455898075716,E4:pooled,E4
sensor:Pinc,S-geo,13711,43,0.9043221912038167,55.50605595397897,103.2307973942933,13.953102070800442,142.5898858333333,239.45842451666664,434.12373666999997,990.910975,0.8603537712071279,0.9395059676421442,43.07593381396049,68.39427918681967,82.92241845049163,122.85623914475411,7.862590217900155,20.19938720530631,E4:pooled,E4
sky:sunny,A,36800,12,0.9796551454952764,25.58892109301,38.5474203499076,-3.6837475722440383,46.93168497716669,59.13783630394999,168.5119727984138,493.6410847983333,0.9678693823180985,0.9899807432499341,19.774270896179356,31.37226994238444,26.706288469086207,48.89307061362258,-14.737016020682677,8.255892089114079,E4:pooled,E4
sky:sunny,B,36800,12,0.9579063238905855,34.7721205182337,55.44679569705563,-3.7186438438496365,70.72512143333334,127.87122593333324,233.82580178666674,496.9612053333333,0.9413877420352441,0.971516396498173,28.938631891844683,40.82058895467214,46.12124202282189,64.53008878245315,-16.580970639051298,9.362598213883947,E4:pooled,E4
sky:sunny,R,36800,12,0.9792850817028632,26.189108541670688,38.896420618987925,-5.507855308866441,46.96934135768735,61.62849155111634,164.75698741504308,496.35101230206726,0.967719641209391,0.9894197046983658,20.371781117352793,32.00177085807922,27.606264373860775,48.93238162955135,-16.466773186049302,6.333766438425804,E4:pooled,E4
sky:sunny,P-cs,36800,12,0.9630780684790123,33.25234924073644,51.92903256526837,-6.197355506615472,66.82529710000003,109.34028723333313,213.34991853613104,496.9612053333333,0.9483581527240781,0.9736634571374239,28.40064697412241,38.18262587561928,44.49691585068774,59.46599335480447,-17.852218539748524,6.038384494898218,E4:pooled,E4
sky:sunny,P-sim,36800,12,0.9843060544649884,24.14710169045152,33.85587917359861,-6.18988080583432,45.58428548213335,56.72055171177722,115.07210064842569,493.6410847983333,0.9773510214692198,0.9906019410169351,19.167746737258533,28.88412951583062,26.027162059466008,40.74916610039574,-16.677076590870886,4.788019621185578,E4:pooled,E4
sky:sunny,D,36800,12,0.9483645659451877,45.129467695661695,61.410402179905475,-23.54581770229969,83.46557098570676,111.43139137255957,245.65578857878313,462.69936330919006,0.9224980725870077,0.9664553539312623,37.54523179963988,53.7226606508246,50.654914099416864,72.61249024500215,-38.032667670848134,-9.524567113053234,E4:pooled,E4
sky:sunny,H,36800,12,0.9666687619893858,40.10019954171248,49.33938683067006,-28.60256161265909,78.08168790095654,88.70036030505031,119.13198142314275,456.3787459115575,0.9534872523854665,0.9766703527019859,32.909420193942694,47.62660205579094,41.63247418757367,56.228754601662274,-40.81135580924417,-15.825208728327812,E4:pooled,E4
sky:sunny,C,36800,12,0.9441097171110948,47.39156420262228,63.890484195336334,-21.36048093405344,93.752026,115.02084366666652,230.19140573333334,512.3193733333334,0.9217754802159303,0.9601162799517348,41.14844436581277,53.99756052621556,55.00787504675839,72.8661700916272,-29.356455911570187,-12.592277432498578,E4:pooled,E4
sky:sunny,S-geo,36800,12,0.9863912086253213,18.671183768968298,31.52664842756701,13.503149880669387,38.21328319999985,52.38922875166664,139.18934664800005,542.6508343333333,0.9776422415234307,0.9933121509141044,14.389848942454307,23.973444834052533,21.764621777545983,40.68541616305101,8.374976097186153,20.260961208278484,E4:pooled,E4
sky:mixed,A,49294,16,0.37258808652039144,141.78096685317752,234.93036720533905,108.18192362852814,453.5210095214003,574.8042061359332,754.5099870605699,872.6638102216666,0.18870613863561736,0.5525773552293566,110.23569452609196,175.4453050403656,188.97019847815739,274.4827359588662,74.94235062849673,144.63551596123204,E4:pooled,E4
sky:mixed,B,49294,16,0.35279800041707443,147.00159498358443,238.60673729031808,107.05385350881225,458.6285101000008,578.2623246833333,760.9653366766667,835.6660923333334,0.17507634020399282,0.5288651220642232,115.72214737982117,179.19287913128065,194.39716838079764,277.67370407546105,71.6818067766297,145.04519013969232,E4:pooled,E4
sky:mixed,R,49294,16,0.3714724291977042,142.02236883853044,235.13914979750848,106.29705881780708,455.557738866632,577.2921515666394,757.1947882376993,853.1616550676085,0.18778086637800537,0.5516520331244911,110.62590504526858,175.60008759523427,189.15586819979941,274.7047511363118,73.24530237602096,142.89762843184485,E4:pooled,E4
sky:mixed,P-cs,49294,16,0.8189109286688938,79.4188085215988,126.21439730852673,1.0670230669804297,204.08847005236035,300.22371663754024,472.90710587969517,759.5858818063903,0.730870320424951,0.8848109828822384,62.44673383240423,98.65514199962907,100.59518463634694,150.2481121759778,-14.10193745277586,16.116106589066234,E4:pooled,E4
sky:mixed,P-sim,49294,16,0.8323116528967898,74.96868079255366,121.45467018658111,0.6525124009518514,194.86535971682977,284.99253952291673,466.40347994509835,705.8380479978616,0.7496414937254308,0.8972945105674418,57.79180098419269,94.71258175147305,95.94475220141248,145.3293871794335,-13.115150945649049,14.830486904463779,E4:pooled,E4
sky:mixed,D,49294,16,0.8040543525548,89.72839796790102,131.28967930115735,2.4601116891485937,215.7981980111376,299.2577550969438,438.40719532612115,731.2863876048443,0.7240322655132418,0.8614199600306187,73.73277577757584,107.63295562833322,109.62287294003158,151.26770239801172,-15.239787461274794,18.64007916855562,E4:pooled,E4
sky:mixed,H,49294,16,0.8195028549421721,85.65976739958592,126.0079498179575,0.8976737174885192,207.18599881899405,286.7049627612604,429.25105370104563,682.1195579529259,0.7464817114542162,0.8747497018010367,69.50284400484074,103.95381533437994,103.87275058210402,146.5875358439571,-14.20936179534366,15.557248772020854,E4:pooled,E4
sky:mixed,C,49294,16,0.8120573032659691,88.56259162534612,128.58061661005073,-3.6754577007670033,212.65375633333335,298.66825599999993,427.9204090666665,752.8599399999999,0.731049822854761,0.8721905337803505,72.14168105692549,106.62296938009705,105.93368684549631,149.51861356575918,-13.217796903456497,6.351790169333847,E4:pooled,E4
sky:mixed,S-geo,49294,16,0.8311979727283039,73.16777760907154,121.85731539696474,19.69293881340714,199.97769653999998,296.952771775,454.3034018833334,707.4787692,0.7467528484682214,0.8954718665988712,55.9936665617705,92.50608687602386,96.65734073471262,145.46450854646946,10.132663406173394,30.744252180133095,E4:pooled,E4
sky:cloudy,A,15754,6,-2.0590540168150935,252.55795669059455,319.6027280212523,233.4960721282909,539.5405281578334,673.7672857669,790.2264267576395,898.7275960283333,-4.327186286545713,-0.7850912895781712,193.75400200578642,302.8878043299635,244.50889284461508,374.47107142212366,169.85208759324757,287.59501956259476,E4:pooled,E4
sky:cloudy,B,15754,6,-1.910251423520509,246.36905911225492,311.73255558347205,223.3172836722397,522.9596296666667,665.4951140666664,793.1092219533331,837.9174266666666,-4.069611386821484,-0.626494068290586,182.8928486457823,298.40874977774416,229.43034771458343,369.27427830881976,154.646651026273,281.6881943232947,E4:pooled,E4
sky:cloudy,R,15754,6,-2.062405008484775,252.17311789414407,319.777731949791,231.75956498065898,540.4701982754017,674.3675262369527,795.4249707778052,882.8822272881085,-4.3386993088923225,-0.7731366446341339,192.93914241382177,302.729677414679,243.3703773989362,375.5017003318918,167.30274137742774,286.51088817009446,E4:pooled,E4
sky:cloudy,P-cs,15754,6,0.679214681501363,69.28965503522787,103.49613854497365,-17.241405121587245,164.52425795153388,229.34282136497907,368.61154662967914,671.3240825306019,0.5943717755386952,0.7064785056192561,56.115832473282964,85.01203336194743,84.39624919700225,122.56800059389063,-21.951799473167874,-11.899022873678081,E4:pooled,E4
sky:cloudy,P-sim,15754,6,0.6783763493058558,70.51480997776689,103.63128739250696,-14.14691269581552,166.0351444892573,227.72835487454608,365.2617182005053,579.338257120979,0.5940259269982927,0.7056210888240423,58.59525593401466,84.3239377471345,85.1100664979033,122.01924735647326,-20.83912893581168,-6.942166271849063,E4:pooled,E4
sky:cloudy,D,15754,6,0.6779331486028368,74.0871786950342,103.70266530175527,2.056430499152276,163.45024099606852,225.3629361421235,340.9876088931586,643.4413382377002,0.5821612580147191,0.7101918379519659,62.877922753498915,87.92585013030111,88.25693229803538,119.83224968209292,-4.2527875799281265,7.9043530093136765,E4:pooled,E4
sky:cloudy,H,15754,6,0.6694647838869672,76.02010316772478,105.05718828932213,7.4796258527458,173.9427646093152,225.71601775877957,336.13191664193977,577.0665986309009,0.5437252951530176,0.710226384997843,66.26094061047603,87.69620955865462,91.36550660896023,119.52273668140941,0.15152953951511766,14.398808054900762,E4:pooled,E4
sky:cloudy,C,15754,6,0.6404570569211476,77.85620566009462,109.57015834479341,12.54493297933628,171.43190633333336,236.19879216666658,357.11272356666655,691.9756066666666,0.5238364827282096,0.6859119021046167,60.99486151893009,95.19802783976652,86.50392509617045,130.9959156341681,-0.7137136326152919,27.76354103242559,E4:pooled,E4
sky:cloudy,S-geo,15754,6,0.6853407446328956,73.00726939893977,102.50313778049784,15.740256644824415,168.17447460000002,222.8143374999999,329.5803182986664,652.2599236666666,0.5976787382917467,0.7133526158368266,60.31784059220549,87.14223761100644,85.3878285294038,119.45444235226641,9.999060674991524,22.60274139721475,E4:pooled,E4
sky:rainy,A,20106,9,-7.6730837931071925,313.2033364172698,365.0329432444727,308.5462961386593,591.0516988118334,714.4364430748334,772.2048628742333,948.7446207686667,-67.35144186692129,-2.9961449817018306,259.6825769294523,375.8313296721441,295.81016386070667,432.27044688796855,257.3214240148337,371.0543920936423,E4:pooled,E4
sky:rainy,B,20106,9,-6.81736441262757,297.23893642140274,346.5576322075738,292.12589496681215,534.2656556666666,706.6929266666667,775.2457047166666,811.9370386666667,-61.086430017081646,-2.708889712553184,239.28426157170645,364.5271966508259,267.36195966680935,421.12761444510016,236.43377800067555,358.4117550024758,E4:pooled,E4
sky:rainy,R,20106,9,-7.622061160202767,310.97575739286253,363.9576385888296,306.08791593473904,584.2451202815216,720.372926350521,777.9384872588765,931.3125866365388,-66.93152739975343,-2.9821074771040115,256.14076823478507,375.06811988261603,292.55338393306454,432.72338974328295,253.83138248429154,369.79845064752493,E4:pooled,E4
sky:rainy,P-cs,20106,9,0.4704099860668408,48.45493249173773,90.20179555605252,7.1033403852918715,94.24017905535923,150.97863290282265,424.82568849517895,1009.0942801592242,0.06676830503780222,0.5290297854207167,27.697401019406367,77.93553522104384,36.50273552292519,139.42555719257032,-9.708594592495903,21.63948209839309,E4:pooled,E4
sky:rainy,P-sim,20106,9,0.4290242439540014,51.98448862749654,93.65999346324836,9.618191973773989,108.3389904502032,169.96082001678627,427.3214097965273,982.4565094576387,-0.2768224096358293,0.45979516205545456,32.15410811806728,80.8435121474028,45.01129997656383,141.45528051725407,-9.872381290971454,25.87229696396463,E4:pooled,E4
sky:rainy,D,20106,9,0.34702278098582984,67.23342672116667,100.15999725782817,35.162299989275084,121.49755712371727,160.41472747526393,413.0334480679139,1008.0825886301351,-1.218221727869377,0.41366711116089266,48.063790611402446,92.677846041607,58.48626893607199,143.71434351382507,13.510021884662445,53.808629022492845,E4:pooled,E4
sky:rainy,H,20106,9,0.27149769167083215,72.14808529699567,105.7939311328257,40.3664071845695,141.03017950006938,193.0920832143578,413.8210002806889,972.8058630133895,-1.8980723230467547,0.3830639254526999,53.18806673648561,96.55209751073636,67.77754711147075,146.4860430838267,17.33218103600677,60.08487415167723,E4:pooled,E4
sky:rainy,C,20106,9,0.3239154155167516,75.75118799922369,101.91680625832151,53.434438996007394,131.7032516666667,202.16403958333336,369.3743255000001,839.97614,-1.3691705078995795,0.41960184323809613,55.94441998176408,103.1181438597347,64.80412237203016,141.9846247748405,44.48832807960607,62.66943804914789,E4:pooled,E4
sky:rainy,S-geo,20106,9,0.41891871590550755,57.28233192217536,94.48518827545965,27.146481823889623,110.47064113333333,157.24800786666665,414.0170026250001,990.910975,-0.4758215377905577,0.4607464271957737,36.81424041862897,86.15860966508583,46.34298814945662,141.84156830207039,15.517865138919358,38.71078596514265,E4:pooled,E4
sky:cloudy+rainy,A,35860,15,-3.121818385774519,286.56063390154077,345.8103942665667,275.5752635380083,566.7807006836,700.7981113688166,783.3352531327132,948.7446207686667,-7.748638589178143,-1.7519387329103686,243.6135511253079,331.91610187821567,295.28856949884783,394.7519627332511,231.8198157742487,322.84132171423136,E4:pooled,E4
sky:cloudy+rainy,B,35860,15,-2.792512238653851,274.8908034841938,331.7088910796295,261.8969250188284,529.8150597,685.8398515666644,778.2302964366667,837.9174266666666,-6.869402911126998,-1.534576211657872,230.35479512042187,322.9245793507021,276.39869759093943,384.17794872724903,215.1204440357949,311.6506298859861,E4:pooled,E4
sky:cloudy+rainy,R,35860,15,-3.1083638078683853,285.14260673299606,345.2455299802298,273.43401629919583,565.1911930834833,702.2687843381275,785.0199222462314,931.3125866365388,-7.68992402433986,-1.7364803510835813,241.9498965504262,330.9942172081559,293.5528679625722,394.93310134712647,229.10990663651148,321.5794604202891,E4:pooled,E4
sky:cloudy+rainy,P-cs,35860,15,0.6805650821354294,57.6080339683173,96.26863430416154,-3.5917828917681835,130.0243932804832,201.88651073446297,394.34108553129676,1009.0942801592242,0.5161037621620209,0.7845176403235417,40.58575013982115,76.2566839016245,61.60659081582336,127.07359690072218,-14.63732488268845,7.539400262596396,E4:pooled,E4
sky:cloudy+rainy,P-sim,35860,15,0.667853533350862,60.125221548638734,98.16539882564817,-0.8222837363407096,139.06515866675244,206.44730087634673,388.438623846784,982.4565094576387,0.49970189329015957,0.7709977563687996,44.262497029946516,77.57527473314559,65.41786568177254,128.20096268932798,-13.185204320648817,11.449823177044285,E4:pooled,E4
sky:cloudy+rainy,D,35860,15,0.6432827276444173,70.24441413322215,101.73155578333576,20.618243437479357,135.77017986590553,197.4325046011032,381.64239145772825,1008.0825886301351,0.47054872344007187,0.7428777358619219,56.63748272964361,86.07563253833062,74.11568033671085,129.98745616115107,6.855554251061654,35.10329723601819,E4:pooled,E4
sky:cloudy+rainy,H,35860,15,0.6165770846812383,73.84913854672982,105.47089939986242,25.918600349612706,154.6323794323727,212.9156970253581,362.3565825644417,972.8058630133895,0.4204477148301844,0.7245684634312983,61.287045270054726,88.6089676908913,81.11748812102613,132.0082073640097,11.209563583887268,41.221655608894785,E4:pooled,E4
sky:cloudy+rainy,C,35860,15,0.6174732284917601,76.67596346574238,105.34757293532569,35.47087854462322,151.21096800000007,219.9371116666663,365.44923739999984,839.97614,0.439105525979319,0.7125724164271727,61.23582439926195,94.0215782235583,78.23414212597531,130.85944301949573,22.503056778106256,49.01962593744412,E4:pooled,E4
sky:cloudy+rainy,S-geo,35860,15,0.6683745040522442,64.1906047891287,98.0883825522589,22.135503812986297,136.06875205333338,202.75513385833312,377.9444199346664,990.910975,0.4964011737551405,0.7733291377575736,48.246964558842656,81.85888612424017,66.76632559132103,128.10296059396134,14.519160829448952,29.7148806120503,E4:pooled,E4
shade:shaded,A,1259,43,-0.0134012391715439,20.062903990647833,25.440298311637314,6.145815440506867,44.833343556733325,49.122906417799996,66.8293801215667,92.458174133,-0.2516910209491844,0.0992181894153015,16.17717426803764,24.175442513010434,20.829500899776725,29.737028558865894,-0.6259262444516797,12.824178054584115,E4:pooled,E4
shade:shaded,B,1259,43,-8.202000084563455,70.4216706486975,76.66066821563207,70.4216706486975,111.45785680000002,130.32088129999997,155.09829300000004,169.78600766666668,-11.874604813121946,-5.704112972783492,62.5339870718849,78.09831032234732,68.10004123908313,84.68361617457147,62.5339870718849,78.09831032234732,E4:pooled,E4
shade:shaded,S,1259,43,-8.726580221215492,62.7791840055945,78.81548829569553,59.67810510699772,130.45333333333335,146.55208333333331,191.76066666666668,212.60833333333335,-16.345298070856895,-4.453391228369282,49.07856586517451,78.34870851301727,63.89429775530221,94.16476647576395,44.419684675403374,76.22926446428248,E4:pooled,E4
shade:shaded,R,1259,43,0.0035750696484228017,20.314247274028634,25.226312795786924,-5.102930282986574,39.45410032497934,45.57949530488073,70.11006032921208,100.466084202263,-0.17261354218523348,0.07470197786688118,16.742695827800237,24.19130313772179,21.353885019254246,29.154556954608843,-11.9421169054808,1.6201596229767905,E4:pooled,E4
shade:shaded,P-cs,1259,43,-3.410683280630189,41.60986128535455,53.07431781364724,32.50399795410886,87.23039720000001,101.18250683333332,144.07615081333338,168.05998999999997,-6.713030944595522,-1.4963072021033081,32.63271042136942,52.06368762288336,42.45961592701297,63.973547353650865,20.637151067241614,45.178844030037524,E4:pooled,E4
shade:shaded,P-sim,1259,43,-0.4989572024869138,24.165938063943116,30.94041258529633,-11.965054616514589,50.3531227146471,59.85708108078536,88.8001523518375,125.86259753504916,-1.2076444546941727,-0.05961651144645452,19.38698594937317,29.310870805025374,25.360583557137197,37.030841368878335,-19.80939675445021,-3.901623414987273,E4:pooled,E4
shade:shaded,D,1259,43,-3.5551613667015687,44.07131513035777,53.93657527134087,39.60679605288567,87.45256336788779,99.42036531056355,139.78992745808827,162.51919704244017,-6.765366715984329,-1.686041399152847,35.798495610179735,53.309701592420865,44.37986443109989,63.838287578355505,29.426031565627692,50.28563079288208,E4:pooled,E4
shade:shaded,H,1259,43,-0.17588631608424232,22.17135551905413,27.404012203823928,-4.727876877034899,41.36033381709572,51.34865150451614,76.97295121832576,110.36653455539832,-0.6597231147106744,0.13050616806041454,18.489610206743073,26.290379987863272,23.106815709368185,32.001428499644625,-12.336739506166033,2.6438773051947564,E4:pooled,E4
shade:shaded,C,1259,43,-14.825304359914119,86.67290964287277,100.5327400829493,85.64020476069115,171.93404000000007,182.95846666666665,219.27171666666666,234.2489,-26.2006371117582,-8.089710118941564,71.01585091400905,104.02831326588469,82.70384655915994,118.20526824587003,69.41340294447865,103.66841985297485,E4:pooled,E4
shade:shaded,S-geo,1259,43,0.1283596102393566,18.962594129165087,23.593922966883156,13.249749823201071,37.63801602000001,45.64052667333332,62.032832186666724,100.40693603333332,-0.4507238611569658,0.4409726478968539,15.760248269030297,22.598509838775186,19.72683670239605,27.686803185884678,8.257171399126792,18.25510741798361,E4:pooled,E4
shade:unshaded,A,120575,43,0.37411195048816803,150.72281900167474,242.013413908155,124.93577058906173,444.71022705080003,571.3527966306995,757.7666203612594,948.7446207686667,0.14195666640382779,0.571044613474299,113.94747400466457,185.34592242287425,199.68958798264333,279.1215157406433,86.90636486452587,161.81960829218923,E4:pooled,E4
shade:unshaded,B,120575,43,0.3922924889793258,151.6516885080356,238.47255806163676,119.71095553306769,429.3631915333334,555.2582432999993,760.7459368533334,837.9174266666666,0.16819287710288483,0.5852842255767716,116.79534552694217,184.70186261324525,197.26153201044667,275.2716738521698,82.79085066798278,156.34943244674014,E4:pooled,E4
shade:unshaded,R,120575,43,0.3748228686346894,150.58913209063894,241.8759287684333,123.09904877989723,445.9571049839913,571.7516753382328,761.7141285666938,931.3125866365388,0.14089527833988819,0.5727556784010764,114.09544169304098,184.95188657068582,199.60959011958096,279.1099867861307,84.94220044747748,160.13675183470255,E4:pooled,E4
shade:unshaded,P-cs,120575,43,0.8925123147923618,59.27019442072623,100.29296331852194,-2.8974992262120933,144.558869673442,225.278313502844,408.5250107332953,1009.0942801592242,0.8479857524765352,0.929377112350237,48.77970392777973,70.44419305754991,82.38292907106943,117.82083690767425,-10.800154421112731,4.982494623057234,E4:pooled,E4
shade:unshaded,P-sim,120575,43,0.9013302450291188,55.607124419041895,96.09109295755313,-1.76586795832721,134.12820613948176,213.30508337917894,403.59062858358106,982.4565094576387,0.8578290270420703,0.9375669683496708,44.825557885532994,67.0209946708129,76.8945412071521,113.83672337823697,-9.073918070815195,5.811922935425001,E4:pooled,E4
shade:unshaded,D,120575,43,0.8798703830196595,70.84098647932473,106.02692215286443,-0.5027430089219505,161.6265016864378,232.11870918000372,393.72602184895396,1008.0825886301351,0.8368910939481362,0.9142480998505583,61.183169036684426,81.31022541506151,90.07218431892834,121.8591967820419,-11.427641792747655,9.224101200159932,E4:pooled,E4
shade:unshaded,H,120575,43,0.8874539500634286,68.94962800458498,102.62572467049908,-0.6343270515556452,156.6945166619434,220.39661624719935,378.7102254605016,972.8058630133895,0.8461143329064246,0.9209476252600048,59.08769074067038,79.531124140382,86.02504561408486,118.10453606738183,-11.08042124264483,9.352346007839376,E4:pooled,E4
shade:unshaded,C,120575,43,0.8804202992340378,72.48709384352941,105.78396456711573,1.552417907038255,155.41226866666668,235.184325,386.9549286666665,839.97614,0.8386249046766282,0.9148836581199585,62.52174659616518,83.54525770107695,90.20839201788158,121.0603446392098,-7.268226904912348,10.655124984025905,E4:pooled,E4
shade:unshaded,S-geo,120575,43,0.9014190209684692,54.45271975940377,96.047855307341,18.570002342222168,135.37961162666667,216.69224534666668,401.85850591399884,990.910975,0.8575425836729342,0.937893485246321,43.15491322476846,66.32429949252234,76.77687086992445,113.9358994168876,13.56899471123717,23.836111155975715,E4:pooled,E4
horizontals,A,108243,43,0.41120608356026966,144.65704455204968,232.65874366232362,118.75558522085498,420.81969075493333,545.7539017741663,753.1791599931735,830.7294108076667,0.18814085493024543,0.6042232396660276,109.40473596775477,178.20787658648428,190.61832817843046,269.38188154207444,82.84327474827543,154.6280137526978,E4:pooled,E4
horizontals,B,108243,43,0.40023694938199095,146.21110174242227,234.8159401055881,120.89905940985439,426.0143805333334,551.7429774,759.7899101466668,837.9174266666666,0.17166462566377255,0.5973066939480611,110.63971214030211,179.900764701882,192.59459789550206,271.859590704113,84.76428373168075,157.0103133776495,E4:pooled,E4
horizontals,S,108243,43,0.9010249415966444,55.33438412747257,95.3895071452945,21.864946683849013,135.72916666666669,211.9958333333334,394.48666666666674,796.1750000000001,0.8570426076811443,0.9370508473486597,44.3184522994684,66.82331792210067,76.50539729002867,112.61546721882588,16.911666660600567,27.19420699771782,E4:pooled,E4
horizontals,R,108243,43,0.4043535243617349,145.22305081528503,234.00870313967184,118.74300729512545,424.6817392823484,550.195674686096,758.3296062938261,837.3727967658716,0.17765707717134907,0.6002327505504446,109.68605014888726,178.78240341549176,191.87999911660089,271.059787422483,82.65399255347516,154.83392756916615,E4:pooled,E4
horizontals,P-cs,108243,43,0.9037516572113817,54.72241203852485,94.066362807581,-0.8946860213593819,128.928691193147,207.10840664692745,397.47431134830396,846.6262513418066,0.8601743755573105,0.9395774206813146,43.86943661902178,65.98499036042429,75.08440204211588,111.65433721141282,-7.899761854680441,6.662662105113912,E4:pooled,E4
horizontals,P-sim,108243,43,0.9042161646277571,53.82887280223901,93.839099831434,-4.087021442192884,128.01747974484888,207.59524491721265,398.0586216128281,856.6413320133527,0.8603238262091136,0.940051693392487,42.88950813409019,65.22814526956881,74.6503458445703,111.73162887134924,-11.249322114407462,3.63734533949645,E4:pooled,E4
horizontals,D,108243,43,0.892233337266046,66.23610243667294,99.53594375081819,1.5806236715710171,146.85392374848976,214.88476858341411,376.2893422311509,842.2534238725889,0.8508839791014807,0.9260399695357743,56.377245695032215,76.53848592952718,83.01832017941307,115.42672818497117,-7.932189348716654,10.676834706848567,E4:pooled,E4
horizontals,H,108243,43,0.8920156926846265,66.82291125737565,99.63640400199421,-3.1873269501857955,146.631605462155,213.08371443689907,372.34376110229965,850.4746071838149,0.8512362341425525,0.9256030912509565,57.169319613611265,77.25155600307274,83.27824196925938,115.39243058111904,-13.014521949695771,6.1668137634093805,E4:pooled,E4
horizontals,C,108243,43,0.8892290488827941,68.98550505244324,100.91382409227305,3.8030425837261363,146.54176733333338,221.80015299999994,376.4914810000002,704.6014,0.8488052328299437,0.9227342183018692,58.885641431263466,79.96327033186508,84.65899502931016,116.0761045583458,-4.932412210849943,12.845384638016897,E4:pooled,E4
horizontals,S-geo,108243,43,0.9027793558282053,53.9033798648666,94.54029839378026,19.124819394488963,133.69386705333332,212.10463188999987,395.21602183866736,799.5830292666667,0.8586418238088885,0.938665927717545,42.7301336022927,65.39557022556474,75.55247876542107,112.08392418610569,14.371067648129145,24.240239236769938,E4:pooled,E4
