sensor_name,sensor_guid,utc,pos_x,pos_y,pos_z,n_x,n_y,n_z,side_px,warmup,azimuth_deg,altitude_deg,geometric_factor,clearsky_ghi_wm2,clearsky_dni_wm2,clearsky_dhi_wm2,sun_occluded,sun_hit_distance_m,sun_visibility,sky_view_factor,raw_r_lux,raw_g_lux,raw_b_lux,sim_comp_amb_lux,sim_comp_direct_lux,irr_final_normalized_wm2
Pyr,BF04DDE0AD58478F833CB925287288AE,2025-10-07T04:30:00.000Z,200.000000,300.000000,100.000000,0.000000,0.000000,1.000000,512,16,78.727,-21.065,0.000000,0.000000,0.000000,0.000000,1,2.435,0.000,1.000000,0.000000000,0.000000000,0.000000000,0.000000000,0.000000000,0.000000000
Pyr,BF04DDE0AD58478F833CB925287288AE,2025-10-07T04:32:00.000Z,200.000000,300.000000,100.000000,0.000000,0.000000,1.000000,512,16,78.903,-20.878,0.000000,0.000000,0.000000,0.000000,1,2.460,0.000,1.000000,0.000000000,0.000000000,0.000000000,0.000000000,0.000000000,0.000000000
Pyr,BF04DDE0AD58478F833CB925287288AE,2025-10-07T04:34:00.000Z,200.000000,300.000000,100.000000,0.000000,0.000000,1.000000,512,16,79.255,-20.504,0.000000,0.000000,0.000000,0.000000,1,2.512,0.000,1.000000,0.000000000,0.000000000,0.000000000,0.000000000,0.000000000,0.000000000
Pyr,BF04DDE0AD58478F833CB925287288AE,2025-10-07T04:36:00.000Z,200.000000,300.000000,100.000000,0.000000,0.000000,1.000000,512,16,79.606,-20.130,0.000000,0.000000,0.000000,0.000000,1,2.566,0.000,1.000000,0.000000000,0.000000000,0.000000000,0.000000000,0.000000000,0.000000000
Pyr,BF04DDE0AD58478F833CB925287288AE,2025-10-07T04:38:00.000Z,200.000000,300.000000,100.000000,0.000000,0.000000,1.000000,512,16,79.955,-19.755,0.000000,0.000000,0.000000,0.000000,1,2.621,0.000,1.000000,0.000000000,0.000000000,0.000000000,0.000000000,0.000000000,0.000000000
Pyr,BF04DDE0AD58478F833CB925287288AE,2025-10-07T04:40:00.000Z,200.000000,300.000000,100.000000,0.000000,0.000000,1.000000,512,16,80.476,-19.192,0.000000,0.000000,0.000000,0.000000,1,2.709,0.000,1.000000,0.000000000,0.000000000,0.000000000,0.000000000,0.000000000,0.000000000
Pyr,BF04DDE0AD58478F833CB925287288AE,2025-10-07T04:42:00.000Z,200.000000,300.000000,100.000000,0.000000,0.000000,1.000000,512,16,80.822,-18.816,0.000000,0.000000,0.000000,0.000000,1,2.771,0.000,1.000000,0.000000000,0.000000000,0.000000000,0.000000000,0.000000000,0.000000000
Pyr,BF04DDE0AD58478F833CB925287288AE,2025-10-07T04:44:00.000Z,200.000000,300.000000,100.000000,0.000000,0.000000,1.000000,512,16,81.167,-18.440,0.000000,0.000000,0.000000,0.000000,1,2.835,0.000,1.000000,0.000000000,0.000000000,0.000000000,0.000000000,0.000000000,0.000000000
Pyr,BF04DDE0AD58478F833CB925287288AE,2025-10-07T04:46:00.000Z,200.000000,300.000000,100.000000,0.000000,0.000000,1.000000,512,16,81.510,-18.064,0.000000,0.000000,0.000000,0.000000,1,2.902,0.000,1.000000,0.000000000,0.000000000,0.000000000,0.000000000,0.000000000,0.000000000
Pyr,BF04DDE0AD58478F833CB925287288AE,2025-10-07T04:48:00.000Z,200.000000,300.000000,100.000000,0.000000,0.000000,1.000000,512,16,81.682,-17.875,0.000000,0.000000,0.000000,0.000000,1,2.937,0.000,1.000000,0.000000000,0.000000000,0.000000000,0.000000000,0.000000000,0.000000000
Pyr,BF04DDE0AD58478F833CB925287288AE,2025-10-07T04:50:00.000Z,200.000000,300.000000,100.000000,0.000000,0.000000,1.000000,512,16,82.023,-17.498,0.000000,0.000000,0.000000,0.000000,1,3.009,0.000,1.000000,0.000000000,0.000000000,0.000000000,0.000000000,0.000000000,0.000000000
Pyr,BF04DDE0AD58478F833CB925287288AE,2025-10-07T04:52:00.000Z,200.000000,300.000000,100.000000,0.000000,0.000000,1.000000,512,16,82.534,-16.932,0.000000,0.000000,0.000000,0.000000,1,3.122,0.000,1.000000,0.000000000,0.000000000,0.000000000,0.000000000,0.000000000,0.000000000
Pyr,BF04DDE0AD58478F833CB925287288AE,2025-10-07T04:54:00.000Z,200.000000,300.000000,100.000000,0.000000,0.000000,1.000000,512,16,82.873,-16.554,0.000000,0.000000,0.000000,0.000000,1,3.203,0.000,1.000000,0.000000000,0.000000000,0.000000000,0.000000000,0.000000000,0.000000000
Pyr,BF04DDE0AD58478F833CB925287288AE,2025-10-07T04:56:00.000Z,200.000000,300.000000,100.000000,0.000000,0.000000,1.000000,512,16,83.211,-16.176,0.000000,0.000000,0.000000,0.000000,1,3.287,0.000,1.000000,0.000000000,0.000000000,0.000000000,0.000000000,0.000000000,0.000000000
Pyr,BF04DDE0AD58478F833CB925287288AE,2025-10-07T04:58:00.000Z,200.000000,300.000000,100.000000,0.000000,0.000000,1.000000,512,16,83.549,-15.798,0.000000,0.000000,0.000000,0.000000,1,3.375,0.000,1.000000,0.000000000,0.000000000,0.000000000,0.000000000,0.000000000,0.000000000
Pyr,BF04DDE0AD58478F833CB925287288AE,2025-10-07T05:00:00.000Z,200.000000,300.000000,100.000000,0.000000,0.000000,1.000000,512,16,83.885,-15.419,0.000000,0.000000,0.000000,0.000000,1,3.468,0.000,1.000000,0.000000001,0.000000000,0.000000000,0.000000000,0.000000000,0.000000000
Pyr,BF04DDE0AD58478F833CB925287288AE,2025-10-07T05:02:00.000Z,200.000000,300.000000,100.000000,0.000000,0.000000,1.000000,512,16,84.053,-15.229,0.000000,0.000000,0.000000,0.000000,1,3.516,0.000,1.000000,0.000000002,0.000000000,0.000000000,0.000000001,0.000000000,0.000000000
Pyr,BF04DDE0AD58478F833CB925287288AE,2025-10-07T05:04:00.000Z,200.000000,300.000000,100.000000,0.000000,0.000000,1.000000,512,16,84.387,-14.850,0.000000,0.000000,0.000000,0.000000,1,3.616,0.000,1.000000,0.000000028,0.000000001,0.000000000,0.000000010,0.000000000,0.000000000
Pyr,BF04DDE0AD58478F833CB925287288AE,2025-10-07T05:06:00.000Z,200.000000,300.000000,100.000000,0.000000,0.000000,1.000000,512,16,84.722,-14.471,0.000000,0.000000,0.000000,0.000000,1,3.722,0.000,1.000000,0.000000835,0.000000011,0.000000000,0.000000282,0.000000000,0.000000000
Pyr,BF04DDE0AD58478F833CB925287288AE,2025-10-07T05:08:00.000Z,200.000000,300.000000,100.000000,0.000000,0.000000,1.000000,512,16,85.221,-13.902,0.000000,0.000000,0.000000,0.000000,1,3.891,0.000,1.000000,0.000012857,0.000000358,0.000000003,0.000004406,0.000000000,0.000000000
Pyr,BF04DDE0AD58478F833CB925287288AE,2025-10-07T05:10:00.000Z,200.000000,300.000000,100.000000,0.000000,0.000000,1.000000,512,16,85.553,-13.522,0.000000,0.000000,0.000000,0.000000,1,4.012,0.000,1.000000,0.000042877,0.000001717,0.000000021,0.000014872,0.000000000,0.000000000
Pyr,BF04DDE0AD58478F833CB925287288AE,2025-10-07T05:12:00.000Z,200.000000,300.000000,100.000000,0.000000,0.000000,1.000000,512,16,85.884,-13.141,0.000000,0.000000,0.000000,0.000000,1,4.140,0.000,1.000000,0.000118436,0.000006168,0.000000124,0.000041576,0.000000000,0.000000000
Pyr,BF04DDE0AD58478F833CB925287288AE,2025-10-07T05:14:00.000Z,200.000000,300.000000,100.000000,0.000000,0.000000,1.000000,512,16,86.215,-12.761,0.000000,0.000000,0.000000,0.000000,1,4.276,0.000,1.000000,0.000282981,0.000018486,0.000000616,0.000100695,0.000000000,0.000000000
Pyr,BF04DDE0AD58478F833CB925287288AE,2025-10-07T05:16:00.000Z,200.000000,300.000000,100.000000,0.000000,0.000000,1.000000,512,16,86.380,-12.571,0.000000,0.000000,0.000000,0.000000,1,4.347,0.000,1.000000,0.000426624,0.000030479,0.000001284,0.000152796,0.000000000,0.000000000
Pyr,BF04DDE0AD58478F833CB925287288AE,2025-10-07T05:18:00.000Z,200.000000,300.000000,100.000000,0.000000,0.000000,1.000000,512,16,86.710,-12.190,0.000000,0.000000,0.000000,0.000000,1,4.496,0.000,1.000000,0.000893134,0.000076965,0.000004955,0.000325018,0.000000000,0.000000000
Pyr,BF04DDE0AD58478F833CB925287288AE,2025-10-07T05:20:00.000Z,200.000000,300.000000,100.000000,0.000000,0.000000,1.000000,512,16,87.039,-11.810,0.000000,0.000000,0.000000,0.000000,1,4.655,0.000,1.000000,0.001755650,0.000180056,0.000016717,0.000650808,0.000000000,0.000000000
Pyr,BF04DDE0AD58478F833CB925287288AE,2025-10-07T05:22:00.000Z,200.000000,300.000000,100.000000,0.000000,0.000000,1.000000,512,16,87.367,-11.429,0.000000,0.000000,0.000000,0.000000,1,4.824,0.000,1.000000,0.003296729,0.000395364,0.000050410,0.001247501,0.000000000,0.000000000
Pyr,BF04DDE0AD58478F833CB925287288AE,2025-10-07T05:24:00.000Z,200.000000,300.000000,100.000000,0.000000,0.000000,1.000000,512,16,87.859,-10.857,0.000000,0.000000,0.000000,0.000000,1,5.101,0.000,1.000000,0.007929849,0.001175269,0.000224680,0.003109932,0.000000000,0.000000000
Pyr,BF04DDE0AD58478F833CB925287288AE,2025-10-07T05:26:00.000Z,200.000000,300.000000,100.000000,0.000000,0.000000,1.000000,512,16,88.186,-10.475,0.000000,0.000000,0.000000,0.000000,1,5.303,0.000,1.000000,0.013762086,0.002308651,0.000560570,0.005543769,0.000000000,0.000000000
Pyr,BF04DDE0AD58478F833CB925287288AE,2025-10-07T05:28:00.000Z,200.000000,300.000000,100.000000,0.000000,0.000000,1.000000,512,16,88.512,-10.094,0.000000,0.000000,0.000000,0.000000,1,5.520,0.000,1.000000,0.023428276,0.004406378,0.001331977,0.009722210,0.000000000,0.000000000
Pyr,BF04DDE0AD58478F833CB925287288AE,2025-10-07T05:30:00.000Z,200.000000,300.000000,100.000000,0.000000,0.000000,1.000000,512,16,88.838,-9.712,0.000000,0.000000,0.000000,0.000000,1,5.754,0.000,1.000000,0.039259952,0.008223901,0.003087262,0.016857039,0.000000000,0.000000000
Pyr,BF04DDE0AD58478F833CB925287288AE,2025-10-07T05:32:00.000Z,200.000000,300.000000,100.000000,0.000000,0.000000,1.000000,512,16,89.001,-9.521,0.000000,0.000000,0.000000,0.000000,1,5.878,0.000,1.000000,0.050686903,0.011193749,0.004724562,0.022201739,0.000000000,0.000000000
Pyr,BF04DDE0AD58478F833CB925287288AE,2025-10-07T05:34:00.000Z,200.000000,300.000000,100.000000,0.000000,0.000000,1.000000,512,16,89.327,-9.139,0.000000,0.000000,0.000000,0.000000,1,6.142,0.000,1.000000,0.084779859,0.020983212,0.012524935,0.039429337,0.000000000,0.000000000
Pyr,BF04DDE0AD58478F833CB925287288AE,2025-10-07T05:36:00.000Z,200.000000,300.000000,100.000000,0.000000,0.000000,1.000000,512,16,89.652,-8.757,0.000000,0.000000,0.000000,0.000000,1,6.429,0.000,1.000000,0.160043418,0.055221707,0.104704157,0.106656432,0.000000000,0.000000000
Pyr,BF04DDE0AD58478F833CB925287288AE,2025-10-07T05:38:00.000Z,200.000000,300.000000,100.000000,0.000000,0.000000,1.000000,512,16,89.977,-8.375,0.000000,0.000000,0.000000,0.000000,1,6.743,0.000,1.000000,0.285526961,0.113738805,0.260020256,0.219762012,0.000000000,0.000000000
Pyr,BF04DDE0AD58478F833CB925287288AE,2025-10-07T05:40:00.000Z,200.000000,300.000000,100.000000,0.000000,0.000000,1.000000,512,16,90.463,-7.802,0.000000,0.000000,0.000000,0.000000,1,7.272,0.000,1.000000,0.612375617,0.248795986,0.537903428,0.466358364,0.000000000,0.000000000
Pyr,BF04DDE0AD58478F833CB925287288AE,2025-10-07T05:42:00.000Z,200.000000,300.000000,100.000000,0.000000,0.000000,1.000000,512,16,90.787,-7.419,0.000000,0.000000,0.000000,0.000000,1,7.670,0.000,1.000000,1.016435146,0.405918032,0.791319489,0.737890899,0.000000000,0.000000000
Pyr,BF04DDE0AD58478F833CB925287288AE,2025-10-07T05:44:00.000Z,200.000000,300.000000,100.000000,0.000000,0.000000,1.000000,512,16,91.111,-7.036,0.000000,0.000000,0.000000,0.000000,1,8.112,0.000,1.000000,1.714872360,0.675312161,1.176747680,1.188977361,0.000000000,0.000000000
Pyr,BF04DDE0AD58478F833CB925287288AE,2025-10-07T05:46:00.000Z,200.000000,300.000000,100.000000,0.000000,0.000000,1.000000,512,16,91.435,-6.653,0.000000,0.000000,0.000000,0.000000,1,8.606,0.000,1.000000,2.897342205,1.149652958,1.843946457,1.963647246,0.000000000,0.000000000
Pyr,BF04DDE0AD58478F833CB925287288AE,2025-10-07T05:48:00.000Z,200.000000,300.000000,100.000000,0.000000,0.000000,1.000000,512,16,91.596,-6.462,0.000000,0.000000,0.000000,0.000000,1,8.875,0.000,1.000000,3.746067524,1.506289005,2.365091324,2.539149284,0.000000000,0.000000000
Pyr,BF04DDE0AD58478F833CB925287288AE,2025-10-07T05:50:00.000Z,200.000000,300.000000,100.000000,0.000000,0.000000,1.000000,512,16,91.919,-6.078,0.000000,0.000000,0.000000,0.000000,1,9.464,0.000,1.000000,6.216893196,2.580442429,4.029869080,4.275734901,0.000000000,0.000000000
Pyr,BF04DDE0AD58478F833CB925287288AE,2025-10-07T05:52:00.000Z,200.000000,300.000000,100.000000,0.000000,0.000000,1.000000,512,16,92.404,-5.502,0.000000,0.000000,0.000000,0.000000,1,10.503,0.000,1.000000,12.872167587,5.695170403,9.207797050,9.258378983,0.000000000,0.000000000
Pyr,BF04DDE0AD58478F833CB925287288AE,2025-10-07T05:54:00.000Z,200.000000,300.000000,100.000000,0.000000,0.000000,1.000000,512,16,92.727,-5.118,0.000000,0.000000,0.000000,0.000000,1,11.327,0.000,1.000000,21.147590637,10.475723267,19.231864929,16.951726913,0.000000000,0.000000000
Pyr,BF04DDE0AD58478F833CB925287288AE,2025-10-07T05:56:00.000Z,200.000000,300.000000,100.000000,0.000000,0.000000,1.000000,512,16,93.050,-4.733,0.000000,0.000000,0.000000,0.000000,1,12.287,0.000,1.000000,33.550666809,17.796842575,34.306564331,28.551361084,0.000000000,0.000000000
Pyr,BF04DDE0AD58478F833CB925287288AE,2025-10-07T05:58:00.000Z,200.000000,300.000000,100.000000,0.000000,0.000000,1.000000,512,16,93.373,-4.347,0.000000,0.000000,0.000000,0.000000,1,13.419,0.000,1.000000,51.203575134,27.970676422,53.482933044,44.219062805,0.000000000,0.000000000
Pyr,BF04DDE0AD58478F833CB925287288AE,2025-10-07T06:00:00.000Z,200.000000,300.000000,100.000000,0.000000,0.000000,1.000000,512,16,93.696,-3.960,0.000000,0.000000,0.000000,0.000000,1,14.776,0.000,1.000000,76.032058716,42.055252075,77.817306519,65.301544189,0.000000000,0.000000000
Pyr,BF04DDE0AD58478F833CB925287288AE,2025-10-07T06:02:00.000Z,200.000000,300.000000,100.000000,0.000000,0.000000,1.000000,512,16,93.857,-3.766,0.000000,0.000000,0.000000,0.000000,1,15.561,0.000,1.000000,91.621620178,51.023853302,92.454971313,78.366821289,0.000000000,0.000000000
Pyr,BF04DDE0AD58478F833CB925287288AE,2025-10-07T06:04:00.000Z,200.000000,300.000000,100.000000,0.000000,0.000000,1.000000,512,16,94.180,-3.377,0.000000,0.000000,0.000000,0.000000,1,17.408,0.000,1.000000,130.902008057,73.699249268,127.123748779,110.575004578,0.000000000,0.000000000
Pyr,BF04DDE0AD58478F833CB925287288AE,2025-10-07T06:06:00.000Z,200.000000,300.000000,100.000000,0.000000,0.000000,1.000000,512,16,94.503,-2.986,0.000000,0.000000,0.000000,0.000000,1,19.751,0.000,1.000000,182.300827026,104.198265076,170.362182617,152.287109375,0.000000000,0.000000000
Pyr,BF04DDE0AD58478F833CB925287288AE,2025-10-07T06:08:00.000Z,200.000000,300.000000,100.000000,0.000000,0.000000,1.000000,512,16,94.826,-2.592,0.000000,0.000000,0.000000,0.000000,1,22.828,0.000,1.000000,247.677261353,144.499420166,223.308273315,205.161651611,0.000000000,0.000000000
Pyr,BF04DDE0AD58478F833CB925287288AE,2025-10-07T06:10:00.000Z,200.000000,300.000000,100.000000,0.000000,0.000000,1.000000,512,16,95.149,-2.193,0.000000,0.000000,0.000000,0.000000,1,27.067,0.000,1.000000,328.512329102,196.279037476,287.440368652,270.743927002,0.000000000,0.000000000
Pyr,BF04DDE0AD58478F833CB925287288AE,2025-10-07T06:12:00.000Z,200.000000,300.000000,100.000000,0.000000,0.000000,1.000000,512,16,95.472,-1.787,0.000000,0.000000,0.000000,0.000000,1,33.331,0.000,1.000000,425.908050537,262.651977539,365.496643066,351.352233887,0.000000000,0.000000000
Pyr,BF04DDE0AD58478F833CB925287288AE,2025-10-07T06:14:00.000Z,200.000000,300.000000,100.000000,0.000000,0.000000,1.000000,512,16,95.796,-1.368,0.000000,0.000000,0.000000,0.000000,1,43.698,0.000,1.000000,545.152282715,351.499084473,472.565307617,456.405578613,0.000000000,0.000000000
Pyr,BF04DDE0AD58478F833CB925287288AE,2025-10-07T06:16:00.000Z,200.000000,300.000000,100.000000,0.000000,0.000000,1.000000,512,16,96.281,-0.682,0.000000,0.000000,0.000000,0.000000,1,88.080,0.000,1.000000,767.254638672,531.730651855,675.880249023,658.288574219,0.000000000,0.000000000
Pyr,BF04DDE0AD58478F833CB925287288AE,2025-10-07T06:18:00.000Z,200.000000,300.000000,100.000000,0.000000,0.000000,1.000000,512,16,96.605,-0.108,0.000000,0.000000,0.000000,0.000000,1,557.216,0.000,1.000000,964.848144531,714.030517578,872.009155273,850.295959473,0.000000000,0.000000000
Pyr,BF04DDE0AD58478F833CB925287288AE,2025-10-07T06:20:00.000Z,200.000000,300.000000,100.000000,0.000000,0.000000,1.000000,512,16,96.929,0.267,0.004651,0.150089,0.873978,0.139219,0,-1.000,1.000,1.000000,1081.434570312,844.050903320,1011.244201660,978.909912109,0.004065276,12.774924278
Pyr,BF04DDE0AD58478F833CB925287288AE,2025-10-07T06:22:00.000Z,200.000000,300.000000,100.000000,0.000000,0.000000,1.000000,512,16,97.254,0.588,0.010267,0.321349,1.697424,0.291885,0,-1.000,1.000,1.000000,1176.048828125,961.849548340,1137.584472656,1091.827758789,0.017427178,14.261412621
Pyr,BF04DDE0AD58478F833CB925287288AE,2025-10-07T06:24:00.000Z,200.000000,300.000000,100.000000,0.000000,0.000000,1.000000,512,16,97.579,0.918,0.016014,0.610294,3.073482,0.541199,0,-1.000,1.000,1.000000,1267.103759766,1085.757324219,1272.311279297,1208.390869141,0.049218651,15.813885689
Pyr,BF04DDE0AD58478F833CB925287288AE,2025-10-07T06:26:00.000Z,200.000000,300.000000,100.000000,0.000000,0.000000,1.000000,512,16,97.904,1.253,0.021874,1.059647,5.206804,0.914969,0,-1.000,1.000,1.000000,1353.486816406,1213.260253906,1417.150756836,1327.965942383,0.113893606,17.438537598
Pyr,BF04DDE0AD58478F833CB925287288AE,2025-10-07T06:28:00.000Z,200.000000,300.000000,100.000000,0.000000,0.000000,1.000000,512,16,98.229,1.595,0.027829,1.712214,8.295935,1.436367,0,-1.000,1.000,1.000000,1436.024658203,1344.003295898,1570.330810547,1450.119628906,0.230868444,19.149129868
Pyr,BF04DDE0AD58478F833CB925287288AE,2025-10-07T06:30:00.000Z,200.000000,300.000000,100.000000,0.000000,0.000000,1.000000,512,16,98.555,1.941,0.033864,2.606915,12.507192,2.120979,0,-1.000,1.000,1.000000,1516.336181641,1479.354370117,1735.155639648,1576.948730469,0.423541963,20.996416092
Pyr,BF04DDE0AD58478F833CB925287288AE,2025-10-07T06:32:00.000Z,200.000000,300.000000,100.000000,0.000000,0.000000,1.000000,512,16,98.718,2.115,0.036906,3.155325,15.071458,2.526874,0,-1.000,1.000,1.000000,1556.708251953,1549.843872070,1821.543945312,1642.698730469,0.556234658,21.986883163
Pyr,BF04DDE0AD58478F833CB925287288AE,2025-10-07T06:34:00.000Z,200.000000,300.000000,100.000000,0.000000,0.000000,1.000000,512,16,99.045,2.466,0.043034,4.470104,21.159671,3.465733,0,-1.000,1.000,1.000000,1633.408447266,1689.845703125,1999.304077148,1774.186157227,0.910586119,24.056617737
Pyr,BF04DDE0AD58478F833CB925287288AE,2025-10-07T06:36:00.000Z,200.000000,300.000000,100.000000,0.000000,0.000000,1.000000,512,16,99.372,2.821,0.049209,6.090105,28.539575,4.568283,0,-1.000,1.000,1.000000,1707.692871094,1828.601074219,2180.803222656,1905.699096680,1.404401541,26.266153336
Pyr,BF04DDE0AD58478F833CB925287288AE,2025-10-07T06:38:00.000Z,200.000000,300.000000,100.000000,0.000000,0.000000,1.000000,512,16,99.700,3.177,0.055421,8.025177,37.176903,5.822315,0,-1.000,1.000,1.000000,1777.312988281,1965.950195312,2366.363037109,2036.542114258,2.060390949,28.629119873
Pyr,BF04DDE0AD58478F833CB925287288AE,2025-10-07T06:40:00.000Z,200.000000,300.000000,100.000000,0.000000,0.000000,1.000000,512,16,100.028,3.535,0.061663,10.277451,46.992298,7.211483,0,-1.000,1.000,1.000000,1842.930419922,2101.071289062,2554.955322266,2166.319335938,2.897678375,31.159481049
Pyr,BF04DDE0AD58478F833CB925287288AE,2025-10-07T06:42:00.000Z,200.000000,300.000000,100.000000,0.000000,0.000000,1.000000,512,16,100.357,3.895,0.067927,12.842833,57.874807,8.717287,0,-1.000,1.000,1.000000,1904.315673828,2232.793701172,2743.051757812,2293.387207031,3.931260347,33.850788116
Pyr,BF04DDE0AD58478F833CB925287288AE,2025-10-07T06:44:00.000Z,200.000000,300.000000,100.000000,0.000000,0.000000,1.000000,512,16,100.686,4.256,0.074209,15.712775,69.695630,10.320785,0,-1.000,1.000,1.000000,1963.329467773,2358.396484375,2933.269042969,2418.331542969,5.172034740,36.721588135
Pyr,BF04DDE0AD58478F833CB925287288AE,2025-10-07T06:46:00.000Z,200.000000,300.000000,100.000000,0.000000,0.000000,1.000000,512,16,101.181,4.799,0.083658,20.562961,88.889235,12.869649,0,-1.000,1.000,1.000000,2044.845092773,2539.717529297,3218.425537109,2600.995849609,7.436318398,41.368907928
Pyr,BF04DDE0AD58478F833CB925287288AE,2025-10-07T06:48:00.000Z,200.000000,300.000000,100.000000,0.000000,0.000000,1.000000,512,16,101.512,5.158,0.089902,24.098245,102.309360,14.620439,0,-1.000,1.000,1.000000,2095.836425781,2653.122558594,3403.646728516,2717.535156250,9.197771072,44.650733948
Pyr,BF04DDE0AD58478F833CB925287288AE,2025-10-07T06:50:00.000Z,200.000000,300.000000,100.000000,0.000000,0.000000,1.000000,512,16,101.843,5.523,0.096251,27.945666,116.413663,16.438638,0,-1.000,1.000,1.000000,2146.631103516,2768.634765625,3590.333740234,2835.199951172,11.204939842,48.192958832
Pyr,BF04DDE0AD58478F833CB925287288AE,2025-10-07T06:52:00.000Z,200.000000,300.000000,100.000000,0.000000,0.000000,1.000000,512,16,102.176,5.889,0.102594,32.027164,130.847331,18.280390,0,-1.000,1.000,1.000000,2194.610595703,2881.864746094,3785.849365234,2954.108154297,13.424154282,51.963447571
Pyr,BF04DDE0AD58478F833CB925287288AE,2025-10-07T06:54:00.000Z,200.000000,300.000000,100.000000,0.000000,0.000000,1.000000,512,16,102.509,6.254,0.108931,36.327130,145.507961,20.135189,0,-1.000,1.000,1.000000,2240.894775391,2992.618164062,3974.381835938,3069.298339844,15.850358009,55.892425537
Pyr,BF04DDE0AD58478F833CB925287288AE,2025-10-07T06:56:00.000Z,200.000000,300.000000,100.000000,0.000000,0.000000,1.000000,512,16,102.842,6.619,0.115263,40.830306,160.304968,21.994118,0,-1.000,1.000,1.000000,2286.450195312,3097.789062500,4157.390136719,3180.543212891,18.477216721,59.970581055
Pyr,BF04DDE0AD58478F833CB925287288AE,2025-10-07T06:58:00.000Z,200.000000,300.000000,100.000000,0.000000,0.000000,1.000000,512,16,103.177,6.984,0.121589,45.521622,175.158238,23.849572,0,-1.000,1.000,1.000000,2328.846191406,3199.816894531,4342.480957031,3290.381347656,21.297246933,64.223564148
Pyr,BF04DDE0AD58478F833CB925287288AE,2025-10-07T07:00:00.000Z,200.000000,300.000000,100.000000,0.000000,0.000000,1.000000,512,16,103.512,7.349,0.127907,50.386391,189.997949,25.695151,0,-1.000,1.000,1.000000,2370.542236328,3300.892578125,4523.160156250,3398.198242188,24.302120209,68.635009766
Pyr,BF04DDE0AD58478F833CB925287288AE,2025-10-07T07:02:00.000Z,200.000000,300.000000,100.000000,0.000000,0.000000,1.000000,512,16,103.680,7.531,0.131064,52.879757,197.394727,26.612679,0,-1.000,1.000,1.000000,2389.472656250,3348.774902344,4608.740234375,3448.996093750,25.871345520,70.866950989
Pyr,BF04DDE0AD58478F833CB925287288AE,2025-10-07T07:04:00.000Z,200.000000,300.000000,100.000000,0.000000,0.000000,1.000000,512,16,104.017,7.896,0.137371,57.979315,212.107113,28.434133,0,-1.000,1.000,1.000000,2429.654296875,3442.791259766,4783.071289062,3551.839111328,29.137279510,75.474571228
Pyr,BF04DDE0AD58478F833CB925287288AE,2025-10-07T07:06:00.000Z,200.000000,300.000000,100.000000,0.000000,0.000000,1.000000,512,16,104.355,8.260,0.143668,63.219917,226.677405,30.234804,0,-1.000,1.000,1.000000,2466.639648438,3534.073242188,4954.649414062,3651.787597656,32.566383362,80.207603455
Pyr,BF04DDE0AD58478F833CB925287288AE,2025-10-07T07:08:00.000Z,200.000000,300.000000,100.000000,0.000000,0.000000,1.000000,512,16,104.693,8.624,0.149956,68.589118,241.066431,32.011536,0,-1.000,1.000,1.000000,2504.145507812,3622.431884766,5118.421875000,3748.333251953,36.149284363,85.050041199
Pyr,BF04DDE0AD58478F833CB925287288AE,2025-10-07T07:10:00.000Z,200.000000,300.000000,100.000000,0.000000,0.000000,1.000000,512,16,105.033,8.988,0.156232,74.076286,255.244855,33.762206,0,-1.000,1.000,1.000000,2537.969482422,3710.115722656,5281.224609375,3843.103515625,39.877395630,90.014526367
Pyr,BF04DDE0AD58478F833CB925287288AE,2025-10-07T07:12:00.000Z,200.000000,300.000000,100.000000,0.000000,0.000000,1.000000,512,16,105.373,9.352,0.162496,79.671339,269.188759,35.485178,0,-1.000,1.000,1.000000,2574.174316406,3792.834960938,5440.300781250,3935.770019531,43.742183685,95.088241577
Pyr,BF04DDE0AD58478F833CB925287288AE,2025-10-07T07:14:00.000Z,200.000000,300.000000,100.000000,0.000000,0.000000,1.000000,512,16,105.715,9.715,0.168748,85.364437,282.878274,37.179144,0,-1.000,1.000,1.000000,2607.151855469,3876.553955078,5604.338867188,4029.348144531,47.735038757,100.301910400
Pyr,BF04DDE0AD58478F833CB925287288AE,2025-10-07T07:16:00.000Z,200.000000,300.000000,100.000000,0.000000,0.000000,1.000000,512,16,106.229,10.259,0.178099,94.069460,302.906434,39.664222,0,-1.000,1.000,1.000000,2656.537109375,3995.129394531,5837.715332031,4163.127441406,53.947315216,108.259475708
Pyr,BF04DDE0AD58478F833CB925287288AE,2025-10-07T07:18:00.000Z,200.000000,300.000000,100.000000,0.000000,0.000000,1.000000,512,16,106.573,10.621,0.184315,99.971058,315.906048,41.282998,0,-1.000,1.000,1.000000,2687.516845703,4071.170898438,5988.301269531,4248.996582031,58.226070404,113.658477783
Pyr,BF04DDE0AD58478F833CB925287288AE,2025-10-07T07:20:00.000Z,200.000000,300.000000,100.000000,0.000000,0.000000,1.000000,512,16,106.919,10.983,0.190514,105.942673,328.616270,42.871271,0,-1.000,1.000,1.000000,2718.437011719,4146.740722656,6134.187988281,4333.122070312,62.606117249,119.136032104
Pyr,BF04DDE0AD58478F833CB925287288AE,2025-10-07T07:22:00.000Z,200.000000,300.000000,100.000000,0.000000,0.000000,1.000000,512,16,107.265,11.344,0.196698,111.977826,341.034178,44.429202,0,-1.000,1.000,1.000000,2750.255859375,4218.134765625,6280.519531250,4416.303710938,67.080741882,124.695838928
Pyr,BF04DDE0AD58478F833CB925287288AE,2025-10-07T07:24:00.000Z,200.000000,300.000000,100.000000,0.000000,0.000000,1.000000,512,16,107.613,11.705,0.202865,118.070193,353.158197,45.957018,0,-1.000,1.000,1.000000,2777.172607422,4290.314453125,6426.660156250,4498.049316406,71.643333435,130.324890137
Pyr,BF04DDE0AD58478F833CB925287288AE,2025-10-07T07:26:00.000Z,200.000000,300.000000,100.000000,0.000000,0.000000,1.000000,512,16,107.962,12.065,0.209013,124.213627,364.987980,47.455004,0,-1.000,1.000,1.000000,2806.329345703,4358.349609375,6559.836914062,4574.838867188,76.287399292,135.970748901
Pyr,BF04DDE0AD58478F833CB925287288AE,2025-10-07T07:28:00.000Z,200.000000,300.000000,100.000000,0.000000,0.000000,1.000000,512,16,108.312,12.424,0.215144,130.402887,376.525587,48.923664,0,-1.000,1.000,1.000000,2835.314697266,4426.198242188,6693.735351562,4651.749023438,81.007156372,141.693878174
Pyr,BF04DDE0AD58478F833CB925287288AE,2025-10-07T07:30:00.000Z,200.000000,300.000000,100.000000,0.000000,0.000000,1.000000,512,16,108.663,12.783,0.221255,136.632836,387.773702,50.363507,0,-1.000,1.000,1.000000,2859.794433594,4490.119140625,6834.428710938,4728.114257812,85.796905518,147.479888916
Pyr,BF04DDE0AD58478F833CB925287288AE,2025-10-07T07:32:00.000Z,200.000000,300.000000,100.000000,0.000000,0.000000,1.000000,512,16,108.839,12.962,0.224304,139.761821,393.290762,51.072857,0,-1.000,1.000,1.000000,2873.775634766,4524.016601562,6904.915039062,4767.569335938,88.216522217,150.414230347
Pyr,BF04DDE0AD58478F833CB925287288AE,2025-10-07T07:34:00.000Z,200.000000,300.000000,100.000000,0.000000,0.000000,1.000000,512,16,109.193,13.320,0.230385,146.044215,404.112199,52.470616,0,-1.000,1.000,1.000000,2900.577636719,4587.659179688,7032.381835938,4840.206054688,93.101448059,156.246780396
Pyr,BF04DDE0AD58478F833CB925287288AE,2025-10-07T07:36:00.000Z,200.000000,300.000000,100.000000,0.000000,0.000000,1.000000,512,16,109.547,13.677,0.236446,152.356390,414.655397,53.841150,0,-1.000,1.000,1.000000,2926.982421875,4651.729003906,7164.024414062,4914.245605469,98.043754578,162.154998779
Pyr,BF04DDE0AD58478F833CB925287288AE,2025-10-07T07:38:00.000Z,200.000000,300.000000,100.000000,0.000000,0.000000,1.000000,512,16,109.904,14.033,0.242486,158.693928,424.924957,55.185021,0,-1.000,1.000,1.000000,2950.625976562,4712.389160156,7300.081054688,4987.698730469,103.038444519,168.107971191
Pyr,BF04DDE0AD58478F833CB925287288AE,2025-10-07T07:40:00.000Z,200.000000,300.000000,100.000000,0.000000,0.000000,1.000000,512,16,110.261,14.389,0.248505,165.053569,434.927365,56.502998,0,-1.000,1.000,1.000000,2974.935058594,4776.080566406,7425.832031250,5058.949707031,108.081443787,174.080505371
Pyr,BF04DDE0AD58478F833CB925287288AE,2025-10-07T07:42:00.000Z,200.000000,300.000000,100.000000,0.000000,0.000000,1.000000,512,16,110.620,14.744,0.254500,171.431394,444.667972,57.795669,0,-1.000,1.000,1.000000,2999.032958984,4834.073242188,7547.383789062,5126.830078125,113.168212891,180.052841187
Pyr,BF04DDE0AD58478F833CB925287288AE,2025-10-07T07:44:00.000Z,200.000000,300.000000,100.000000,0.000000,0.000000,1.000000,512,16,110.980,15.098,0.260474,177.824549,454.153654,59.063794,0,-1.000,1.000,1.000000,3023.484375000,4892.692382812,7671.636718750,5195.937988281,118.295112610,186.081329346
Pyr,BF04DDE0AD58478F833CB925287288AE,2025-10-07T07:46:00.000Z,200.000000,300.000000,100.000000,0.000000,0.000000,1.000000,512,16,111.524,15.628,0.269390,187.435671,467.917154,60.921286,0,-1.000,1.000,1.000000,3056.922119141,4976.507812500,7848.176757812,5293.869140625,126.051986694,195.115814209
Pyr,BF04DDE0AD58478F833CB925287288AE,2025-10-07T07:48:00.000Z,200.000000,300.000000,100.000000,0.000000,0.000000,1.000000,512,16,111.888,15.980,0.275304,193.853543,476.792736,62.130848,0,-1.000,1.000,1.000000,3080.167480469,5031.958496094,7957.877929688,5356.668457031,131.262710571,201.145812988
Pyr,BF04DDE0AD58478F833CB925287288AE,2025-10-07T07:50:00.000Z,200.000000,300.000000,100.000000,0.000000,0.000000,1.000000,512,16,112.254,16.331,0.281193,200.276469,485.435522,63.318110,0,-1.000,1.000,1.000000,3101.600830078,5087.758300781,8071.027343750,5420.128906250,136.500961304,207.211975098
Pyr,BF04DDE0AD58478F833CB925287288AE,2025-10-07T07:52:00.000Z,200.000000,300.000000,100.000000,0.000000,0.000000,1.000000,512,16,112.622,16.682,0.287057,206.701949,493.851962,64.483700,0,-1.000,1.000,1.000000,3124.376708984,5139.324707031,8193.287109375,5485.663085938,141.763610840,213.329574585
Pyr,BF04DDE0AD58478F833CB925287288AE,2025-10-07T07:54:00.000Z,200.000000,300.000000,100.000000,0.000000,0.000000,1.000000,512,16,112.991,17.031,0.292895,213.127581,502.048394,65.628222,0,-1.000,1.000,1.000000,3146.947265625,5190.822265625,8301.021484375,5546.264160156,147.047607422,219.404174805
Pyr,BF04DDE0AD58478F833CB925287288AE,2025-10-07T07:56:00.000Z,200.000000,300.000000,100.000000,0.000000,0.000000,1.000000,512,16,113.361,17.380,0.298708,219.551124,510.031117,66.752270,0,-1.000,1.000,1.000000,3168.181152344,5242.015625000,8411.035156250,5607.077636719,152.350128174,225.500061035
Pyr,BF04DDE0AD58478F833CB925287288AE,2025-10-07T07:58:00.000Z,200.000000,300.000000,100.000000,0.000000,0.000000,1.000000,512,16,113.734,17.728,0.304493,225.970553,517.806444,67.856435,0,-1.000,1.000,1.000000,3188.513183594,5294.577148438,8525.118164062,5669.403320312,157.668533325,231.631561279
Pyr,BF04DDE0AD58478F833CB925287288AE,2025-10-07T08:00:00.000Z,200.000000,300.000000,100.000000,0.000000,0.000000,1.000000,512,16,114.108,18.074,0.310252,232.383743,525.380310,68.941253,0,-1.000,1.000,1.000000,3208.353759766,5342.821289062,8630.208007812,5727.127929688,163.000152588,237.716262817
Pyr,BF04DDE0AD58478F833CB925287288AE,2025-10-07T08:02:00.000Z,200.000000,300.000000,100.000000,0.000000,0.000000,1.000000,512,16,114.296,18.247,0.313121,235.587538,529.093720,69.476599,0,-1.000,1.000,1.000000,3219.123779297,5366.250976562,8683.828125000,5756.401367188,165.670257568,240.768280029
Pyr,BF04DDE0AD58478F833CB925287288AE,2025-10-07T08:04:00.000Z,200.000000,300.000000,100.000000,0.000000,0.000000,1.000000,512,16,114.673,18.593,0.318837,241.987480,536.376118,70.533345,0,-1.000,1.000,1.000000,3239.567382812,5413.586425781,8790.188476562,5814.447265625,171.016815186,246.872100830
Pyr,BF04DDE0AD58478F833CB925287288AE,2025-10-07T08:06:00.000Z,200.000000,300.000000,100.000000,0.000000,0.000000,1.000000,512,16,115.052,18.937,0.324526,248.376919,543.472044,71.572108,0,-1.000,1.000,1.000000,3259.471435547,5460.969726562,8895.867187500,5872.103027344,176.370925903,252.978393555
Pyr,BF04DDE0AD58478F833CB925287288AE,2025-10-07T08:08:00.000Z,200.000000,300.000000,100.000000,0.000000,0.000000,1.000000,512,16,115.432,19.280,0.330186,254.753409,550.386237,72.593257,0,-1.000,1.000,1.000000,3279.886230469,5507.407714844,8992.550781250,5926.614746094,181.729782104,259.048400879
Pyr,BF04DDE0AD58478F833CB925287288AE,2025-10-07T08:10:00.000Z,200.000000,300.000000,100.000000,0.000000,0.000000,1.000000,512,16,115.815,19.622,0.335816,261.115751,557.124584,73.597329,0,-1.000,1.000,1.000000,3299.107666016,5555.367187500,9091.025390625,5981.833984375,187.091598511,265.130615234
Pyr,BF04DDE0AD58478F833CB925287288AE,2025-10-07T08:12:00.000Z,200.000000,300.000000,100.000000,0.000000,0.000000,1.000000,512,16,116.200,19.963,0.341417,267.462392,563.692339,74.584777,0,-1.000,1.000,1.000000,3319.421875000,5597.526367188,9191.616210938,6036.188476562,192.454406738,271.202514648
Pyr,BF04DDE0AD58478F833CB925287288AE,2025-10-07T08:14:00.000Z,200.000000,300.000000,100.000000,0.000000,0.000000,1.000000,512,16,116.586,20.303,0.346988,273.791209,570.093960,75.555936,0,-1.000,1.000,1.000000,3338.599853516,5642.019531250,9282.058593750,6087.559082031,197.815704346,277.234008789
Pyr,BF04DDE0AD58478F833CB925287288AE,2025-10-07T08:16:00.000Z,200.000000,300.000000,100.000000,0.000000,0.000000,1.000000,512,16,117.169,20.811,0.355287,283.249212,579.396995,76.983240,0,-1.000,1.000,1.000000,3366.441406250,5708.700195312,9430.107421875,6168.416015625,205.851928711,286.325073242
Pyr,BF04DDE0AD58478F833CB925287288AE,2025-10-07T08:18:00.000Z,200.000000,300.000000,100.000000,0.000000,0.000000,1.000000,512,16,117.561,21.148,0.360780,289.528442,585.405716,77.915631,0,-1.000,1.000,1.000000,3384.719970703,5751.517578125,9521.531250000,6219.256835938,211.202484131,292.338928223
Pyr,BF04DDE0AD58478F833CB925287288AE,2025-10-07T08:20:00.000Z,200.000000,300.000000,100.000000,0.000000,0.000000,1.000000,512,16,117.955,21.484,0.366241,295.785616,591.265473,78.833198,0,-1.000,1.000,1.000000,3403.683105469,5793.734863281,9608.605468750,6268.674804688,216.545837402,298.326965332
Pyr,BF04DDE0AD58478F833CB925287288AE,2025-10-07T08:22:00.000Z,200.000000,300.000000,100.000000,0.000000,0.000000,1.000000,512,16,118.350,21.819,0.371671,302.019049,596.980266,79.736235,0,-1.000,1.000,1.000000,3422.463867188,5834.230468750,9698.660156250,6318.451660156,221.879974365,304.310485840
Pyr,BF04DDE0AD58478F833CB925287288AE,2025-10-07T08:24:00.000Z,200.000000,300.000000,100.000000,0.000000,0.000000,1.000000,512,16,118.748,22.152,0.377067,308.227994,602.554777,80.625153,0,-1.000,1.000,1.000000,3440.392089844,5875.394531250,9784.992187500,6366.926757812,227.203720093,310.266662598
Pyr,BF04DDE0AD58478F833CB925287288AE,2025-10-07T08:26:00.000Z,200.000000,300.000000,100.000000,0.000000,0.000000,1.000000,512,16,119.148,22.484,0.382431,314.411040,607.992892,81.500243,0,-1.000,1.000,1.000000,3458.367187500,5914.651367188,9868.654296875,6413.891113281,232.515472412,316.191101074
Pyr,BF04DDE0AD58478F833CB925287288AE,2025-10-07T08:28:00.000Z,200.000000,300.000000,100.000000,0.000000,0.000000,1.000000,512,16,119.551,22.815,0.387761,320.566750,613.298320,82.361778,0,-1.000,1.000,1.000000,3476.817626953,5954.119628906,9958.170898438,6463.036132812,237.813415527,322.130187988
Pyr,BF04DDE0AD58478F833CB925287288AE,2025-10-07T08:30:00.000Z,200.000000,300.000000,100.000000,0.000000,0.000000,1.000000,512,16,119.955,23.145,0.393058,326.694757,618.475519,83.210160,0,-1.000,1.000,1.000000,3493.328613281,5993.296386719,10044.587890625,6510.404785156,243.096771240,328.031494141
Pyr,BF04DDE0AD58478F833CB925287288AE,2025-10-07T08:32:00.000Z,200.000000,300.000000,100.000000,0.000000,0.000000,1.000000,512,16,120.158,23.309,0.395693,329.747547,621.016778,83.629440,0,-1.000,1.000,1.000000,3502.072265625,6012.857910156,10086.035156250,6533.655273438,245.732162476,330.970214844
Pyr,BF04DDE0AD58478F833CB925287288AE,2025-10-07T08:34:00.000Z,200.000000,300.000000,100.000000,0.000000,0.000000,1.000000,512,16,120.566,23.637,0.400938,335.831079,626.007730,84.458496,0,-1.000,1.000,1.000000,3519.734863281,6052.851074219,10168.515625000,6580.367187500,250.990386963,336.837860107
Pyr,BF04DDE0AD58478F833CB925287288AE,2025-10-07T08:36:00.000Z,200.000000,300.000000,100.000000,0.000000,0.000000,1.000000,512,16,120.976,23.963,0.406148,341.883753,630.878988,85.275015,0,-1.000,1.000,1.000000,3535.865722656,6091.621093750,10256.205078125,6627.897460938,256.230255127,342.697814941
Pyr,BF04DDE0AD58478F833CB925287288AE,2025-10-07T08:38:00.000Z,200.000000,300.000000,100.000000,0.000000,0.000000,1.000000,512,16,121.389,24.288,0.411323,347.904698,635.634030,86.079272,0,-1.000,1.000,1.000000,3551.393310547,6129.482421875,10342.766601562,6674.547363281,261.450683594,348.526824951
Pyr,BF04DDE0AD58478F833CB925287288AE,2025-10-07T08:40:00.000Z,200.000000,300.000000,100.000000,0.000000,0.000000,1.000000,512,16,121.804,24.611,0.416462,353.892898,640.276077,86.871504,0,-1.000,1.000,1.000000,3566.984863281,6166.004394531,10416.605468750,6716.531250000,266.650360107,354.274230957
Pyr,BF04DDE0AD58478F833CB925287288AE,2025-10-07T08:42:00.000Z,200.000000,300.000000,100.000000,0.000000,0.000000,1.000000,512,16,122.222,24.933,0.421564,359.847303,644.808190,87.651930,0,-1.000,1.000,1.000000,3583.359130859,6202.430664062,10489.501953125,6758.430664062,271.828033447,359.998535156
Pyr,BF04DDE0AD58478F833CB925287288AE,2025-10-07T08:44:00.000Z,200.000000,300.000000,100.000000,0.000000,0.000000,1.000000,512,16,122.642,25.254,0.426630,365.767313,649.233644,88.420817,0,-1.000,1.000,1.000000,3599.083496094,6238.632812500,10570.091796875,6802.602539062,276.982818604,365.729583740
Pyr,BF04DDE0AD58478F833CB925287288AE,2025-10-07T08:46:00.000Z,200.000000,300.000000,100.000000,0.000000,0.000000,1.000000,512,16,123.277,25.732,0.434160,374.580364,655.677814,89.552906,0,-1.000,1.000,1.000000,3622.586425781,6294.697265625,10688.085937500,6868.457031250,284.669250488,374.275146484
Pyr,BF04DDE0AD58478F833CB925287288AE,2025-10-07T08:48:00.000Z,200.000000,300.000000,100.000000,0.000000,0.000000,1.000000,512,16,123.703,26.049,0.439133,380.410030,659.848818,90.293792,0,-1.000,1.000,1.000000,3638.122802734,6330.041015625,10758.868164062,6909.010742188,289.761627197,379.896575928
Pyr,BF04DDE0AD58478F833CB925287288AE,2025-10-07T08:50:00.000Z,200.000000,300.000000,100.000000,0.000000,0.000000,1.000000,512,16,124.132,26.364,0.444068,386.201980,663.922749,91.023810,0,-1.000,1.000,1.000000,3654.349609375,6366.195800781,10829.080078125,6949.875000000,294.827148438,385.495208740
Pyr,BF04DDE0AD58478F833CB925287288AE,2025-10-07T08:52:00.000Z,200.000000,300.000000,100.000000,0.000000,0.000000,1.000000,512,16,124.564,26.677,0.448965,391.955640,667.902361,91.743172,0,-1.000,1.000,1.000000,3669.931152344,6400.892089844,10903.219726562,6991.347656250,299.865020752,391.074157715
Pyr,BF04DDE0AD58478F833CB925287288AE,2025-10-07T08:54:00.000Z,200.000000,300.000000,100.000000,0.000000,0.000000,1.000000,512,16,124.998,26.989,0.453823,397.670004,671.790002,92.452029,0,-1.000,1.000,1.000000,3684.320556641,6434.483886719,10977.939453125,7032.248046875,304.874053955,396.616760254
Pyr,BF04DDE0AD58478F833CB925287288AE,2025-10-07T08:56:00.000Z,200.000000,300.000000,100.000000,0.000000,0.000000,1.000000,512,16,125.435,27.300,0.458643,403.344684,675.588344,93.150595,0,-1.000,1.000,1.000000,3698.626953125,6467.480957031,11050.962890625,7072.357421875,309.853698730,402.119689941
Pyr,BF04DDE0AD58478F833CB925287288AE,2025-10-07T08:58:00.000Z,200.000000,300.000000,100.000000,0.000000,0.000000,1.000000,512,16,125.875,27.608,0.463422,408.978447,679.299391,93.838973,0,-1.000,1.000,1.000000,3713.569335938,6500.912597656,11114.992187500,7109.825195312,314.802551270,407.557342529
Pyr,BF04DDE0AD58478F833CB925287288AE,2025-10-07T09:00:00.000Z,200.000000,300.000000,100.000000,0.000000,0.000000,1.000000,512,16,126.317,27.915,0.468162,414.570813,682.925563,94.517349,0,-1.000,1.000,1.000000,3728.340332031,6533.895507812,11182.003906250,7148.080078125,319.719940186,412.973785400
Pyr,BF04DDE0AD58478F833CB925287288AE,2025-10-07T09:02:00.000Z,200.000000,300.000000,100.000000,0.000000,0.000000,1.000000,512,16,126.539,28.068,0.470517,417.351247,684.707502,94.852832,0,-1.000,1.000,1.000000,3735.292480469,6550.772949219,11214.380859375,7166.815917969,322.166625977,415.664916992
Pyr,BF04DDE0AD58478F833CB925287288AE,2025-10-07T09:04:00.000Z,200.000000,300.000000,100.000000,0.000000,0.000000,1.000000,512,16,126.986,28.372,0.475197,422.880237,688.210443,95.516487,0,-1.000,1.000,1.000000,3749.547119141,6583.392089844,11287.748046875,7206.895507812,327.035369873,421.056518555
Pyr,BF04DDE0AD58478F833CB925287288AE,2025-10-07T09:06:00.000Z,200.000000,300.000000,100.000000,0.000000,0.000000,1.000000,512,16,127.435,28.675,0.479836,428.366036,691.633775,96.170493,0,-1.000,1.000,1.000000,3763.205078125,6614.975585938,11356.510742188,7244.897460938,331.870544434,426.387481689
Pyr,BF04DDE0AD58478F833CB925287288AE,2025-10-07T09:08:00.000Z,200.000000,300.000000,100.000000,0.000000,0.000000,1.000000,512,16,127.888,28.975,0.484433,433.807689,694.979318,96.814951,0,-1.000,1.000,1.000000,3777.330078125,6647.082519531,11431.314453125,7285.242187500,336.671020508,431.714294434
Pyr,BF04DDE0AD58478F833CB925287288AE,2025-10-07T09:10:00.000Z,200.000000,300.000000,100.000000,0.000000,0.000000,1.000000,512,16,128.343,29.274,0.488990,439.205022,698.249295,97.450045,0,-1.000,1.000,1.000000,3790.796875000,6678.272460938,11501.610351562,7323.560546875,341.436553955,436.979736328
Pyr,BF04DDE0AD58478F833CB925287288AE,2025-10-07T09:12:00.000Z,200.000000,300.000000,100.000000,0.000000,0.000000,1.000000,512,16,128.802,29.571,0.493504,444.557085,701.445381,98.075862,0,-1.000,1.000,1.000000,3804.034179688,6707.047851562,11567.243164062,7359.442382812,346.166107178,442.177398682
Pyr,BF04DDE0AD58478F833CB925287288AE,2025-10-07T09:14:00.000Z,200.000000,300.000000,100.000000,0.000000,0.000000,1.000000,512,16,129.263,29.866,0.497976,449.863433,704.569481,98.692541,0,-1.000,1.000,1.000000,3817.315673828,6737.365234375,11623.741210938,7392.807617188,350.858978271,447.305541992
Pyr,BF04DDE0AD58478F833CB925287288AE,2025-10-07T09:16:00.000Z,200.000000,300.000000,100.000000,0.000000,0.000000,1.000000,512,16,129.960,30.305,0.504605,457.735519,709.124220,99.600624,0,-1.000,1.000,1.000000,3836.319335938,6780.004882812,11708.644531250,7441.656738281,357.827758789,454.911621094
Pyr,BF04DDE0AD58478F833CB925287288AE,2025-10-07T09:18:00.000Z,200.000000,300.000000,100.000000,0.000000,0.000000,1.000000,512,16,130.429,30.595,0.508971,462.924504,712.075589,100.194888,0,-1.000,1.000,1.000000,3848.858398438,6808.932128906,11768.416015625,7475.402343750,362.425567627,459.949676514
Pyr,BF04DDE0AD58478F833CB925287288AE,2025-10-07T09:20:00.000Z,200.000000,300.000000,100.000000,0.000000,0.000000,1.000000,512,16,130.901,30.883,0.513293,468.065352,714.960619,100.780350,0,-1.000,1.000,1.000000,3861.620117188,6837.857421875,11837.681640625,7512.386718750,366.984100342,464.990692139
Pyr,BF04DDE0AD58478F833CB925287288AE,2025-10-07T09:22:00.000Z,200.000000,300.000000,100.000000,0.000000,0.000000,1.000000,512,16,131.376,31.169,0.517571,473.157801,717.781026,101.357141,0,-1.000,1.000,1.000000,3874.236328125,6866.023437500,11904.419921875,7548.226562500,371.502838135,469.976989746
Pyr,BF04DDE0AD58478F833CB925287288AE,2025-10-07T09:24:00.000Z,200.000000,300.000000,100.000000,0.000000,0.000000,1.000000,512,16,131.854,31.453,0.521806,478.201266,720.538287,101.925350,0,-1.000,1.000,1.000000,3886.320556641,6893.792968750,11967.202148438,7582.438476562,375.981079102,474.901580811
Pyr,BF04DDE0AD58478F833CB925287288AE,2025-10-07T09:26:00.000Z,200.000000,300.000000,100.000000,0.000000,0.000000,1.000000,512,16,132.336,31.735,0.525996,483.194911,723.233686,102.485034,0,-1.000,1.000,1.000000,3898.200927734,6921.956542969,12028.095703125,7616.084960938,380.418060303,479.777496338
Pyr,BF04DDE0AD58478F833CB925287288AE,2025-10-07T09:28:00.000Z,200.000000,300.000000,100.000000,0.000000,0.000000,1.000000,512,16,132.820,32.015,0.530141,488.138220,725.868632,103.036280,0,-1.000,1.000,1.000000,3909.942382812,6949.268066406,12088.047851562,7649.086425781,384.813079834,484.603057861
Pyr,BF04DDE0AD58478F833CB925287288AE,2025-10-07T09:30:00.000Z,200.000000,300.000000,100.000000,0.000000,0.000000,1.000000,512,16,133.308,32.293,0.534242,493.030997,728.444651,103.579208,0,-1.000,1.000,1.000000,3921.627441406,6976.639648438,12147.793945312,7682.020507812,389.165802002,489.385437012
Pyr,BF04DDE0AD58478F833CB925287288AE,2025-10-07T09:32:00.000Z,200.000000,300.000000,100.000000,0.000000,0.000000,1.000000,512,16,133.553,32.430,0.536275,495.458169,729.710916,103.847564,0,-1.000,1.000,1.000000,3927.199218750,6989.562988281,12174.771484375,7697.177734375,391.326049805,491.743438721
Pyr,BF04DDE0AD58478F833CB925287288AE,2025-10-07T09:34:00.000Z,200.000000,300.000000,100.000000,0.000000,0.000000,1.000000,512,16,134.046,32.705,0.540308,500.273673,732.200707,104.378102,0,-1.000,1.000,1.000000,3939.144531250,7016.114257812,12227.766601562,7727.675292969,395.613830566,496.429077148
Pyr,BF04DDE0AD58478F833CB925287288AE,2025-10-07T09:36:00.000Z,200.000000,300.000000,100.000000,0.000000,0.000000,1.000000,512,16,134.542,32.976,0.544295,505.037215,734.634668,104.900491,0,-1.000,1.000,1.000000,3950.863769531,7042.655761719,12275.496093750,7756.338867188,399.857849121,501.047058105
Pyr,BF04DDE0AD58478F833CB925287288AE,2025-10-07T09:38:00.000Z,200.000000,300.000000,100.000000,0.000000,0.000000,1.000000,512,16,135.041,33.246,0.548236,509.748119,737.013906,105.414784,0,-1.000,1.000,1.000000,3962.477294922,7068.215820312,12324.563476562,7785.085937500,404.057220459,505.621459961
Pyr,BF04DDE0AD58478F833CB925287288AE,2025-10-07T09:40:00.000Z,200.000000,300.000000,100.000000,0.000000,0.000000,1.000000,512,16,135.544,33.513,0.552130,514.405723,739.339496,105.921026,0,-1.000,1.000,1.000000,3973.875976562,7093.760742188,12375.218750000,7814.285156250,408.211303711,510.156463623
Pyr,BF04DDE0AD58478F833CB925287288AE,2025-10-07T09:42:00.000Z,200.000000,300.000000,100.000000,0.000000,0.000000,1.000000,512,16,136.050,33.778,0.555978,519.010113,741.612840,106.419344,0,-1.000,1.000,1.000000,3984.434570312,7118.474609375,12425.750976562,7842.886718750,412.320129395,514.638427734
Pyr,BF04DDE0AD58478F833CB925287288AE,2025-10-07T09:44:00.000Z,200.000000,300.000000,100.000000,0.000000,0.000000,1.000000,512,16,136.559,34.040,0.559778,523.560258,743.834747,106.909738,0,-1.000,1.000,1.000000,3995.027832031,7144.179687500,12474.608398438,7871.271972656,416.382507324,519.071105957
Pyr,BF04DDE0AD58478F833CB925287288AE,2025-10-07T09:46:00.000Z,200.000000,300.000000,100.000000,0.000000,0.000000,1.000000,512,16,137.330,34.429,0.565391,530.283244,747.073688,107.630651,0,-1.000,1.000,1.000000,4010.948730469,7179.443359375,12551.513671875,7913.968750000,422.388519287,525.634155273
Pyr,BF04DDE0AD58478F833CB925287288AE,2025-10-07T09:48:00.000Z,200.000000,300.000000,100.000000,0.000000,0.000000,1.000000,512,16,137.848,34.686,0.569073,534.696305,749.171784,108.101542,0,-1.000,1.000,1.000000,4021.133300781,7203.344238281,12602.093750000,7942.190429688,426.333282471,529.947082520
Pyr,BF04DDE0AD58478F833CB925287288AE,2025-10-07T09:50:00.000Z,200.000000,300.000000,100.000000,0.000000,0.000000,1.000000,512,16,138.369,34.939,0.572707,539.053688,751.222045,108.564720,0,-1.000,1.000,1.000000,4031.601562500,7225.856445312,12648.794921875,7968.750976562,430.229949951,534.190307617
Pyr,BF04DDE0AD58478F833CB925287288AE,2025-10-07T09:52:00.000Z,200.000000,300.000000,100.000000,0.000000,0.000000,1.000000,512,16,138.894,35.190,0.576293,543.355153,753.225499,109.020253,0,-1.000,1.000,1.000000,4041.574707031,7247.806640625,12701.028320312,7996.803710938,434.078399658,538.404724121
Pyr,BF04DDE0AD58478F833CB925287288AE,2025-10-07T09:54:00.000Z,200.000000,300.000000,100.000000,0.000000,0.000000,1.000000,512,16,139.423,35.439,0.579830,547.599820,755.182841,109.468143,0,-1.000,1.000,1.000000,4051.731201172,7271.081054688,12748.540039062,8023.784179688,437.877624512,542.555908203
Pyr,BF04DDE0AD58478F833CB925287288AE,2025-10-07T09:56:00.000Z,200.000000,300.000000,100.000000,0.000000,0.000000,1.000000,512,16,139.955,35.684,0.583319,551.787928,757.095251,109.908505,0,-1.000,1.000,1.000000,4061.027832031,7291.713867188,12797.392578125,8050.044921875,441.627746582,546.648620605
Pyr,BF04DDE0AD58478F833CB925287288AE,2025-10-07T09:58:00.000Z,200.000000,300.000000,100.000000,0.000000,0.000000,1.000000,512,16,140.490,35.927,0.586758,555.918235,758.963197,110.341295,0,-1.000,1.000,1.000000,4070.743164062,7313.083496094,12842.558593750,8075.461914062,445.327636719,550.680114746
Pyr,BF04DDE0AD58478F833CB925287288AE,2025-10-07T10:00:00.000Z,200.000000,300.000000,100.000000,0.000000,0.000000,1.000000,512,16,141.029,36.168,0.590148,559.991198,760.787891,110.766646,0,-1.000,1.000,1.000000,4080.257812500,7334.260253906,12889.048828125,8101.189453125,448.977630615,554.665771484
Pyr,BF04DDE0AD58478F833CB925287288AE,2025-10-07T10:02:00.000Z,200.000000,300.000000,100.000000,0.000000,0.000000,1.000000,512,16,141.300,36.287,0.591825,562.005943,761.684219,110.976532,0,-1.000,1.000,1.000000,4084.568603516,7344.431640625,12912.109375000,8113.703613281,450.783569336,556.634948730
Pyr,BF04DDE0AD58478F833CB925287288AE,2025-10-07T10:04:00.000Z,200.000000,300.000000,100.000000,0.000000,0.000000,1.000000,512,16,141.844,36.523,0.595140,565.991362,763.445162,111.390715,0,-1.000,1.000,1.000000,4093.201171875,7365.232910156,12958.870117188,8139.101562500,454.357116699,560.539855957
Pyr,BF04DDE0AD58478F833CB925287288AE,2025-10-07T10:06:00.000Z,200.000000,300.000000,100.000000,0.000000,0.000000,1.000000,512,16,142.392,36.756,0.598406,569.918001,765.164586,111.797507,0,-1.000,1.000,1.000000,4102.461914062,7385.192871094,13005.873046875,8164.509765625,457.879211426,564.393432617
Pyr,BF04DDE0AD58478F833CB925287288AE,2025-10-07T10:08:00.000Z,200.000000,300.000000,100.000000,0.000000,0.000000,1.000000,512,16,142.943,36.986,0.601621,573.785321,766.843156,112.196928,0,-1.000,1.000,1.000000,4111.319335938,7404.822265625,13051.964843750,8189.369140625,461.349273682,568.187805176
Pyr,BF04DDE0AD58478F833CB925287288AE,2025-10-07T10:10:00.000Z,200.000000,300.000000,100.000000,0.000000,0.000000,1.000000,512,16,143.498,37.213,0.604787,577.593560,768.481842,112.589074,0,-1.000,1.000,1.000000,4119.960937500,7424.068359375,13099.522460938,8214.517578125,464.767517090,571.934082031
Pyr,BF04DDE0AD58478F833CB925287288AE,2025-10-07T10:12:00.000Z,200.000000,300.000000,100.000000,0.000000,0.000000,1.000000,512,16,144.057,37.438,0.607901,581.341750,770.081071,112.973916,0,-1.000,1.000,1.000000,4128.175292969,7443.169921875,13142.779296875,8238.041015625,468.132965088,575.606445312
Pyr,BF04DDE0AD58478F833CB925287288AE,2025-10-07T10:14:00.000Z,200.000000,300.000000,100.000000,0.000000,0.000000,1.000000,512,16,144.619,37.659,0.610964,585.029638,771.641553,113.351497,0,-1.000,1.000,1.000000,4136.854980469,7461.218750000,13187.558593750,8261.877929688,471.445373535,579.229858398
Pyr,BF04DDE0AD58478F833CB925287288AE,2025-10-07T10:16:00.000Z,200.000000,300.000000,100.000000,0.000000,0.000000,1.000000,512,16,145.469,37.986,0.615463,590.447854,773.911118,113.904339,0,-1.000,1.000,1.000000,4149.893554688,7488.695312500,13249.064453125,8295.884765625,476.313781738,584.541870117
Pyr,BF04DDE0AD58478F833CB925287288AE,2025-10-07T10:18:00.000Z,200.000000,300.000000,100.000000,0.000000,0.000000,1.000000,512,16,146.040,38.199,0.618398,593.983666,775.377584,114.263913,0,-1.000,1.000,1.000000,4158.251953125,7507.621093750,13292.236328125,8319.369140625,479.491973877,588.026489258
Pyr,BF04DDE0AD58478F833CB925287288AE,2025-10-07T10:20:00.000Z,200.000000,300.000000,100.000000,0.000000,0.000000,1.000000,512,16,146.614,38.410,0.621281,597.458130,776.807527,114.616339,0,-1.000,1.000,1.000000,4165.965332031,7524.189453125,13335.570312500,8341.908203125,482.615997314,591.444519043
Pyr,BF04DDE0AD58478F833CB925287288AE,2025-10-07T10:22:00.000Z,200.000000,300.000000,100.000000,0.000000,0.000000,1.000000,512,16,147.192,38.617,0.624113,600.870837,778.201485,114.961635,0,-1.000,1.000,1.000000,4174.202148438,7540.973632812,13379.191406250,8364.789062500,485.685302734,594.812316895
Pyr,BF04DDE0AD58478F833CB925287288AE,2025-10-07T10:24:00.000Z,200.000000,300.000000,100.000000,0.000000,0.000000,1.000000,512,16,147.774,38.821,0.626891,604.221388,779.559983,115.299817,0,-1.000,1.000,1.000000,4181.927734375,7557.946289062,13421.732421875,8387.201171875,488.699523926,598.118957520
Pyr,BF04DDE0AD58478F833CB925287288AE,2025-10-07T10:26:00.000Z,200.000000,300.000000,100.000000,0.000000,0.000000,1.000000,512,16,148.359,39.022,0.629618,607.509642,780.883625,115.630925,0,-1.000,1.000,1.000000,4189.491210938,7574.355468750,13459.693359375,8407.847656250,491.658508301,601.347290039
Pyr,BF04DDE0AD58478F833CB925287288AE,2025-10-07T10:28:00.000Z,200.000000,300.000000,100.000000,0.000000,0.000000,1.000000,512,16,148.948,39.219,0.632292,610.735211,782.172897,115.954974,0,-1.000,1.000,1.000000,4196.799804688,7590.681640625,13497.921875000,8428.467773438,494.561798096,604.519592285
Pyr,BF04DDE0AD58478F833CB925287288AE,2025-10-07T10:30:00.000Z,200.000000,300.000000,100.000000,0.000000,0.000000,1.000000,512,16,149.540,39.414,0.634913,613.897777,783.428294,116.271982,0,-1.000,1.000,1.000000,4204.518554688,7606.564453125,13535.919921875,8449.001953125,497.409118652,607.634765625
Pyr,BF04DDE0AD58478F833CB925287288AE,2025-10-07T10:32:00.000Z,200.000000,300.000000,100.000000,0.000000,0.000000,1.000000,512,16,149.838,39.509,0.636204,615.455201,784.043386,116.427838,0,-1.000,1.000,1.000000,4207.808593750,7613.477050781,13554.627929688,8458.638671875,498.811553955,609.162963867
Pyr,BF04DDE0AD58478F833CB925287288AE,2025-10-07T10:34:00.000Z,200.000000,300.000000,100.000000,0.000000,0.000000,1.000000,512,16,150.435,39.698,0.638746,618.522811,785.248913,116.734333,0,-1.000,1.000,1.000000,4214.968261719,7629.054687500,13594.119140625,8479.380859375,501.574340820,612.196350098
Pyr,BF04DDE0AD58478F833CB925287288AE,2025-10-07T10:36:00.000Z,200.000000,300.000000,100.000000,0.000000,0.000000,1.000000,512,16,151.036,39.884,0.641234,621.526614,786.421716,117.033828,0,-1.000,1.000,1.000000,4221.669433594,7643.854980469,13630.984375000,8498.835937500,504.280303955,615.156127930
Pyr,BF04DDE0AD58478F833CB925287288AE,2025-10-07T10:38:00.000Z,200.000000,300.000000,100.000000,0.000000,0.000000,1.000000,512,16,151.641,40.066,0.643669,624.466434,787.562280,117.326351,0,-1.000,1.000,1.000000,4228.608398438,7658.774902344,13668.432617188,8518.605468750,506.929168701,618.062866211
Pyr,BF04DDE0AD58478F833CB925287288AE,2025-10-07T10:40:00.000Z,200.000000,300.000000,100.000000,0.000000,0.000000,1.000000,512,16,152.248,40.244,0.646050,627.341666,788.670906,117.611886,0,-1.000,1.000,1.000000,4235.366210938,7673.163085938,13702.453125000,8536.995117188,509.520477295,620.894104004
Pyr,BF04DDE0AD58478F833CB925287288AE,2025-10-07T10:42:00.000Z,200.000000,300.000000,100.000000,0.000000,0.000000,1.000000,512,16,152.860,40.419,0.648377,630.152690,789.748260,117.890513,0,-1.000,1.000,1.000000,4241.265625000,7686.940917969,13733.951171875,8554.052734375,512.054382324,623.650573730
Pyr,BF04DDE0AD58478F833CB925287288AE,2025-10-07T10:44:00.000Z,200.000000,300.000000,100.000000,0.000000,0.000000,1.000000,512,16,153.474,40.591,0.650650,632.898906,790.794611,118.162214,0,-1.000,1.000,1.000000,4247.693847656,7700.535644531,13768.546875000,8572.257812500,514.530456543,626.364135742
Pyr,BF04DDE0AD58478F833CB925287288AE,2025-10-07T10:46:00.000Z,200.000000,300.000000,100.000000,0.000000,0.000000,1.000000,512,16,154.402,40.841,0.653958,636.896316,792.306908,118.556826,0,-1.000,1.000,1.000000,4256.602539062,7720.791015625,13813.108398438,8596.833984375,518.135375977,630.289672852
Pyr,BF04DDE0AD58478F833CB925287288AE,2025-10-07T10:48:00.000Z,200.000000,300.000000,100.000000,0.000000,0.000000,1.000000,512,16,155.025,41.003,0.656095,639.479255,793.277354,118.811258,0,-1.000,1.000,1.000000,4261.911132812,7733.868652344,13841.765625000,8612.515625000,520.465332031,632.824218750
Pyr,BF04DDE0AD58478F833CB925287288AE,2025-10-07T10:50:00.000Z,200.000000,300.000000,100.000000,0.000000,0.000000,1.000000,512,16,155.651,41.161,0.658178,641.996833,794.218209,119.058841,0,-1.000,1.000,1.000000,4268.120117188,7746.565917969,13868.309570312,8627.665039062,522.736694336,635.293212891
Pyr,BF04DDE0AD58478F833CB925287288AE,2025-10-07T10:52:00.000Z,200.000000,300.000000,100.000000,0.000000,0.000000,1.000000,512,16,156.280,41.316,0.660205,644.448397,795.129655,119.299547,0,-1.000,1.000,1.000000,4273.793457031,7759.206054688,13894.429687500,8642.476562500,524.948852539,637.698608398
Pyr,BF04DDE0AD58478F833CB925287288AE,2025-10-07T10:54:00.000Z,200.000000,300.000000,100.000000,0.000000,0.000000,1.000000,512,16,156.912,41.466,0.662178,646.833901,796.012088,119.533405,0,-1.000,1.000,1.000000,4279.684570312,7770.904296875,13916.852539062,8655.814453125,527.101806641,640.025573730
Pyr,BF04DDE0AD58478F833CB925287288AE,2025-10-07T10:56:00.000Z,200.000000,300.000000,100.000000,0.000000,0.000000,1.000000,512,16,157.547,41.613,0.664096,649.153055,796.865798,119.760419,0,-1.000,1.000,1.000000,4284.793945312,7782.608886719,13942.266601562,8669.889648438,529.195190430,642.302551270
Pyr,BF04DDE0AD58478F833CB925287288AE,2025-10-07T10:58:00.000Z,200.000000,300.000000,100.000000,0.000000,0.000000,1.000000,512,16,158.185,41.756,0.665958,651.405750,797.691126,119.980609,0,-1.000,1.000,1.000000,4290.030273438,7794.458007812,13963.336914062,8682.609375000,531.228881836,644.502197266
Pyr,BF04DDE0AD58478F833CB925287288AE,2025-10-07T11:00:00.000Z,200.000000,300.000000,100.000000,0.000000,0.000000,1.000000,512,16,158.827,41.895,0.667765,653.591811,798.488379,120.193988,0,-1.000,1.000,1.000000,4294.741699219,7805.521484375,13984.460937500,8694.908203125,533.202819824,646.636596680
Pyr,BF04DDE0AD58478F833CB925287288AE,2025-10-07T11:02:00.000Z,200.000000,300.000000,100.000000,0.000000,0.000000,1.000000,512,16,159.148,41.963,0.668648,654.659721,798.876539,120.298119,0,-1.000,1.000,1.000000,4297.339355469,7811.213378906,13994.412109375,8700.988281250,534.167175293,647.680297852
Pyr,BF04DDE0AD58478F833CB925287288AE,2025-10-07T11:04:00.000Z,200.000000,300.000000,100.000000,0.000000,0.000000,1.000000,512,16,159.794,42.096,0.670372,656.745283,799.632136,120.501282,0,-1.000,1.000,1.000000,4302.720703125,7822.043945312,14014.576171875,8713.114257812,536.050659180,649.721923828
Pyr,BF04DDE0AD58478F833CB925287288AE,2025-10-07T11:06:00.000Z,200.000000,300.000000,100.000000,0.000000,0.000000,1.000000,512,16,160.442,42.225,0.672040,658.763614,800.360301,120.697647,0,-1.000,1.000,1.000000,4307.355468750,7832.817871094,14034.000000000,8724.724609375,537.873718262,651.696472168
Pyr,BF04DDE0AD58478F833CB925287288AE,2025-10-07T11:08:00.000Z,200.000000,300.000000,100.000000,0.000000,0.000000,1.000000,512,16,161.093,42.350,0.673652,660.714588,801.061307,120.887226,0,-1.000,1.000,1.000000,4311.369140625,7841.133789062,14050.984375000,8734.496093750,539.636169434,653.586425781
Pyr,BF04DDE0AD58478F833CB925287288AE,2025-10-07T11:10:00.000Z,200.000000,300.000000,100.000000,0.000000,0.000000,1.000000,512,16,161.747,42.470,0.675207,662.597835,801.735329,121.070010,0,-1.000,1.000,1.000000,4316.142578125,7850.773437500,14070.132812500,8745.682617188,541.337646484,655.433837891
Pyr,BF04DDE0AD58478F833CB925287288AE,2025-10-07T11:12:00.000Z,200.000000,300.000000,100.000000,0.000000,0.000000,1.000000,512,16,162.404,42.587,0.676707,664.413693,802.382784,121.246054,0,-1.000,1.000,1.000000,4319.644531250,7860.164062500,14089.748046875,8756.519531250,542.978454590,657.216003418
Pyr,BF04DDE0AD58478F833CB925287288AE,2025-10-07T11:14:00.000Z,200.000000,300.000000,100.000000,0.000000,0.000000,1.000000,512,16,163.063,42.699,0.678151,666.161305,803.003647,121.415298,0,-1.000,1.000,1.000000,4324.470703125,7868.860839844,14106.684570312,8766.671875000,544.557739258,658.927734375
Pyr,BF04DDE0AD58478F833CB925287288AE,2025-10-07T11:16:00.000Z,200.000000,300.000000,100.000000,0.000000,0.000000,1.000000,512,16,164.056,42.860,0.680211,668.655425,803.885905,121.656529,0,-1.000,1.000,1.000000,4330.081054688,7881.568359375,14133.121093750,8781.589843750,546.811950684,661.376586914
Pyr,BF04DDE0AD58478F833CB925287288AE,2025-10-07T11:18:00.000Z,200.000000,300.000000,100.000000,0.000000,0.000000,1.000000,512,16,164.721,42.962,0.681514,670.232992,804.441646,121.808924,0,-1.000,1.000,1.000000,4333.984863281,7889.437988281,14150.505859375,8791.309570312,548.237915039,662.929321289
Pyr,BF04DDE0AD58478F833CB925287288AE,2025-10-07T11:20:00.000Z,200.000000,300.000000,100.000000,0.000000,0.000000,1.000000,512,16,165.388,43.060,0.682760,671.741814,804.971511,121.954544,0,-1.000,1.000,1.000000,4337.809570312,7897.223144531,14166.648437500,8800.560546875,549.601928711,664.414062500
Pyr,BF04DDE0AD58478F833CB925287288AE,2025-10-07T11:22:00.000Z,200.000000,300.000000,100.000000,0.000000,0.000000,1.000000,512,16,166.058,43.153,0.683949,673.182302,805.475872,122.093447,0,-1.000,1.000,1.000000,4340.825195312,7903.792968750,14178.951171875,8807.857421875,550.904357910,665.811645508
Pyr,BF04DDE0AD58478F833CB925287288AE,2025-10-07T11:24:00.000Z,200.000000,300.000000,100.000000,0.000000,0.000000,1.000000,512,16,166.729,43.242,0.685081,674.554031,805.954797,122.225609,0,-1.000,1.000,1.000000,4344.381835938,7910.868164062,14195.747070312,8817.000000000,552.144592285,667.171142578
Pyr,BF04DDE0AD58478F833CB925287288AE,2025-10-07T11:26:00.000Z,200.000000,300.000000,100.000000,0.000000,0.000000,1.000000,512,16,167.403,43.327,0.686157,675.857157,806.408546,122.351063,0,-1.000,1.000,1.000000,4347.517089844,7917.526367188,14208.099609375,8824.380859375,553.322998047,668.445861816
Pyr,BF04DDE0AD58478F833CB925287288AE,2025-10-07T11:28:00.000Z,200.000000,300.000000,100.000000,0.000000,0.000000,1.000000,512,16,168.079,43.407,0.687176,677.091296,806.837176,122.469786,0,-1.000,1.000,1.000000,4350.346679688,7924.334472656,14222.166015625,8832.283203125,554.439025879,669.664978027
Pyr,BF04DDE0AD58478F833CB925287288AE,2025-10-07T11:30:00.000Z,200.000000,300.000000,100.000000,0.000000,0.000000,1.000000,512,16,168.756,43.483,0.688137,678.256170,807.240776,122.581767,0,-1.000,1.000,1.000000,4353.358886719,7930.959960938,14233.530273438,8839.283203125,555.492553711,670.809814453
Pyr,BF04DDE0AD58478F833CB925287288AE,2025-10-07T11:32:00.000Z,200.000000,300.000000,100.000000,0.000000,0.000000,1.000000,512,16,169.095,43.519,0.688597,678.812964,807.433359,122.635266,0,-1.000,1.000,1.000000,4354.006835938,7932.467285156,14238.306640625,8841.594726562,555.996154785,671.343627930
Pyr,BF04DDE0AD58478F833CB925287288AE,2025-10-07T11:34:00.000Z,200.000000,300.000000,100.000000,0.000000,0.000000,1.000000,512,16,169.775,43.588,0.689473,679.874240,807.799834,122.737188,0,-1.000,1.000,1.000000,4356.513183594,7938.124511719,14248.979492188,8847.873046875,556.956054688,672.385375977
Pyr,BF04DDE0AD58478F833CB925287288AE,2025-10-07T11:36:00.000Z,200.000000,300.000000,100.000000,0.000000,0.000000,1.000000,512,16,170.457,43.653,0.690292,680.866358,808.141723,122.832412,0,-1.000,1.000,1.000000,4358.976562500,7942.749023438,14258.958984375,8853.560546875,557.853454590,673.356994629
Pyr,BF04DDE0AD58478F833CB925287288AE,2025-10-07T11:38:00.000Z,200.000000,300.000000,100.000000,0.000000,0.000000,1.000000,512,16,171.140,43.714,0.691053,681.789058,808.459082,122.920924,0,-1.000,1.000,1.000000,4360.926757812,7947.873046875,14267.281250000,8858.694335938,558.688232422,674.258789062
Pyr,BF04DDE0AD58478F833CB925287288AE,2025-10-07T11:40:00.000Z,200.000000,300.000000,100.000000,0.000000,0.000000,1.000000,512,16,171.825,43.769,0.691757,682.642419,808.752070,123.002743,0,-1.000,1.000,1.000000,4362.812500000,7951.502929688,14274.269531250,8862.861328125,559.460144043,675.085021973
Pyr,BF04DDE0AD58478F833CB925287288AE,2025-10-07T11:42:00.000Z,200.000000,300.000000,100.000000,0.000000,0.000000,1.000000,512,16,172.510,43.821,0.692404,683.426331,809.020775,123.077867,0,-1.000,1.000,1.000000,4364.764648438,7955.488281250,14283.796875000,8868.017578125,560.169372559,675.861511230
Pyr,BF04DDE0AD58478F833CB925287288AE,2025-10-07T11:44:00.000Z,200.000000,300.000000,100.000000,0.000000,0.000000,1.000000,512,16,173.197,43.868,0.692993,684.140496,809.265206,123.146277,0,-1.000,1.000,1.000000,4366.198242188,7958.808593750,14290.641601562,8871.882812500,560.815490723,676.558105469
Pyr,BF04DDE0AD58478F833CB925287288AE,2025-10-07T11:46:00.000Z,200.000000,300.000000,100.000000,0.000000,0.000000,1.000000,512,16,174.230,43.929,0.693770,685.081271,809.586665,123.236352,0,-1.000,1.000,1.000000,4369.210937500,7964.408203125,14300.418945312,8878.013671875,561.666687012,677.489257812
Pyr,BF04DDE0AD58478F833CB925287288AE,2025-10-07T11:48:00.000Z,200.000000,300.000000,100.000000,0.000000,0.000000,1.000000,512,16,174.919,43.965,0.694215,685.621362,809.770940,123.288041,0,-1.000,1.000,1.000000,4369.676757812,7966.703125000,14304.541015625,8880.307617188,562.155395508,678.007873535
Pyr,BF04DDE0AD58478F833CB925287288AE,2025-10-07T11:50:00.000Z,200.000000,300.000000,100.000000,0.000000,0.000000,1.000000,512,16,175.609,43.996,0.694603,686.091483,809.931180,123.333021,0,-1.000,1.000,1.000000,4370.926757812,7969.352539062,14311.393554688,8883.891601562,562.580749512,678.479980469
Pyr,BF04DDE0AD58478F833CB925287288AE,2025-10-07T11:52:00.000Z,200.000000,300.000000,100.000000,0.000000,0.000000,1.000000,512,16,176.300,44.022,0.694934,686.491971,810.067568,123.371328,0,-1.000,1.000,1.000000,4372.371093750,7971.641113281,14315.230468750,8886.414062500,562.943176270,678.875366211
Pyr,BF04DDE0AD58478F833CB925287288AE,2025-10-07T11:54:00.000Z,200.000000,300.000000,100.000000,0.000000,0.000000,1.000000,512,16,176.992,44.044,0.695206,686.822740,810.180130,123.402961,0,-1.000,1.000,1.000000,4372.615234375,7972.589843750,14318.035156250,8887.747070312,563.242431641,679.191955566
Pyr,BF04DDE0AD58478F833CB925287288AE,2025-10-07T11:56:00.000Z,200.000000,300.000000,100.000000,0.000000,0.000000,1.000000,512,16,177.684,44.061,0.695422,687.083455,810.268801,123.427889,0,-1.000,1.000,1.000000,4373.569335938,7974.432617188,14322.445312500,8890.149414062,563.478393555,679.459289551
Pyr,BF04DDE0AD58478F833CB925287288AE,2025-10-07T11:58:00.000Z,200.000000,300.000000,100.000000,0.000000,0.000000,1.000000,512,16,178.376,44.073,0.695579,687.274118,810.333617,123.446118,0,-1.000,1.000,1.000000,4374.264648438,7975.295898438,14321.806640625,8890.457031250,563.650939941,679.635864258
Pyr,BF04DDE0AD58478F833CB925287288AE,2025-10-07T12:00:00.000Z,200.000000,300.000000,100.000000,0.000000,0.000000,1.000000,512,16,179.069,44.081,0.695679,687.395234,810.374778,123.457696,0,-1.000,1.000,1.000000,4373.580566406,7975.086914062,14324.771484375,8891.146484375,563.760498047,679.754394531
Pyr,BF04DDE0AD58478F833CB925287288AE,2025-10-07T12:02:00.000Z,200.000000,300.000000,100.000000,0.000000,0.000000,1.000000,512,16,179.415,44.084,0.695707,687.429264,810.386341,123.460949,0,-1.000,1.000,1.000000,4374.125976562,7975.852050781,14325.370117188,8891.783203125,563.791320801,679.793518066
Pyr,BF04DDE0AD58478F833CB925287288AE,2025-10-07T12:04:00.000Z,200.000000,300.000000,100.000000,0.000000,0.000000,1.000000,512,16,180.108,44.085,0.695720,687.445322,810.391798,123.462484,0,-1.000,1.000,1.000000,4374.643554688,7976.333496094,14323.744140625,8891.574218750,563.805847168,679.805297852
Pyr,BF04DDE0AD58478F833CB925287288AE,2025-10-07T12:06:00.000Z,200.000000,300.000000,100.000000,0.000000,0.000000,1.000000,512,16,180.801,44.081,0.695676,687.391465,810.373498,123.457336,0,-1.000,1.000,1.000000,4374.248046875,7975.501953125,14324.512695312,8891.420898438,563.757080078,679.754577637
Pyr,BF04DDE0AD58478F833CB925287288AE,2025-10-07T12:08:00.000Z,200.000000,300.000000,100.000000,0.000000,0.000000,1.000000,512,16,181.493,44.073,0.695574,687.267624,810.331410,123.445497,0,-1.000,1.000,1.000000,4374.053710938,7975.166503906,14323.861328125,8891.027343750,563.645080566,679.637451172
Pyr,BF04DDE0AD58478F833CB925287288AE,2025-10-07T12:10:00.000Z,200.000000,300.000000,100.000000,0.000000,0.000000,1.000000,512,16,182.186,44.060,0.695414,687.073712,810.265488,123.426958,0,-1.000,1.000,1.000000,4373.591796875,7974.336914062,14319.865234375,8889.265625000,563.469604492,679.438964844
Pyr,BF04DDE0AD58478F833CB925287288AE,2025-10-07T12:12:00.000Z,200.000000,300.000000,100.000000,0.000000,0.000000,1.000000,512,16,182.878,44.043,0.695196,686.810152,810.175848,123.401757,0,-1.000,1.000,1.000000,4372.388671875,7972.358398438,14318.830078125,8887.859375000,563.231079102,679.182067871
Pyr,BF04DDE0AD58478F833CB925287288AE,2025-10-07T12:14:00.000Z,200.000000,300.000000,100.000000,0.000000,0.000000,1.000000,512,16,183.569,44.021,0.694921,686.476419,810.062273,123.369841,0,-1.000,1.000,1.000000,4372.236816406,7971.311523438,14314.779296875,8886.109375000,562.929077148,678.857238770
Pyr,BF04DDE0AD58478F833CB925287288AE,2025-10-07T12:16:00.000Z,200.000000,300.000000,100.000000,0.000000,0.000000,1.000000,512,16,184.605,43.979,0.694400,685.845302,809.847288,123.309468,0,-1.000,1.000,1.000000,4370.077148438,7967.902832031,14307.386718750,8881.789062500,562.358032227,678.229858398
Pyr,BF04DDE0AD58478F833CB925287288AE,2025-10-07T12:18:00.000Z,200.000000,300.000000,100.000000,0.000000,0.000000,1.000000,512,16,185.295,43.946,0.693981,685.337237,809.674023,123.260851,0,-1.000,1.000,1.000000,4369.438476562,7965.433593750,14301.755859375,8878.876953125,561.898254395,677.732055664
Pyr,BF04DDE0AD58478F833CB925287288AE,2025-10-07T12:20:00.000Z,200.000000,300.000000,100.000000,0.000000,0.000000,1.000000,512,16,185.984,43.908,0.693504,684.759256,809.476701,123.205526,0,-1.000,1.000,1.000000,4367.475585938,7962.543945312,14295.996093750,8875.338867188,561.375366211,677.163024902
Pyr,BF04DDE0AD58478F833CB925287288AE,2025-10-07T12:22:00.000Z,200.000000,300.000000,100.000000,0.000000,0.000000,1.000000,512,16,186.672,43.866,0.692970,684.111642,809.255337,123.143514,0,-1.000,1.000,1.000000,4366.386718750,7959.044921875,14290.238281250,8871.890625000,560.789367676,676.532043457
Pyr,BF04DDE0AD58478F833CB925287288AE,2025-10-07T12:24:00.000Z,200.000000,300.000000,100.000000,0.000000,0.000000,1.000000,512,16,187.359,43.819,0.692378,683.394487,809.009867,123.074816,0,-1.000,1.000,1.000000,4365.274414062,7955.484863281,14282.812500000,8867.857421875,560.140563965,675.830627441
Pyr,BF04DDE0AD58478F833CB925287288AE,2025-10-07T12:26:00.000Z,200.000000,300.000000,100.000000,0.000000,0.000000,1.000000,512,16,188.044,43.767,0.691729,682.607693,808.740157,122.999414,0,-1.000,1.000,1.000000,4362.695800781,7951.859863281,14276.235351562,8863.596679688,559.428771973,675.063232422
Pyr,BF04DDE0AD58478F833CB925287288AE,2025-10-07T12:28:00.000Z,200.000000,300.000000,100.000000,0.000000,0.000000,1.000000,512,16,188.729,43.711,0.691022,681.751327,808.446116,122.917306,0,-1.000,1.000,1.000000,4360.876953125,7947.336425781,14265.712890625,8857.975585938,558.654052734,674.215209961
Pyr,BF04DDE0AD58478F833CB925287288AE,2025-10-07T12:30:00.000Z,200.000000,300.000000,100.000000,0.000000,0.000000,1.000000,512,16,189.412,43.651,0.690258,680.825730,808.127736,122.828514,0,-1.000,1.000,1.000000,4358.609375000,7942.785156250,14259.677734375,8853.691406250,557.816711426,673.321960449
Pyr,BF04DDE0AD58478F833CB925287288AE,2025-10-07T12:32:00.000Z,200.000000,300.000000,100.000000,0.000000,0.000000,1.000000,512,16,189.753,43.619,0.689855,680.336669,807.959274,122.781579,0,-1.000,1.000,1.000000,4357.682128906,7940.837402344,14253.449218750,8850.656250000,557.374328613,672.839965820
Pyr,BF04DDE0AD58478F833CB925287288AE,2025-10-07T12:34:00.000Z,200.000000,300.000000,100.000000,0.000000,0.000000,1.000000,512,16,190.433,43.551,0.689005,679.307002,807.604055,122.682720,0,-1.000,1.000,1.000000,4355.187500000,7935.525390625,14243.255859375,8844.656250000,556.442993164,671.830383301
Pyr,BF04DDE0AD58478F833CB925287288AE,2025-10-07T12:36:00.000Z,200.000000,300.000000,100.000000,0.000000,0.000000,1.000000,512,16,191.112,43.480,0.688098,678.207941,807.224085,122.577132,0,-1.000,1.000,1.000000,4353.178710938,7929.992187500,14233.632812500,8838.933593750,555.448913574,670.761657715
Pyr,BF04DDE0AD58478F833CB925287288AE,2025-10-07T12:38:00.000Z,200.000000,300.000000,100.000000,0.000000,0.000000,1.000000,512,16,191.790,43.404,0.687133,677.039904,806.819349,122.464844,0,-1.000,1.000,1.000000,4349.807128906,7923.267578125,14221.414062500,8831.496093750,554.392578125,669.608276367
Pyr,BF04DDE0AD58478F833CB925287288AE,2025-10-07T12:40:00.000Z,200.000000,300.000000,100.000000,0.000000,0.000000,1.000000,512,16,192.465,43.323,0.686112,675.802650,806.389590,122.345817,0,-1.000,1.000,1.000000,4347.147460938,7917.854492188,14207.611328125,8824.205078125,553.273681641,668.394287109
Pyr,BF04DDE0AD58478F833CB925287288AE,2025-10-07T12:42:00.000Z,200.000000,300.000000,100.000000,0.000000,0.000000,1.000000,512,16,193.139,43.238,0.685034,674.496632,805.934784,122.220081,0,-1.000,1.000,1.000000,4344.224609375,7910.567871094,14195.587890625,8816.793945312,552.092712402,667.116577148
Pyr,BF04DDE0AD58478F833CB925287288AE,2025-10-07T12:44:00.000Z,200.000000,300.000000,100.000000,0.000000,0.000000,1.000000,512,16,193.810,43.149,0.683899,673.121882,805.454746,122.087623,0,-1.000,1.000,1.000000,4341.105468750,7904.063964844,14180.211914062,8808.460937500,550.849731445,665.764892578
Pyr,BF04DDE0AD58478F833CB925287288AE,2025-10-07T12:46:00.000Z,200.000000,300.000000,100.000000,0.000000,0.000000,1.000000,512,16,194.814,43.007,0.682090,670.930878,804.686929,121.876295,0,-1.000,1.000,1.000000,4335.062011719,7892.990234375,14157.081054688,8795.044921875,548.868835449,663.609008789
Pyr,BF04DDE0AD58478F833CB925287288AE,2025-10-07T12:48:00.000Z,200.000000,300.000000,100.000000,0.000000,0.000000,1.000000,512,16,195.480,42.907,0.680813,669.384579,804.142990,121.726984,0,-1.000,1.000,1.000000,4332.034179688,7884.853515625,14142.058593750,8786.315429688,547.471069336,662.097351074
Pyr,BF04DDE0AD58478F833CB925287288AE,2025-10-07T12:50:00.000Z,200.000000,300.000000,100.000000,0.000000,0.000000,1.000000,512,16,196.143,42.803,0.679479,667.769726,803.573114,121.570906,0,-1.000,1.000,1.000000,4328.048828125,7877.396484375,14123.588867188,8776.345703125,546.011413574,660.507629395
Pyr,BF04DDE0AD58478F833CB925287288AE,2025-10-07T12:52:00.000Z,200.000000,300.000000,100.000000,0.000000,0.000000,1.000000,512,16,196.805,42.695,0.678090,666.086955,802.977278,121.408102,0,-1.000,1.000,1.000000,4324.037597656,7869.057617188,14105.724609375,8766.273437500,544.490539551,658.855346680
Pyr,BF04DDE0AD58478F833CB925287288AE,2025-10-07T12:54:00.000Z,200.000000,300.000000,100.000000,0.000000,0.000000,1.000000,512,16,197.464,42.582,0.676643,664.336012,802.355135,121.238527,0,-1.000,1.000,1.000000,4319.787109375,7859.719238281,14088.876953125,8756.128906250,542.908264160,657.140747070
Pyr,BF04DDE0AD58478F833CB925287288AE,2025-10-07T12:56:00.000Z,200.000000,300.000000,100.000000,0.000000,0.000000,1.000000,512,16,198.120,42.465,0.675141,662.517282,801.706552,121.062196,0,-1.000,1.000,1.000000,4316.034179688,7850.730468750,14071.775390625,8746.179687500,541.264831543,655.367492676
Pyr,BF04DDE0AD58478F833CB925287288AE,2025-10-07T12:58:00.000Z,200.000000,300.000000,100.000000,0.000000,0.000000,1.000000,512,16,198.774,42.344,0.673582,660.630673,801.031212,120.879077,0,-1.000,1.000,1.000000,4311.215820312,7840.685546875,14050.150390625,8734.018554688,539.560363770,653.504394531
Pyr,BF04DDE0AD58478F833CB925287288AE,2025-10-07T13:00:00.000Z,200.000000,300.000000,100.000000,0.000000,0.000000,1.000000,512,16,199.425,42.219,0.671968,658.676499,800.328934,120.689176,0,-1.000,1.000,1.000000,4306.740722656,7831.707519531,14034.161132812,8724.203125000,537.795043945,651.611022949
Pyr,BF04DDE0AD58478F833CB925287288AE,2025-10-07T13:02:00.000Z,200.000000,300.000000,100.000000,0.000000,0.000000,1.000000,512,16,199.749,42.155,0.671139,657.674273,799.967668,120.591695,0,-1.000,1.000,1.000000,4304.424804688,7826.626953125,14023.941406250,8718.331054688,536.889709473,650.629028320
Pyr,BF04DDE0AD58478F833CB925287288AE,2025-10-07T13:04:00.000Z,200.000000,300.000000,100.000000,0.000000,0.000000,1.000000,512,16,200.396,42.024,0.669441,655.619087,799.224519,120.391608,0,-1.000,1.000,1.000000,4299.258789062,7815.799804688,14003.976562500,8706.345703125,535.033569336,648.616577148
Pyr,BF04DDE0AD58478F833CB925287288AE,2025-10-07T13:06:00.000Z,200.000000,300.000000,100.000000,0.000000,0.000000,1.000000,512,16,201.040,41.889,0.667687,653.496834,798.453815,120.184723,0,-1.000,1.000,1.000000,4294.473632812,7805.344726562,13982.669921875,8694.162109375,533.117004395,646.541015625
Pyr,BF04DDE0AD58478F833CB925287288AE,2025-10-07T13:08:00.000Z,200.000000,300.000000,100.000000,0.000000,0.000000,1.000000,512,16,201.681,41.750,0.665877,651.307455,797.655194,119.971007,0,-1.000,1.000,1.000000,4289.774414062,7793.714843750,13961.314453125,8681.600585938,531.140197754,644.400390625
Pyr,BF04DDE0AD58478F833CB925287288AE,2025-10-07T13:10:00.000Z,200.000000,300.000000,100.000000,0.000000,0.000000,1.000000,512,16,202.319,41.607,0.664012,649.051605,796.828538,119.750495,0,-1.000,1.000,1.000000,4284.688476562,7782.793457031,13940.175781250,8669.218750000,529.103637695,642.202270508
Pyr,BF04DDE0AD58478F833CB925287288AE,2025-10-07T13:12:00.000Z,200.000000,300.000000,100.000000,0.000000,0.000000,1.000000,512,16,202.954,41.460,0.662091,646.729097,795.973411,119.523138,0,-1.000,1.000,1.000000,4279.355468750,7770.076171875,13916.704101562,8655.378906250,527.007202148,639.925292969
Pyr,BF04DDE0AD58478F833CB925287288AE,2025-10-07T13:14:00.000Z,200.000000,300.000000,100.000000,0.000000,0.000000,1.000000,512,16,203.586,41.309,0.660116,644.340282,795.089558,119.288940,0,-1.000,1.000,1.000000,4273.734375000,7758.745117188,13893.597656250,8642.025390625,524.851318359,637.595214844
Pyr,BF04DDE0AD58478F833CB925287288AE,2025-10-07T13:16:00.000Z,200.000000,300.000000,100.000000,0.000000,0.000000,1.000000,512,16,204.528,41.075,0.657050,640.633036,793.709153,118.924773,0,-1.000,1.000,1.000000,4264.977539062,7739.545898438,13854.550781250,8619.691406250,521.506225586,633.958740234
Pyr,BF04DDE0AD58478F833CB925287288AE,2025-10-07T13:18:00.000Z,200.000000,300.000000,100.000000,0.000000,0.000000,1.000000,512,16,205.152,40.915,0.654937,638.079558,792.752120,118.673434,0,-1.000,1.000,1.000000,4259.485351562,7726.422363281,13826.449218750,8604.119140625,519.202697754,631.452026367
Pyr,BF04DDE0AD58478F833CB925287288AE,2025-10-07T13:20:00.000Z,200.000000,300.000000,100.000000,0.000000,0.000000,1.000000,512,16,205.773,40.751,0.652770,635.460204,791.765062,118.415177,0,-1.000,1.000,1.000000,4253.080566406,7713.133789062,13796.070312500,8587.427734375,516.840209961,628.871826172
Pyr,BF04DDE0AD58478F833CB925287288AE,2025-10-07T13:22:00.000Z,200.000000,300.000000,100.000000,0.000000,0.000000,1.000000,512,16,206.391,40.583,0.650548,632.775750,790.747816,118.150040,0,-1.000,1.000,1.000000,4247.166015625,7700.199707031,13768.089843750,8571.818359375,514.419372559,626.247314453
Pyr,BF04DDE0AD58478F833CB925287288AE,2025-10-07T13:24:00.000Z,200.000000,300.000000,100.000000,0.000000,0.000000,1.000000,512,16,207.005,40.411,0.648272,630.026056,789.699864,117.877973,0,-1.000,1.000,1.000000,4240.864257812,7686.624511719,13733.095703125,8553.529296875,511.940277100,623.529602051
Pyr,BF04DDE0AD58478F833CB925287288AE,2025-10-07T13:26:00.000Z,200.000000,300.000000,100.000000,0.000000,0.000000,1.000000,512,16,207.616,40.236,0.645942,627.211842,788.620995,117.599005,0,-1.000,1.000,1.000000,4235.057617188,7672.829589844,13701.648437500,8536.512695312,509.403442383,620.770812988
Pyr,BF04DDE0AD58478F833CB925287288AE,2025-10-07T13:28:00.000Z,200.000000,300.000000,100.000000,0.000000,0.000000,1.000000,512,16,208.224,40.058,0.643558,624.332726,787.510560,117.313059,0,-1.000,1.000,1.000000,4228.322265625,7658.015625000,13667.078125000,8517.805664062,506.808746338,617.932006836
Pyr,BF04DDE0AD58478F833CB925287288AE,2025-10-07T13:30:00.000Z,200.000000,300.000000,100.000000,0.000000,0.000000,1.000000,512,16,208.828,39.875,0.641120,621.389492,786.368342,117.020170,0,-1.000,1.000,1.000000,4221.690429688,7642.793457031,13628.531250000,8497.671875000,504.156768799,615.017395020
Pyr,BF04DDE0AD58478F833CB925287288AE,2025-10-07T13:32:00.000Z,200.000000,300.000000,100.000000,0.000000,0.000000,1.000000,512,16,209.129,39.783,0.639882,619.893943,785.785192,116.871118,0,-1.000,1.000,1.000000,4218.127929688,7635.718750000,13610.921875000,8488.255859375,502.809478760,613.547241211
Pyr,BF04DDE0AD58478F833CB925287288AE,2025-10-07T13:34:00.000Z,200.000000,300.000000,100.000000,0.000000,0.000000,1.000000,512,16,209.727,39.596,0.637364,616.854562,784.594299,116.567733,0,-1.000,1.000,1.000000,4211.147460938,7620.166015625,13572.333984375,8467.882812500,500.071807861,610.543823242
Pyr,BF04DDE0AD58478F833CB925287288AE,2025-10-07T13:36:00.000Z,200.000000,300.000000,100.000000,0.000000,0.000000,1.000000,512,16,210.323,39.405,0.634793,613.751970,783.370603,116.257382,0,-1.000,1.000,1.000000,4204.229003906,7604.959472656,13534.515625000,8447.902343750,497.277832031,607.489135742
Pyr,BF04DDE0AD58478F833CB925287288AE,2025-10-07T13:38:00.000Z,200.000000,300.000000,100.000000,0.000000,0.000000,1.000000,512,16,210.915,39.210,0.632168,610.585858,782.113398,115.939986,0,-1.000,1.000,1.000000,4196.761718750,7589.533203125,13496.583984375,8427.626953125,494.427337646,604.374145508
Pyr,BF04DDE0AD58478F833CB925287288AE,2025-10-07T13:40:00.000Z,200.000000,300.000000,100.000000,0.000000,0.000000,1.000000,512,16,211.504,39.013,0.629491,607.356660,780.822253,115.615538,0,-1.000,1.000,1.000000,4189.275390625,7573.516113281,13456.558593750,8406.449218750,491.520843506,601.191406250
Pyr,BF04DDE0AD58478F833CB925287288AE,2025-10-07T13:42:00.000Z,200.000000,300.000000,100.000000,0.000000,0.000000,1.000000,512,16,212.089,38.812,0.626762,604.064694,779.496671,115.284019,0,-1.000,1.000,1.000000,4181.418945312,7556.817382812,13419.048828125,8385.761718750,488.558532715,597.959167480
Pyr,BF04DDE0AD58478F833CB925287288AE,2025-10-07T13:44:00.000Z,200.000000,300.000000,100.000000,0.000000,0.000000,1.000000,512,16,212.670,38.607,0.623980,600.710534,778.136241,114.945435,0,-1.000,1.000,1.000000,4173.813476562,7540.471679688,13377.239257812,8363.841796875,485.541107178,594.655761719
Pyr,BF04DDE0AD58478F833CB925287288AE,2025-10-07T13:46:00.000Z,200.000000,300.000000,100.000000,0.000000,0.000000,1.000000,512,16,213.535,38.295,0.619709,595.562903,776.028885,114.424211,0,-1.000,1.000,1.000000,4162.320312500,7515.186523438,13312.291992188,8329.933593750,480.911804199,589.584106445
Pyr,BF04DDE0AD58478F833CB925287288AE,2025-10-07T13:48:00.000Z,200.000000,300.000000,100.000000,0.000000,0.000000,1.000000,512,16,214.108,38.083,0.616796,592.053897,774.578637,114.067781,0,-1.000,1.000,1.000000,4153.767578125,7496.957031250,13269.886718750,8306.871093750,477.757293701,586.128723145
Pyr,BF04DDE0AD58478F833CB925287288AE,2025-10-07T13:50:00.000Z,200.000000,300.000000,100.000000,0.000000,0.000000,1.000000,512,16,214.677,37.867,0.613833,588.483854,773.091592,113.704203,0,-1.000,1.000,1.000000,4145.062011719,7478.406250000,13224.628906250,8282.699218750,474.548828125,582.604919434
Pyr,BF04DDE0AD58478F833CB925287288AE,2025-10-07T13:52:00.000Z,200.000000,300.000000,100.000000,0.000000,0.000000,1.000000,512,16,215.242,37.649,0.610817,584.852498,771.566892,113.333385,0,-1.000,1.000,1.000000,4136.526367188,7460.375488281,13184.953125000,8260.618164062,471.286224365,579.054260254
Pyr,BF04DDE0AD58478F833CB925287288AE,2025-10-07T13:54:00.000Z,200.000000,300.000000,100.000000,0.000000,0.000000,1.000000,512,16,215.804,37.427,0.607751,581.160763,770.004158,112.955359,0,-1.000,1.000,1.000000,4128.015625000,7442.140136719,13140.703125000,8236.953125000,467.970489502,575.429809570
Pyr,BF04DDE0AD58478F833CB925287288AE,2025-10-07T13:56:00.000Z,200.000000,300.000000,100.000000,0.000000,0.000000,1.000000,512,16,216.362,37.202,0.604633,577.408768,768.402650,112.570072,0,-1.000,1.000,1.000000,4120.048339844,7423.105468750,13096.880859375,8213.344726562,464.601623535,571.752929688
Pyr,BF04DDE0AD58478F833CB925287288AE,2025-10-07T13:58:00.000Z,200.000000,300.000000,100.000000,0.000000,0.000000,1.000000,512,16,216.917,36.975,0.601465,573.596769,766.761656,112.177482,0,-1.000,1.000,1.000000,4111.103027344,7403.490722656,13049.683593750,8188.092285156,461.180053711,568.001892090
Pyr,BF04DDE0AD58478F833CB925287288AE,2025-10-07T14:00:00.000Z,200.000000,300.000000,100.000000,0.000000,0.000000,1.000000,512,16,217.468,36.744,0.598246,569.725540,765.080666,111.777598,0,-1.000,1.000,1.000000,4101.971679688,7384.101562500,13002.469726562,8162.847656250,457.706542969,564.199035645
Pyr,BF04DDE0AD58478F833CB925287288AE,2025-10-07T14:02:00.000Z,200.000000,300.000000,100.000000,0.000000,0.000000,1.000000,512,16,218.016,36.511,0.594977,565.794714,763.358648,111.370309,0,-1.000,1.000,1.000000,4093.118652344,7363.869140625,12955.321289062,8137.436523438,454.180755615,560.341735840
Pyr,BF04DDE0AD58478F833CB925287288AE,2025-10-07T14:04:00.000Z,200.000000,300.000000,100.000000,0.000000,0.000000,1.000000,512,16,218.288,36.393,0.593324,563.807398,762.482168,111.163911,0,-1.000,1.000,1.000000,4088.209228516,7353.927246094,12931.355468750,8124.498046875,452.398712158,558.390930176
Pyr,BF04DDE0AD58478F833CB925287288AE,2025-10-07T14:06:00.000Z,200.000000,300.000000,100.000000,0.000000,0.000000,1.000000,512,16,219.100,36.036,0.588289,557.757536,759.789322,110.533553,0,-1.000,1.000,1.000000,4075.176513672,7322.660644531,12861.955078125,8086.597656250,446.975738525,552.473510742
Pyr,BF04DDE0AD58478F833CB925287288AE,2025-10-07T14:08:00.000Z,200.000000,300.000000,100.000000,0.000000,0.000000,1.000000,512,16,219.369,35.915,0.586586,555.712033,758.870363,110.319723,0,-1.000,1.000,1.000000,4070.171630859,7311.951660156,12839.845703125,8073.989746094,445.142913818,550.476196289
Pyr,BF04DDE0AD58478F833CB925287288AE,2025-10-07T14:10:00.000Z,200.000000,300.000000,100.000000,0.000000,0.000000,1.000000,512,16,220.170,35.549,0.581403,549.488666,756.047643,109.666938,0,-1.000,1.000,1.000000,4056.056884766,7279.593261719,12770.916992188,8035.522460938,439.568756104,544.400207520
Pyr,BF04DDE0AD58478F833CB925287288AE,2025-10-07T14:12:00.000Z,200.000000,300.000000,100.000000,0.000000,0.000000,1.000000,512,16,220.436,35.426,0.579651,547.385539,755.084493,109.445571,0,-1.000,1.000,1.000000,4050.979980469,7269.460937500,12745.867187500,8022.102539062,437.685729980,542.342102051
Pyr,BF04DDE0AD58478F833CB925287288AE,2025-10-07T14:14:00.000Z,200.000000,300.000000,100.000000,0.000000,0.000000,1.000000,512,16,221.227,35.052,0.574322,540.990811,752.126783,108.770072,0,-1.000,1.000,1.000000,4036.187744141,7235.214843750,12672.248046875,7981.216796875,431.962860107,536.085815430
Pyr,BF04DDE0AD58478F833CB925287288AE,2025-10-07T14:16:00.000Z,200.000000,300.000000,100.000000,0.000000,0.000000,1.000000,512,16,221.489,34.926,0.572521,538.831057,751.117801,108.541097,0,-1.000,1.000,1.000000,4031.092529297,7224.507812500,12646.472656250,7967.357910156,430.030883789,533.973022461
Pyr,BF04DDE0AD58478F833CB925287288AE,2025-10-07T14:18:00.000Z,200.000000,300.000000,100.000000,0.000000,0.000000,1.000000,512,16,222.269,34.545,0.567047,532.267584,748.019816,107.842613,0,-1.000,1.000,1.000000,4015.780273438,7189.890625000,12573.231445312,7926.301757812,424.162048340,527.568603516
Pyr,BF04DDE0AD58478F833CB925287288AE,2025-10-07T14:20:00.000Z,200.000000,300.000000,100.000000,0.000000,0.000000,1.000000,512,16,222.527,34.416,0.565198,530.052123,746.963200,107.605939,0,-1.000,1.000,1.000000,4010.423339844,7178.120117188,12549.046875000,7912.530273438,422.181976318,525.408813477
Pyr,BF04DDE0AD58478F833CB925287288AE,2025-10-07T14:22:00.000Z,200.000000,300.000000,100.000000,0.000000,0.000000,1.000000,512,16,223.297,34.027,0.559580,523.322739,743.719363,106.884189,0,-1.000,1.000,1.000000,3994.801757812,7142.352539062,12472.289062500,7869.814453125,416.170410156,518.840026855
Pyr,BF04DDE0AD58478F833CB925287288AE,2025-10-07T14:24:00.000Z,200.000000,300.000000,100.000000,0.000000,0.000000,1.000000,512,16,223.552,33.896,0.557684,521.052281,742.613070,106.639690,0,-1.000,1.000,1.000000,3989.207275391,7129.914550781,12446.001953125,7855.041992188,414.143127441,516.619995117
Pyr,BF04DDE0AD58478F833CB925287288AE,2025-10-07T14:26:00.000Z,200.000000,300.000000,100.000000,0.000000,0.000000,1.000000,512,16,224.312,33.499,0.551924,514.159725,739.217324,105.894343,0,-1.000,1.000,1.000000,3973.235839844,7092.288085938,12371.966796875,7812.497070312,407.991882324,509.913726807
Pyr,BF04DDE0AD58478F833CB925287288AE,2025-10-07T14:28:00.000Z,200.000000,300.000000,100.000000,0.000000,0.000000,1.000000,512,16,224.564,33.366,0.549981,511.835430,738.059381,105.641929,0,-1.000,1.000,1.000000,3967.760742188,7079.984863281,12347.772460938,7798.505859375,405.918640137,507.657958984
Pyr,BF04DDE0AD58478F833CB925287288AE,2025-10-07T14:30:00.000Z,200.000000,300.000000,100.000000,0.000000,0.000000,1.000000,512,16,225.313,32.962,0.544081,504.782208,734.505092,104.872587,0,-1.000,1.000,1.000000,3950.287109375,7041.253906250,12273.220703125,7754.920898438,399.630584717,500.801269531
Pyr,BF04DDE0AD58478F833CB925287288AE,2025-10-07T14:32:00.000Z,200.000000,300.000000,100.000000,0.000000,0.000000,1.000000,512,16,225.809,32.690,0.540091,500.014539,732.067479,104.349615,0,-1.000,1.000,1.000000,3938.402587891,7014.374023438,12225.955078125,7726.244140625,395.383087158,496.179687500
Pyr,BF04DDE0AD58478F833CB925287288AE,2025-10-07T14:34:00.000Z,200.000000,300.000000,100.000000,0.000000,0.000000,1.000000,512,16,226.056,32.553,0.538079,497.611053,730.827708,104.085061,0,-1.000,1.000,1.000000,3932.774902344,7001.357421875,12200.211914062,7711.448242188,393.242706299,493.846252441
Pyr,BF04DDE0AD58478F833CB925287288AE,2025-10-07T14:36:00.000Z,200.000000,300.000000,100.000000,0.000000,0.000000,1.000000,512,16,226.790,32.139,0.531973,490.322897,727.022749,103.279030,0,-1.000,1.000,1.000000,3915.351074219,6961.489257812,12115.095703125,7663.978515625,386.756256104,486.740539551
Pyr,BF04DDE0AD58478F833CB925287288AE,2025-10-07T14:38:00.000Z,200.000000,300.000000,100.000000,0.000000,0.000000,1.000000,512,16,227.034,32.000,0.529915,487.867837,725.725355,103.006200,0,-1.000,1.000,1.000000,3909.124511719,6947.762695312,12084.671875000,7647.186523438,384.572540283,484.337738037
Pyr,BF04DDE0AD58478F833CB925287288AE,2025-10-07T14:40:00.000Z,200.000000,300.000000,100.000000,0.000000,0.000000,1.000000,512,16,227.759,31.579,0.523674,480.427107,721.743936,102.175175,0,-1.000,1.000,1.000000,3891.762695312,6906.596679688,11995.201171875,7597.853515625,377.958435059,477.080017090
Pyr,BF04DDE0AD58478F833CB925287288AE,2025-10-07T14:42:00.000Z,200.000000,300.000000,100.000000,0.000000,0.000000,1.000000,512,16,227.999,31.438,0.521571,477.921617,720.386330,101.893922,0,-1.000,1.000,1.000000,3885.819091797,6892.015136719,11963.811523438,7580.548828125,375.732696533,474.628540039
Pyr,BF04DDE0AD58478F833CB925287288AE,2025-10-07T14:44:00.000Z,200.000000,300.000000,100.000000,0.000000,0.000000,1.000000,512,16,228.715,31.011,0.515197,470.331168,716.220080,101.037369,0,-1.000,1.000,1.000000,3867.376953125,6849.940429688,11869.130859375,7528.815917969,368.994262695,467.215209961
Pyr,BF04DDE0AD58478F833CB925287288AE,2025-10-07T14:46:00.000Z,200.000000,300.000000,100.000000,0.000000,0.000000,1.000000,512,16,228.952,30.867,0.513050,467.776592,714.799582,100.747550,0,-1.000,1.000,1.000000,3860.710693359,6835.782226562,11833.858398438,7510.117187500,366.727935791,464.704925537
Pyr,BF04DDE0AD58478F833CB925287288AE,2025-10-07T14:48:00.000Z,200.000000,300.000000,100.000000,0.000000,0.000000,1.000000,512,16,229.658,30.434,0.506544,460.040057,710.439914,99.864966,0,-1.000,1.000,1.000000,3842.064453125,6793.234863281,11733.960937500,7456.420410156,359.869384766,457.145843506
Pyr,BF04DDE0AD58478F833CB925287288AE,2025-10-07T14:50:00.000Z,200.000000,300.000000,100.000000,0.000000,0.000000,1.000000,512,16,229.892,30.288,0.504354,457.437167,708.953306,99.566352,0,-1.000,1.000,1.000000,3835.474365234,6778.526367188,11705.523437500,7439.841796875,357.563476562,454.623657227
Pyr,BF04DDE0AD58478F833CB925287288AE,2025-10-07T14:52:00.000Z,200.000000,300.000000,100.000000,0.000000,0.000000,1.000000,512,16,230.589,29.849,0.497719,449.558018,704.390858,98.657148,0,-1.000,1.000,1.000000,3816.577148438,6735.469726562,11620.060546875,7390.702148438,350.588806152,447.007904053
Pyr,BF04DDE0AD58478F833CB925287288AE,2025-10-07T14:54:00.000Z,200.000000,300.000000,100.000000,0.000000,0.000000,1.000000,512,16,230.819,29.702,0.495486,446.908097,702.834965,98.349546,0,-1.000,1.000,1.000000,3810.128662109,6721.108398438,11592.638671875,7374.625000000,348.244842529,444.454193115
Pyr,BF04DDE0AD58478F833CB925287288AE,2025-10-07T14:56:00.000Z,200.000000,300.000000,100.000000,0.000000,0.000000,1.000000,512,16,231.507,29.257,0.488724,438.890029,698.059760,97.413091,0,-1.000,1.000,1.000000,3789.927490234,6676.364257812,11498.417968750,7321.570312500,341.158355713,436.675567627
Pyr,BF04DDE0AD58478F833CB925287288AE,2025-10-07T14:58:00.000Z,200.000000,300.000000,100.000000,0.000000,0.000000,1.000000,512,16,231.735,29.107,0.486449,436.194507,696.431243,97.096303,0,-1.000,1.000,1.000000,3783.391601562,6660.749511719,11464.107421875,7302.750000000,338.777954102,434.049621582
Pyr,BF04DDE0AD58478F833CB925287288AE,2025-10-07T15:00:00.000Z,200.000000,300.000000,100.000000,0.000000,0.000000,1.000000,512,16,232.414,28.657,0.479561,428.040895,691.432304,96.131852,0,-1.000,1.000,1.000000,3762.612304688,6612.696289062,11353.228515625,7242.846191406,331.583862305,426.074035645
Pyr,BF04DDE0AD58478F833CB925287288AE,2025-10-07T15:02:00.000Z,200.000000,300.000000,100.000000,0.000000,0.000000,1.000000,512,16,232.863,28.354,0.474918,422.550328,688.002921,95.477015,0,-1.000,1.000,1.000000,3748.645507812,6581.607421875,11282.901367188,7204.384765625,326.744720459,420.733123779
Pyr,BF04DDE0AD58478F833CB925287288AE,2025-10-07T15:04:00.000Z,200.000000,300.000000,100.000000,0.000000,0.000000,1.000000,512,16,233.087,28.202,0.472581,419.788774,686.258414,95.145977,0,-1.000,1.000,1.000000,3741.611083984,6564.968750000,11246.365234375,7184.314941406,324.312530518,418.039093018
Pyr,BF04DDE0AD58478F833CB925287288AE,2025-10-07T15:06:00.000Z,200.000000,300.000000,100.000000,0.000000,0.000000,1.000000,512,16,233.753,27.743,0.465509,411.440185,680.902608,94.138191,0,-1.000,1.000,1.000000,3719.830078125,6515.480957031,11145.613281250,7126.974609375,316.966552734,409.945068359
Pyr,BF04DDE0AD58478F833CB925287288AE,2025-10-07T15:08:00.000Z,200.000000,300.000000,100.000000,0.000000,0.000000,1.000000,512,16,233.974,27.589,0.463132,408.636116,679.075569,93.797288,0,-1.000,1.000,1.000000,3712.602539062,6498.475585938,11111.488281250,7107.522460938,314.501678467,407.226409912
Pyr,BF04DDE0AD58478F833CB925287288AE,2025-10-07T15:10:00.000Z,200.000000,300.000000,100.000000,0.000000,0.000000,1.000000,512,16,234.632,27.125,0.455941,400.162522,673.465921,92.759514,0,-1.000,1.000,1.000000,3690.495361328,6449.313476562,11009.414062500,7049.741210938,307.060638428,399.031555176
Pyr,BF04DDE0AD58478F833CB925287288AE,2025-10-07T15:12:00.000Z,200.000000,300.000000,100.000000,0.000000,0.000000,1.000000,512,16,234.850,26.970,0.453524,397.317767,671.552202,92.408493,0,-1.000,1.000,1.000000,3682.824218750,6432.823242188,10972.770507812,7029.472656250,304.565155029,396.271667480
Pyr,BF04DDE0AD58478F833CB925287288AE,2025-10-07T15:14:00.000Z,200.000000,300.000000,100.000000,0.000000,0.000000,1.000000,512,16,235.499,26.501,0.446215,388.723513,665.674972,91.339775,0,-1.000,1.000,1.000000,3661.304199219,6381.958007812,10861.812500000,6968.357910156,297.034301758,387.943481445
Pyr,BF04DDE0AD58478F833CB925287288AE,2025-10-07T15:16:00.000Z,200.000000,300.000000,100.000000,0.000000,0.000000,1.000000,512,16,235.715,26.344,0.443760,385.839337,663.669689,90.978277,0,-1.000,1.000,1.000000,3653.481933594,6364.100097656,10824.115234375,6947.232421875,294.509826660,385.143432617
Pyr,BF04DDE0AD58478F833CB925287288AE,2025-10-07T15:18:00.000Z,200.000000,300.000000,100.000000,0.000000,0.000000,1.000000,512,16,236.357,25.870,0.436335,377.129338,657.510379,89.877618,0,-1.000,1.000,1.000000,3629.780761719,6310.198242188,10719.564453125,6886.514648438,286.895080566,376.736541748
Pyr,BF04DDE0AD58478F833CB925287288AE,2025-10-07T15:20:00.000Z,200.000000,300.000000,100.000000,0.000000,0.000000,1.000000,512,16,236.569,25.712,0.433842,374.207385,655.408502,89.505291,0,-1.000,1.000,1.000000,3621.631835938,6292.551757812,10683.785156250,6865.990234375,284.343658447,373.917358398
Pyr,BF04DDE0AD58478F833CB925287288AE,2025-10-07T15:22:00.000Z,200.000000,300.000000,100.000000,0.000000,0.000000,1.000000,512,16,237.203,25.233,0.426305,365.386484,648.951331,88.371562,0,-1.000,1.000,1.000000,3598.024414062,6236.250976562,10563.584960938,6799.287109375,276.651031494,365.354522705
Pyr,BF04DDE0AD58478F833CB925287288AE,2025-10-07T15:24:00.000Z,200.000000,300.000000,100.000000,0.000000,0.000000,1.000000,512,16,237.413,25.073,0.423774,362.428327,646.747349,87.988001,0,-1.000,1.000,1.000000,3590.286132812,6218.084472656,10522.585937500,6776.985351562,274.074615479,362.487182617
Pyr,BF04DDE0AD58478F833CB925287288AE,2025-10-07T15:26:00.000Z,200.000000,300.000000,100.000000,0.000000,0.000000,1.000000,512,16,238.040,24.590,0.416126,353.501557,639.975315,86.819958,0,-1.000,1.000,1.000000,3566.093261719,6163.725585938,10411.925781250,6713.915527344,266.310333252,353.900085449
Pyr,BF04DDE0AD58478F833CB925287288AE,2025-10-07T15:28:00.000Z,200.000000,300.000000,100.000000,0.000000,0.000000,1.000000,512,16,238.248,24.429,0.413559,350.509061,637.663461,86.424750,0,-1.000,1.000,1.000000,3557.624755859,6145.778320312,10376.013671875,6693.139160156,263.711181641,351.029876709
Pyr,BF04DDE0AD58478F833CB925287288AE,2025-10-07T15:30:00.000Z,200.000000,300.000000,100.000000,0.000000,0.000000,1.000000,512,16,238.867,23.941,0.405802,341.481916,630.558447,85.221059,0,-1.000,1.000,1.000000,3534.661132812,6088.304687500,10249.823242188,6624.263183594,255.882156372,342.302307129
Pyr,BF04DDE0AD58478F833CB925287288AE,2025-10-07T15:32:00.000Z,200.000000,300.000000,100.000000,0.000000,0.000000,1.000000,512,16,239.277,23.615,0.400588,335.424121,625.676860,84.403301,0,-1.000,1.000,1.000000,3518.275390625,6050.183593750,10162.498046875,6576.986328125,250.638366699,336.441741943
Pyr,BF04DDE0AD58478F833CB925287288AE,2025-10-07T15:34:00.000Z,200.000000,300.000000,100.000000,0.000000,0.000000,1.000000,512,16,239.481,23.451,0.397967,332.383493,623.191176,83.989711,0,-1.000,1.000,1.000000,3509.489746094,6030.226562500,10121.354492188,6553.690429688,248.009445190,333.508880615
Pyr,BF04DDE0AD58478F833CB925287288AE,2025-10-07T15:36:00.000Z,200.000000,300.000000,100.000000,0.000000,0.000000,1.000000,512,16,240.090,22.958,0.390053,323.216679,615.549680,82.729761,0,-1.000,1.000,1.000000,3483.887939453,5970.276367188,9996.648437500,6483.604492188,240.096969604,324.682067871
Pyr,BF04DDE0AD58478F833CB925287288AE,2025-10-07T15:38:00.000Z,200.000000,300.000000,100.000000,0.000000,0.000000,1.000000,512,16,240.291,22.793,0.387398,320.146530,612.939523,82.303266,0,-1.000,1.000,1.000000,3475.484863281,5951.630859375,9951.497070312,6459.538085938,237.451416016,321.722534180
Pyr,BF04DDE0AD58478F833CB925287288AE,2025-10-07T15:40:00.000Z,200.000000,300.000000,100.000000,0.000000,0.000000,1.000000,512,16,240.893,22.295,0.379382,310.894751,604.913880,81.003798,0,-1.000,1.000,1.000000,3448.303955078,5892.155273438,9820.023437500,6386.827148438,229.493469238,312.816009521
Pyr,BF04DDE0AD58478F833CB925287288AE,2025-10-07T15:42:00.000Z,200.000000,300.000000,100.000000,0.000000,0.000000,1.000000,512,16,241.093,22.129,0.376693,307.797039,602.171576,80.563787,0,-1.000,1.000,1.000000,3439.122070312,5872.806640625,9778.906250000,6363.612304688,226.833892822,309.853576660
Pyr,BF04DDE0AD58478F833CB925287288AE,2025-10-07T15:44:00.000Z,200.000000,300.000000,100.000000,0.000000,0.000000,1.000000,512,16,241.688,21.628,0.368578,298.466590,593.738158,79.222919,0,-1.000,1.000,1.000000,3411.781005859,5811.314453125,9645.492187500,6289.529296875,218.838668823,300.891876221
Pyr,BF04DDE0AD58478F833CB925287288AE,2025-10-07T15:46:00.000Z,200.000000,300.000000,100.000000,0.000000,0.000000,1.000000,512,16,241.885,21.460,0.365856,295.343936,590.855943,78.768798,0,-1.000,1.000,1.000000,3402.258300781,5790.402832031,9602.305664062,6264.989257812,216.168273926,297.901306152
Pyr,BF04DDE0AD58478F833CB925287288AE,2025-10-07T15:48:00.000Z,200.000000,300.000000,100.000000,0.000000,0.000000,1.000000,512,16,242.474,20.956,0.357644,285.942138,581.989932,77.384558,0,-1.000,1.000,1.000000,3374.456542969,5727.291015625,9469.630859375,6190.459960938,208.145111084,288.905853271
Pyr,BF04DDE0AD58478F833CB925287288AE,2025-10-07T15:50:00.000Z,200.000000,300.000000,100.000000,0.000000,0.000000,1.000000,512,16,242.669,20.787,0.354890,282.796996,578.959182,76.915632,0,-1.000,1.000,1.000000,3365.302734375,5705.416503906,9421.789062500,6164.169433594,205.467056274,285.884826660
Pyr,BF04DDE0AD58478F833CB925287288AE,2025-10-07T15:52:00.000Z,200.000000,300.000000,100.000000,0.000000,0.000000,1.000000,512,16,243.252,20.279,0.346584,273.331513,569.633830,75.485839,0,-1.000,1.000,1.000000,3337.327636719,5638.583984375,9275.564453125,6083.825195312,197.425842285,276.795410156
Pyr,BF04DDE0AD58478F833CB925287288AE,2025-10-07T15:54:00.000Z,200.000000,300.000000,100.000000,0.000000,0.000000,1.000000,512,16,243.445,20.109,0.343799,270.166579,566.445373,75.001356,0,-1.000,1.000,1.000000,3327.675781250,5616.486328125,9231.044921875,6058.402343750,194.743545532,273.781463623
Pyr,BF04DDE0AD58478F833CB925287288AE,2025-10-07T15:56:00.000Z,200.000000,300.000000,100.000000,0.000000,0.000000,1.000000,512,16,244.022,19.597,0.335401,260.645378,556.631772,73.523591,0,-1.000,1.000,1.000000,3297.578857422,5551.714355469,9083.550781250,5977.614746094,186.694702148,264.678649902
Pyr,BF04DDE0AD58478F833CB925287288AE,2025-10-07T15:58:00.000Z,200.000000,300.000000,100.000000,0.000000,0.000000,1.000000,512,16,244.213,19.426,0.332586,257.463510,553.275758,73.022724,0,-1.000,1.000,1.000000,3287.732910156,5527.320800781,9033.744140625,5949.599609375,184.011917114,261.630401611
Pyr,BF04DDE0AD58478F833CB925287288AE,2025-10-07T16:00:00.000Z,200.000000,300.000000,100.000000,0.000000,0.000000,1.000000,512,16,244.784,18.911,0.324099,247.896368,542.944275,71.494532,0,-1.000,1.000,1.000000,3257.679199219,5457.902343750,8888.306640625,5867.962890625,175.967681885,252.521118164
Pyr,BF04DDE0AD58478F833CB925287288AE,2025-10-07T16:02:00.000Z,200.000000,300.000000,100.000000,0.000000,0.000000,1.000000,512,16,245.163,18.566,0.318405,241.502099,535.830026,70.453779,0,-1.000,1.000,1.000000,3238.306640625,5409.917968750,8781.345703125,5809.856933594,170.610717773,246.406112671
Pyr,BF04DDE0AD58478F833CB925287288AE,2025-10-07T16:04:00.000Z,200.000000,300.000000,100.000000,0.000000,0.000000,1.000000,512,16,245.351,18.394,0.315547,238.300664,532.202743,69.926619,0,-1.000,1.000,1.000000,3228.340820312,5386.271484375,8728.928710938,5781.180664062,167.934768677,243.356048584
Pyr,BF04DDE0AD58478F833CB925287288AE,2025-10-07T16:06:00.000Z,200.000000,300.000000,100.000000,0.000000,0.000000,1.000000,512,16,245.914,17.874,0.306931,228.682668,521.032606,68.317382,0,-1.000,1.000,1.000000,3196.717041016,5315.408203125,8569.509765625,5693.877929688,159.921051025,234.203384399
Pyr,BF04DDE0AD58478F833CB925287288AE,2025-10-07T16:08:00.000Z,200.000000,300.000000,100.000000,0.000000,0.000000,1.000000,512,16,246.100,17.701,0.304045,225.472625,517.210391,67.771455,0,-1.000,1.000,1.000000,3186.681884766,5290.569335938,8515.703125000,5664.318359375,157.255340576,231.152038574
Pyr,BF04DDE0AD58478F833CB925287288AE,2025-10-07T16:10:00.000Z,200.000000,300.000000,100.000000,0.000000,0.000000,1.000000,512,16,246.658,17.178,0.295348,215.834804,505.437960,66.104352,0,-1.000,1.000,1.000000,3156.492187500,5211.832031250,8348.571289062,5572.298828125,149.279968262,221.976181030
Pyr,BF04DDE0AD58478F833CB925287288AE,2025-10-07T16:12:00.000Z,200.000000,300.000000,100.000000,0.000000,0.000000,1.000000,512,16,246.842,17.004,0.292435,212.620107,501.408863,65.538576,0,-1.000,1.000,1.000000,3145.163330078,5186.796875000,8291.888671875,5541.283203125,146.629562378,218.921142578
Pyr,BF04DDE0AD58478F833CB925287288AE,2025-10-07T16:14:00.000Z,200.000000,300.000000,100.000000,0.000000,0.000000,1.000000,512,16,247.395,16.479,0.283659,202.974797,488.997362,63.810225,0,-1.000,1.000,1.000000,3111.402343750,5109.201171875,8122.482421875,5447.695312500,138.708312988,209.778945923
Pyr,BF04DDE0AD58478F833CB925287288AE,2025-10-07T16:16:00.000Z,200.000000,300.000000,100.000000,0.000000,0.000000,1.000000,512,16,247.578,16.303,0.280720,199.760207,484.749453,63.223513,0,-1.000,1.000,1.000000,3099.710449219,5083.437988281,8061.850097656,5415.000000000,136.079086304,206.723175049
Pyr,BF04DDE0AD58478F833CB925287288AE,2025-10-07T16:18:00.000Z,200.000000,300.000000,100.000000,0.000000,0.000000,1.000000,512,16,248.125,15.775,0.271868,190.120972,471.660608,61.430281,0,-1.000,1.000,1.000000,3067.194824219,4999.328125000,7893.879882812,5320.134277344,128.229278564,197.635742188
Pyr,BF04DDE0AD58478F833CB925287288AE,2025-10-07T16:20:00.000Z,200.000000,300.000000,100.000000,0.000000,0.000000,1.000000,512,16,248.307,15.599,0.268905,186.911092,467.180771,60.821357,0,-1.000,1.000,1.000000,3054.956054688,4971.885253906,7838.897460938,5288.580078125,125.627136230,194.621948242
Pyr,BF04DDE0AD58478F833CB925287288AE,2025-10-07T16:22:00.000Z,200.000000,300.000000,100.000000,0.000000,0.000000,1.000000,512,16,248.850,15.069,0.259979,177.293870,453.376564,58.959547,0,-1.000,1.000,1.000000,3021.570800781,4888.109863281,7660.708007812,5190.129882812,117.868507385,185.578948975
Pyr,BF04DDE0AD58478F833CB925287288AE,2025-10-07T16:24:00.000Z,200.000000,300.000000,100.000000,0.000000,0.000000,1.000000,512,16,249.030,14.892,0.256992,174.093552,448.650996,58.327004,0,-1.000,1.000,1.000000,3009.332519531,4859.079101562,7598.611328125,5155.674804688,115.299789429,182.560729980
Pyr,BF04DDE0AD58478F833CB925287288AE,2025-10-07T16:26:00.000Z,200.000000,300.000000,100.000000,0.000000,0.000000,1.000000,512,16,249.568,14.359,0.247997,164.515671,434.092751,56.392667,0,-1.000,1.000,1.000000,2972.802490234,4770.486816406,7415.192382812,5052.827636719,107.653747559,173.572937012
Pyr,BF04DDE0AD58478F833CB925287288AE,2025-10-07T16:28:00.000Z,200.000000,300.000000,100.000000,0.000000,0.000000,1.000000,512,16,249.746,14.181,0.244987,161.331719,429.109654,55.735298,0,-1.000,1.000,1.000000,2960.045898438,4738.694824219,7352.858886719,5017.200195312,105.126472473,170.580871582
Pyr,BF04DDE0AD58478F833CB925287288AE,2025-10-07T16:30:00.000Z,200.000000,300.000000,100.000000,0.000000,0.000000,1.000000,512,16,250.280,13.646,0.235926,151.812229,413.759082,53.724285,0,-1.000,1.000,1.000000,2924.793457031,4646.753417969,7151.608398438,4907.718750000,97.616394043,161.642486572
Pyr,BF04DDE0AD58478F833CB925287288AE,2025-10-07T16:32:00.000Z,200.000000,300.000000,100.000000,0.000000,0.000000,1.000000,512,16,250.634,13.289,0.229858,145.497611,403.183909,52.350367,0,-1.000,1.000,1.000000,2898.153808594,4582.110351562,7022.059082031,4834.107910156,92.675041199,155.740814209
Pyr,BF04DDE0AD58478F833CB925287288AE,2025-10-07T16:34:00.000Z,200.000000,300.000000,100.000000,0.000000,0.000000,1.000000,512,16,250.811,13.110,0.226816,142.351215,397.791717,51.653170,0,-1.000,1.000,1.000000,2884.918945312,4548.963378906,6959.814941406,4797.899414062,90.225677490,152.819076538
Pyr,BF04DDE0AD58478F833CB925287288AE,2025-10-07T16:36:00.000Z,200.000000,300.000000,100.000000,0.000000,0.000000,1.000000,512,16,251.339,12.572,0.217661,132.962372,381.189969,49.519735,0,-1.000,1.000,1.000000,2844.981689453,4450.772460938,6749.076171875,4681.610351562,82.970367432,144.046661377
Pyr,BF04DDE0AD58478F833CB925287288AE,2025-10-07T16:38:00.000Z,200.000000,300.000000,100.000000,0.000000,0.000000,1.000000,512,16,251.514,12.392,0.214600,129.851313,375.512348,48.794362,0,-1.000,1.000,1.000000,2833.171142578,4421.045410156,6682.247070312,4645.487792969,80.584938049,141.189971924
Pyr,BF04DDE0AD58478F833CB925287288AE,2025-10-07T16:40:00.000Z,200.000000,300.000000,100.000000,0.000000,0.000000,1.000000,512,16,252.038,11.852,0.205387,120.582561,358.042805,46.574634,0,-1.000,1.000,1.000000,2789.678222656,4317.452636719,6482.991210938,4530.041015625,73.537452698,132.636367798
Pyr,BF04DDE0AD58478F833CB925287288AE,2025-10-07T16:42:00.000Z,200.000000,300.000000,100.000000,0.000000,0.000000,1.000000,512,16,252.211,11.672,0.202307,117.516430,352.072670,45.819931,0,-1.000,1.000,1.000000,2774.439208984,4283.970703125,6413.985351562,4490.798828125,71.226806641,129.813766479
Pyr,BF04DDE0AD58478F833CB925287288AE,2025-10-07T16:44:00.000Z,200.000000,300.000000,100.000000,0.000000,0.000000,1.000000,512,16,252.732,11.130,0.193041,108.398941,333.720750,43.510880,0,-1.000,1.000,1.000000,2731.200195312,4175.800781250,6192.961914062,4366.654296875,64.421638489,121.389007568
Pyr,BF04DDE0AD58478F833CB925287288AE,2025-10-07T16:46:00.000Z,200.000000,300.000000,100.000000,0.000000,0.000000,1.000000,512,16,252.904,10.949,0.189943,105.389277,327.456468,42.726090,0,-1.000,1.000,1.000000,2715.686279297,4139.750976562,6120.477539062,4325.305175781,62.198177338,118.626113892
Pyr,BF04DDE0AD58478F833CB925287288AE,2025-10-07T16:48:00.000Z,200.000000,300.000000,100.000000,0.000000,0.000000,1.000000,512,16,253.421,10.406,0.180627,96.459120,308.224392,40.325811,0,-1.000,1.000,1.000000,2669.729980469,4025.917968750,5902.585937500,4199.411132812,55.673633575,110.459152222
Pyr,BF04DDE0AD58478F833CB925287288AE,2025-10-07T16:50:00.000Z,200.000000,300.000000,100.000000,0.000000,0.000000,1.000000,512,16,253.593,10.225,0.177514,93.518418,301.669447,39.510448,0,-1.000,1.000,1.000000,2653.432617188,3987.496093750,5823.012695312,4154.647460938,53.550468445,107.751998901
Pyr,BF04DDE0AD58478F833CB925287288AE,2025-10-07T16:52:00.000Z,200.000000,300.000000,100.000000,0.000000,0.000000,1.000000,512,16,254.106,9.680,0.168152,84.817470,281.584027,37.018857,0,-1.000,1.000,1.000000,2603.944824219,3868.473632812,5588.128906250,4020.182617188,47.348911285,99.796218872
Pyr,BF04DDE0AD58478F833CB925287288AE,2025-10-07T16:54:00.000Z,200.000000,300.000000,100.000000,0.000000,0.000000,1.000000,512,16,254.276,9.499,0.165024,81.960973,274.753066,36.173359,0,-1.000,1.000,1.000000,2587.426269531,3825.874511719,5506.736328125,3973.345703125,45.340980530,97.177246094
Pyr,BF04DDE0AD58478F833CB925287288AE,2025-10-07T16:56:00.000Z,200.000000,300.000000,100.000000,0.000000,0.000000,1.000000,512,16,254.787,8.953,0.155622,73.538089,253.876777,33.593249,0,-1.000,1.000,1.000000,2534.220947266,3701.364501953,5266.330566406,3833.972167969,39.508918762,89.526916504
Pyr,BF04DDE0AD58478F833CB925287288AE,2025-10-07T16:58:00.000Z,200.000000,300.000000,100.000000,0.000000,0.000000,1.000000,512,16,254.956,8.771,0.152482,70.783147,246.797567,32.719113,0,-1.000,1.000,1.000000,2518.007324219,3656.534667969,5184.822265625,3786.455078125,37.632221222,87.030319214
Pyr,BF04DDE0AD58478F833CB925287288AE,2025-10-07T17:00:00.000Z,200.000000,300.000000,100.000000,0.000000,0.000000,1.000000,512,16,255.463,8.224,0.143045,62.694478,225.240568,30.057327,0,-1.000,1.000,1.000000,2463.198242188,3525.054687500,4938.034179688,3642.095947266,32.219436646,79.734222412
Pyr,BF04DDE0AD58478F833CB925287288AE,2025-10-07T17:02:00.000Z,200.000000,300.000000,100.000000,0.000000,0.000000,1.000000,512,16,255.800,7.859,0.136740,57.462417,210.640467,28.252730,0,-1.000,1.000,1.000000,2425.770019531,3433.599121094,4766.827148438,3542.065429688,28.802940369,75.012725830
Pyr,BF04DDE0AD58478F833CB925287288AE,2025-10-07T17:04:00.000Z,200.000000,300.000000,100.000000,0.000000,0.000000,1.000000,512,16,255.968,7.677,0.133584,54.898875,203.285354,27.342462,0,-1.000,1.000,1.000000,2406.241943359,3386.180419922,4679.938476562,3490.786865234,27.155654907,72.696456909
Pyr,BF04DDE0AD58478F833CB925287288AE,2025-10-07T17:06:00.000Z,200.000000,300.000000,100.000000,0.000000,0.000000,1.000000,512,16,256.471,7.129,0.124104,47.437316,181.068073,24.585421,0,-1.000,1.000,1.000000,2346.297363281,3241.387207031,4415.526367188,3334.403808594,22.471214294,65.971847534
Pyr,BF04DDE0AD58478F833CB925287288AE,2025-10-07T17:08:00.000Z,200.000000,300.000000,100.000000,0.000000,0.000000,1.000000,512,16,256.639,6.946,0.120940,45.032061,173.633809,23.659557,0,-1.000,1.000,1.000000,2324.476074219,3189.635009766,4324.726562500,3279.612548828,20.999256134,63.785083771
Pyr,BF04DDE0AD58478F833CB925287288AE,2025-10-07T17:10:00.000Z,200.000000,300.000000,100.000000,0.000000,0.000000,1.000000,512,16,257.139,6.398,0.111438,38.086342,151.354016,20.871038,0,-1.000,1.000,1.000000,2258.854248047,3034.739746094,4047.793701172,3113.796142578,16.866649628,57.489234924
Pyr,BF04DDE0AD58478F833CB925287288AE,2025-10-07T17:12:00.000Z,200.000000,300.000000,100.000000,0.000000,0.000000,1.000000,512,16,257.305,6.215,0.108268,35.867371,143.965909,19.940754,0,-1.000,1.000,1.000000,2236.256835938,2981.216064453,3956.243164062,3057.905273438,15.586943626,55.480377197
Pyr,BF04DDE0AD58478F833CB925287288AE,2025-10-07T17:14:00.000Z,200.000000,300.000000,100.000000,0.000000,0.000000,1.000000,512,16,257.804,5.667,0.098749,29.525730,122.063697,17.161655,0,-1.000,1.000,1.000000,2165.181152344,2814.488525391,3668.708984375,2882.792968750,12.053716660,49.662635803
Pyr,BF04DDE0AD58478F833CB925287288AE,2025-10-07T17:16:00.000Z,200.000000,300.000000,100.000000,0.000000,0.000000,1.000000,512,16,257.969,5.484,0.095573,27.523457,114.890199,16.243194,0,-1.000,1.000,1.000000,2140.943603516,2756.205566406,3570.296386719,2822.481933594,10.980458260,47.802558899
Pyr,BF04DDE0AD58478F833CB925287288AE,2025-10-07T17:18:00.000Z,200.000000,300.000000,100.000000,0.000000,0.000000,1.000000,512,16,258.465,4.941,0.086130,21.932411,94.142221,13.557645,0,-1.000,1.000,1.000000,2065.746093750,2585.277343750,3292.220947266,2647.748291016,8.108497620,42.651023865
Pyr,BF04DDE0AD58478F833CB925287288AE,2025-10-07T17:20:00.000Z,200.000000,300.000000,100.000000,0.000000,0.000000,1.000000,512,16,258.630,4.759,0.082971,20.189548,87.444593,12.679787,0,-1.000,1.000,1.000000,2039.021118164,2526.868652344,3197.550781250,2587.813476562,7.255379677,41.015995026
Pyr,BF04DDE0AD58478F833CB925287288AE,2025-10-07T17:22:00.000Z,200.000000,300.000000,100.000000,0.000000,0.000000,1.000000,512,16,259.124,4.216,0.073513,15.380704,68.346233,10.139202,0,-1.000,1.000,1.000000,1956.849853516,2344.600830078,2912.223632812,2404.558105469,5.024357319,36.394222260
Pyr,BF04DDE0AD58478F833CB925287288AE,2025-10-07T17:24:00.000Z,200.000000,300.000000,100.000000,0.000000,0.000000,1.000000,512,16,259.289,4.035,0.070368,13.923192,62.367205,9.330221,0,-1.000,1.000,1.000000,1927.711669922,2282.132080078,2816.334472656,2342.059570312,4.388640881,34.943149567
Pyr,BF04DDE0AD58478F833CB925287288AE,2025-10-07T17:26:00.000Z,200.000000,300.000000,100.000000,0.000000,0.000000,1.000000,512,16,259.781,3.495,0.060957,10.007432,45.828712,7.048491,0,-1.000,1.000,1.000000,1835.817626953,2085.977050781,2533.838378906,2151.877441406,2.793585300,30.866977692
Pyr,BF04DDE0AD58478F833CB925287288AE,2025-10-07T17:28:00.000Z,200.000000,300.000000,100.000000,0.000000,0.000000,1.000000,512,16,259.944,3.315,0.057831,8.858336,40.837101,6.344290,0,-1.000,1.000,1.000000,1803.264892578,2018.529907227,2439.504638672,2087.100097656,2.361650944,29.589958191
Pyr,BF04DDE0AD58478F833CB925287288AE,2025-10-07T17:30:00.000Z,200.000000,300.000000,100.000000,0.000000,0.000000,1.000000,512,16,260.435,2.780,0.048496,5.887617,27.624590,4.433327,0,-1.000,1.000,1.000000,1699.261230469,1812.617431641,2159.471435547,1890.450195312,1.339675903,26.002489090
Pyr,BF04DDE0AD58478F833CB925287288AE,2025-10-07T17:32:00.000Z,200.000000,300.000000,100.000000,0.000000,0.000000,1.000000,512,16,260.761,2.425,0.042318,4.301675,20.384610,3.347877,0,-1.000,1.000,1.000000,1624.516845703,1673.296142578,1978.267089844,1758.693359375,0.862642050,23.806556702
Pyr,BF04DDE0AD58478F833CB925287288AE,2025-10-07T17:34:00.000Z,200.000000,300.000000,100.000000,0.000000,0.000000,1.000000,512,16,260.924,2.249,0.039247,3.623804,17.250673,2.866573,0,-1.000,1.000,1.000000,1586.543212891,1603.103515625,1889.062011719,1692.902954102,0.677037895,22.762649536
Pyr,BF04DDE0AD58478F833CB925287288AE,2025-10-07T17:36:00.000Z,200.000000,300.000000,100.000000,0.000000,0.000000,1.000000,512,16,261.412,1.726,0.030121,2.022829,9.761541,1.677551,0,-1.000,1.000,1.000000,1466.247314453,1394.703002930,1631.538696289,1497.496337891,0.294028580,19.830366135
Pyr,BF04DDE0AD58478F833CB925287288AE,2025-10-07T17:38:00.000Z,200.000000,300.000000,100.000000,0.000000,0.000000,1.000000,512,16,261.575,1.554,0.027114,1.622268,7.870900,1.365750,0,-1.000,1.000,1.000000,1426.184936523,1328.010253906,1551.587158203,1435.260864258,0.213407770,18.937820435
Pyr,BF04DDE0AD58478F833CB925287288AE,2025-10-07T17:40:00.000Z,200.000000,300.000000,100.000000,0.000000,0.000000,1.000000,512,16,262.062,1.044,0.018221,0.759235,3.781119,0.666711,0,-1.000,1.000,1.000000,1299.953125000,1133.678588867,1325.829101562,1253.153564453,0.068895280,16.417537689
Pyr,BF04DDE0AD58478F833CB925287288AE,2025-10-07T17:42:00.000Z,200.000000,300.000000,100.000000,0.000000,0.000000,1.000000,512,16,262.224,0.877,0.015307,0.567344,2.869291,0.504662,0,-1.000,1.000,1.000000,1256.241088867,1070.384033203,1255.499389648,1194.041625977,0.043919425,15.621386528
Pyr,BF04DDE0AD58478F833CB925287288AE,2025-10-07T17:44:00.000Z,200.000000,300.000000,100.000000,0.000000,0.000000,1.000000,512,16,262.710,0.387,0.006747,0.203271,1.131258,0.187136,0,-1.000,1.000,1.000000,1117.225708008,887.571899414,1057.627563477,1020.808410645,0.007632371,13.325098991
Pyr,BF04DDE0AD58478F833CB925287288AE,2025-10-07T17:46:00.000Z,200.000000,300.000000,100.000000,0.000000,0.000000,1.000000,512,16,262.871,0.227,0.003963,0.135029,0.800640,0.125549,0,-1.000,1.000,1.000000,1069.534667969,829.880859375,996.214477539,965.210083008,0.003172543,12.595303535
Pyr,BF04DDE0AD58478F833CB925287288AE,2025-10-07T17:48:00.000Z,200.000000,300.000000,100.000000,0.000000,0.000000,1.000000,512,16,263.356,-0.488,0.000000,0.000000,0.000000,0.000000,1,123.382,0.000,1.000000,835.452392578,590.653076172,739.695434570,721.933654785,0.000000000,0.000000000
Pyr,BF04DDE0AD58478F833CB925287288AE,2025-10-07T17:50:00.000Z,200.000000,300.000000,100.000000,0.000000,0.000000,1.000000,512,16,263.518,-0.745,0.000000,0.000000,0.000000,0.000000,1,80.595,0.000,1.000000,746.057556152,513.418151855,655.896850586,638.457519531,0.000000000,0.000000000
Pyr,BF04DDE0AD58478F833CB925287288AE,2025-10-07T17:52:00.000Z,200.000000,300.000000,100.000000,0.000000,0.000000,1.000000,512,16,264.002,-1.423,0.000000,0.000000,0.000000,0.000000,1,41.983,0.000,1.000000,528.963134766,338.894348145,457.554595947,441.804046631,0.000000000,0.000000000
Pyr,BF04DDE0AD58478F833CB925287288AE,2025-10-07T17:54:00.000Z,200.000000,300.000000,100.000000,0.000000,0.000000,1.000000,512,16,264.163,-1.634,0.000000,0.000000,0.000000,0.000000,1,36.503,0.000,1.000000,467.450531006,293.160278320,402.626647949,387.745849609,0.000000000,0.000000000
Pyr,BF04DDE0AD58478F833CB925287288AE,2025-10-07T17:56:00.000Z,200.000000,300.000000,100.000000,0.000000,0.000000,1.000000,512,16,264.647,-2.246,0.000000,0.000000,0.000000,0.000000,1,26.417,0.000,1.000000,316.764984131,188.670135498,278.296997070,261.244018555,0.000000000,0.000000000
Pyr,BF04DDE0AD58478F833CB925287288AE,2025-10-07T17:58:00.000Z,200.000000,300.000000,100.000000,0.000000,0.000000,1.000000,512,16,264.808,-2.446,0.000000,0.000000,0.000000,0.000000,1,24.217,0.000,1.000000,275.494628906,162.047119141,245.451126099,227.664306641,0.000000000,0.000000000
Pyr,BF04DDE0AD58478F833CB925287288AE,2025-10-07T18:00:00.000Z,200.000000,300.000000,100.000000,0.000000,0.000000,1.000000,512,16,265.291,-3.039,0.000000,0.000000,0.000000,0.000000,1,19.399,0.000,1.000000,174.608856201,99.537460327,163.917358398,146.021240234,0.000000000,0.000000000
