group,a,b,metric,n_rows,n_days,gain,lo,hi,unit,experiment
overall,H,D,rmse,45342,15,0.27998942982469543,-2.6241137533168795,4.380004876237727,E1,E1
overall,H,D,mae,45342,15,-1.3626361404141818,-3.4038919227851308,0.7477826594179295,E1,E1
overall,A,B,rmse,45342,15,-7.258386502487156,-13.50693030448444,-2.2544671596603982,E1,E1
overall,A,B,mae,45342,15,-3.069757149818713,-8.294418734357777,1.9024979791010241,E1,E1
overall,A,R,rmse,45342,15,-0.6146237753460184,-1.6987213884196322,0.10787426252709029,E1,E1
overall,A,R,mae,45342,15,-1.331170795355888,-2.3623986974228677,-0.21871964140533084,E1,E1
overall,R,B,rmse,45342,15,-6.643762727141137,-11.970227567753504,-2.14336422726391,E1,E1
overall,R,B,mae,45342,15,-1.738586354462825,-6.190702569501601,2.3367179410145664,E1,E1
overall,H,A,rmse,45342,15,131.76033102926428,71.43737358265562,186.99585281593855,E1,E1
overall,H,A,mae,45342,15,93.2016574747965,47.94180194862786,146.7010122088288,E1,E1
overall,P-sim,P-cs,rmse,45342,15,2.1100615949281263,-0.7092707696788985,6.676560514792064,E1,E1
overall,P-sim,P-cs,mae,45342,15,1.0677076124132938,-1.6161202556073209,4.088940621472277,E1,E1
overall,H,C,rmse,45342,15,1.4484415782065412,-4.114364109943337,6.831977222892664,E1,E1
overall,H,C,mae,45342,15,1.4920170544191933,-2.448691480965288,4.771475307371787,E1,E1
overall,H,P-sim,rmse,45342,15,-6.244089304067799,-11.26708108296615,-1.4973196281051258,E1,E1
overall,H,P-sim,mae,45342,15,-9.81335976372229,-14.871459133105306,-5.382146918066244,E1,E1
sensor:P0,H,D,rmse,5038,15,-1.4596374573192321,-2.544326319957003,-0.31132160660058217,E1,E1
sensor:P0,H,D,mae,5038,15,-1.8745657379719205,-3.102168646964561,-0.674566548636113,E1,E1
sensor:P0,A,B,rmse,5038,15,1.468563969550786,0.5221931893727578,2.154718494407554,E1,E1
sensor:P0,A,B,mae,5038,15,-0.487732878857571,-1.3017125166374093,0.31247891565703045,E1,E1
sensor:P0,A,R,rmse,5038,15,1.0391473896338255,0.08347034411736445,1.6966620912581944,E1,E1
sensor:P0,A,R,mae,5038,15,-0.6774192472583422,-1.6588492437970914,0.3232879833731241,E1,E1
sensor:P0,R,B,rmse,5038,15,0.4294165799169605,0.317983115449281,0.5385817208720958,E1,E1
sensor:P0,R,B,mae,5038,15,0.18968636840077124,-0.08907267596925265,0.4544148100739462,E1,E1
sensor:P0,H,A,rmse,5038,15,123.55290017423513,61.3060168663433,180.09736178020387,E1,E1
sensor:P0,H,A,mae,5038,15,88.27573497933795,42.76264706707084,142.61772410185324,E1,E1
sensor:P0,P-sim,P-cs,rmse,5038,15,-0.5343591692436149,-1.0819292217460958,0.06830590471514719,E1,E1
sensor:P0,P-sim,P-cs,mae,5038,15,-0.007501565652930253,-0.6845755754922846,0.6467973085558452,E1,E1
sensor:P0,H,C,rmse,5038,15,0.9533739743018117,-3.100593711980122,5.425281476065943,E1,E1
sensor:P0,H,C,mae,5038,15,1.9177478039341054,-3.819277214123443,6.76208140649615,E1,E1
sensor:P0,H,P-sim,rmse,5038,15,-5.956205476690968,-10.869457573070473,-1.3002722204179755,E1,E1
sensor:P0,H,P-sim,mae,5038,15,-10.55717559060929,-15.33916351051494,-6.046640408918884,E1,E1
sensor:P0,H,S,rmse,5038,15,-8.561371010382274,-13.201619548105382,-3.6620487139561115,E1,E1
sensor:P0,H,S,mae,5038,15,-9.983606176216746,-15.656608336066645,-4.732651289689814,E1,E1
sensor:P1,H,D,rmse,5038,15,-0.8516362619242557,-1.827885990721981,0.37696084426169174,E1,E1
sensor:P1,H,D,mae,5038,15,-1.3812785941998698,-2.433050218415679,-0.1640386447679429,E1,E1
sensor:P1,A,B,rmse,5038,15,2.657531109061779,1.957320451920814,3.3122603329915057,E1,E1
sensor:P1,A,B,mae,5038,15,1.809476661885867,0.8467624989017913,2.888288239193647,E1,E1
sensor:P1,A,R,rmse,5038,15,1.2461837554521082,0.49098512592401844,1.7971777881003403,E1,E1
sensor:P1,A,R,mae,5038,15,-0.49797689266884504,-1.2975973215954568,0.3876709660777641,E1,E1
sensor:P1,R,B,rmse,5038,15,1.4113473536096706,1.089562992128468,1.8746752335688917,E1,E1
sensor:P1,R,B,mae,5038,15,2.307453554554712,1.2970042075965686,3.4942305348823375,E1,E1
sensor:P1,H,A,rmse,5038,15,122.14557046273919,61.0630640925455,177.82165588087747,E1,E1
sensor:P1,H,A,mae,5038,15,87.35101890382559,43.637571272099436,139.66424631716419,E1,E1
sensor:P1,P-sim,P-cs,rmse,5038,15,-0.3168585611742998,-1.1527255491919361,0.9254632642122269,E1,E1
sensor:P1,P-sim,P-cs,mae,5038,15,0.12301251557308035,-1.1638954058832516,1.316181295080449,E1,E1
sensor:P1,H,C,rmse,5038,15,1.1724319933178577,-2.5979076483149903,4.885246427820702,E1,E1
sensor:P1,H,C,mae,5038,15,0.9354926858649577,-2.628658085189654,4.3447566030257185,E1,E1
sensor:P1,H,P-sim,rmse,5038,15,-4.428580674866268,-9.374845442262686,0.11839544162580688,E1,E1
sensor:P1,H,P-sim,mae,5038,15,-8.500546310675226,-13.483080965784039,-3.78777154773851,E1,E1
sensor:P1,H,S,rmse,5038,15,-6.593558881915001,-11.27263436952645,-1.4425432230088995,E1,E1
sensor:P1,H,S,mae,5038,15,-7.6626883791079194,-11.970672252756096,-3.1871939056136767,E1,E1
sensor:P3,H,D,rmse,5038,15,-1.1977842304881676,-2.3903709729051603,0.0946879424979715,E1,E1
sensor:P3,H,D,mae,5038,15,-1.6090542759288908,-2.9532932359149,-0.31137252569760987,E1,E1
sensor:P3,A,B,rmse,5038,15,2.2108608556006573,1.2764389670135663,2.954750447435959,E1,E1
sensor:P3,A,B,mae,5038,15,1.1231619787228908,0.15258053515278436,2.0529857887497793,E1,E1
sensor:P3,A,R,rmse,5038,15,1.5346139918192705,0.6413279523119428,2.183059901256597,E1,E1
sensor:P3,A,R,mae,5038,15,0.05708838355204193,-0.8365898756310095,0.9400226790906238,E1,E1
sensor:P3,R,B,rmse,5038,15,0.6762468637813868,0.5550000341017125,0.7981626673157592,E1,E1
sensor:P3,R,B,mae,5038,15,1.0660735951708489,0.618575827040328,1.5309352797476656,E1,E1
sensor:P3,H,A,rmse,5038,15,123.39240149371064,61.86865927304408,179.61761830957457,E1,E1
sensor:P3,H,A,mae,5038,15,88.32640553287938,43.908209370064675,141.09562361654824,E1,E1
sensor:P3,P-sim,P-cs,rmse,5038,15,-0.5813177497281146,-1.2701545155125402,0.17684626528235514,E1,E1
sensor:P3,P-sim,P-cs,mae,5038,15,-0.08864627110252599,-1.098901937427248,0.9467059662462302,E1,E1
sensor:P3,H,C,rmse,5038,15,0.8755895247044521,-2.8419603685312618,4.7212424764447345,E1,E1
sensor:P3,H,C,mae,5038,15,1.898741819528766,-2.7113228321118648,5.7186314321868625,E1,E1
sensor:P3,H,P-sim,rmse,5038,15,-4.9196864488810945,-10.054963480286863,-0.12062832444490469,E1,E1
sensor:P3,H,P-sim,mae,5038,15,-9.067315036232593,-14.10264730998161,-4.310199632521653,E1,E1
sensor:P3,H,S,rmse,5038,15,-7.260520336124912,-12.258310190063083,-2.126563248799322,E1,E1
sensor:P3,H,S,mae,5038,15,-8.06708650136575,-12.977205956849408,-3.39793254143184,E1,E1
sensor:P4,H,D,rmse,5038,15,-0.5249742877642376,-1.4707525329310798,0.7004906491511451,E1,E1
sensor:P4,H,D,mae,5038,15,-0.9761197799699701,-2.3181874994778235,0.19944740613274992,E1,E1
sensor:P4,A,B,rmse,5038,15,1.6385287034862017,0.789295328104226,2.272294207719298,E1,E1
sensor:P4,A,B,mae,5038,15,0.05047893197675535,-0.9753506914506346,1.2756767374650726,E1,E1
sensor:P4,A,R,rmse,5038,15,1.2373222882825985,0.37208864091675126,1.849200021921132,E1,E1
sensor:P4,A,R,mae,5038,15,-0.3654177378253394,-1.4277927440859528,0.8980471468725075,E1,E1
sensor:P4,R,B,rmse,5038,15,0.40120641520360323,0.3281829993751657,0.47987549028529625,E1,E1
sensor:P4,R,B,mae,5038,15,0.4158966698020947,0.29461866664525294,0.5342142979348935,E1,E1
sensor:P4,H,A,rmse,5038,15,126.8030460358435,66.4704602344112,182.3319967679959,E1,E1
sensor:P4,H,A,mae,5038,15,92.99035583401616,49.562654764967284,144.24430617538982,E1,E1
sensor:P4,P-sim,P-cs,rmse,5038,15,-0.21694423603469204,-0.8387440715627094,0.5436053279591806,E1,E1
sensor:P4,P-sim,P-cs,mae,5038,15,0.4978505625263452,-0.44440392579878196,1.5441929328904147,E1,E1
sensor:P4,H,C,rmse,5038,15,1.1845450936845339,-2.958450719989103,5.481775595208567,E1,E1
sensor:P4,H,C,mae,5038,15,3.4345274274988853,-0.5956132451004947,7.738958520252142,E1,E1
sensor:P4,H,P-sim,rmse,5038,15,-4.007223197526983,-9.139308807422985,0.6617988810659238,E1,E1
sensor:P4,H,P-sim,mae,5038,15,-6.556066591256595,-12.091314004511386,-1.1343649155478301,E1,E1
sensor:P4,H,S,rmse,5038,15,-4.966443031994771,-10.1141030249843,1.021417664402632,E1,E1
sensor:P4,H,S,mae,5038,15,-3.5481214289256187,-9.724264394614968,3.579597864057864,E1,E1
sensor:P5,H,D,rmse,5038,15,-1.1606239294087004,-2.1804129107018704,0.06859704676939404,E1,E1
sensor:P5,H,D,mae,5038,15,-1.2687448295979067,-2.4207153601781766,-0.07289856350171925,E1,E1
sensor:P5,A,B,rmse,5038,15,3.1644283563456383,2.405771644929847,3.854412436189269,E1,E1
sensor:P5,A,B,mae,5038,15,3.1052666783280642,1.9417244117777634,4.200309559560274,E1,E1
sensor:P5,A,R,rmse,5038,15,1.4818838560835275,0.8014542853461759,2.0167592696841674,E1,E1
sensor:P5,A,R,mae,5038,15,0.3928341400072384,-0.4177943636293975,1.2054225791312274,E1,E1
sensor:P5,R,B,rmse,5038,15,1.6825445002621109,1.3008983262920268,2.154166584853753,E1,E1
sensor:P5,R,B,mae,5038,15,2.712432538320826,1.3694794291618968,4.152744223667982,E1,E1
sensor:P5,H,A,rmse,5038,15,122.36970019965915,61.117450670266734,178.49430563518422,E1,E1
sensor:P5,H,A,mae,5038,15,87.558746210614,44.3884438086449,139.48156591194905,E1,E1
sensor:P5,P-sim,P-cs,rmse,5038,15,-0.6730343183861862,-1.5111912877078424,0.431259067262502,E1,E1
sensor:P5,P-sim,P-cs,mae,5038,15,-0.24134663564949932,-1.6972279920331625,1.2418557122964815,E1,E1
sensor:P5,H,C,rmse,5038,15,0.4912525852457037,-3.1824574919655073,4.1587527013270575,E1,E1
sensor:P5,H,C,mae,5038,15,0.8468063277405236,-2.765604441231436,4.301364732771018,E1,E1
sensor:P5,H,P-sim,rmse,5038,15,-4.660206722932131,-9.564266883006097,-0.12083171380231636,E1,E1
sensor:P5,H,P-sim,mae,5038,15,-8.105254069995013,-13.189883800935537,-3.492049374525591,E1,E1
sensor:P5,H,S,rmse,5038,15,-6.8382581591763625,-11.437480806869372,-2.009827507108302,E1,E1
sensor:P5,H,S,mae,5038,15,-7.683350720691379,-12.050365235347385,-3.226727413013498,E1,E1
sensor:P6,H,D,rmse,5038,15,-0.9424357814294666,-1.9431958604562882,0.2264818516680378,E1,E1
sensor:P6,H,D,mae,5038,15,-1.548015851619212,-2.7678922795201446,-0.42808531813339207,E1,E1
sensor:P6,A,B,rmse,5038,15,1.5511400835114273,0.6906741532095346,2.1915024834577337,E1,E1
sensor:P6,A,B,mae,5038,15,-0.23270640062955295,-1.1271472890692635,0.669268768068733,E1,E1
sensor:P6,A,R,rmse,5038,15,0.9929738866631226,0.1425635313621889,1.5825483724366292,E1,E1
sensor:P6,A,R,mae,5038,15,-0.7098417179247463,-1.688533395004498,0.3191267326547734,E1,E1
sensor:P6,R,B,rmse,5038,15,0.5581661968483047,0.4470971316011415,0.6698478025100576,E1,E1
sensor:P6,R,B,mae,5038,15,0.4771353172951933,0.27668997442430765,0.6687520734710375,E1,E1
sensor:P6,H,A,rmse,5038,15,124.0525857319564,63.56505417217198,179.68869028510272,E1,E1
sensor:P6,H,A,mae,5038,15,89.40893786511923,45.55413389262055,141.993023992495,E1,E1
sensor:P6,P-sim,P-cs,rmse,5038,15,-0.34203343798959907,-0.9455733617492108,0.380445273227591,E1,E1
sensor:P6,P-sim,P-cs,mae,5038,15,0.2509138937991082,-0.5505290383827498,1.0333382431524438,E1,E1
sensor:P6,H,C,rmse,5038,15,0.5844239203897246,-3.0710176514883556,4.387763163287265,E1,E1
sensor:P6,H,C,mae,5038,15,1.1695704505952875,-2.6352877516027475,4.828066673628881,E1,E1
sensor:P6,H,P-sim,rmse,5038,15,-4.39820235554393,-9.236366545291556,0.14859725607007782,E1,E1
sensor:P6,H,P-sim,mae,5038,15,-8.492243866888117,-13.534141515590973,-3.7140746924397567,E1,E1
sensor:P6,H,S,rmse,5038,15,-6.688878831639656,-11.314375968662413,-1.6598869378834176,E1,E1
sensor:P6,H,S,mae,5038,15,-7.595046229039475,-12.132924106308693,-2.824511939583752,E1,E1
sensor:P7,H,D,rmse,5038,15,-1.0110470311481947,-2.0541035284369764,0.27542759780444465,E1,E1
sensor:P7,H,D,mae,5038,15,-1.2977378911457507,-2.500230933257746,-0.025404639822467975,E1,E1
sensor:P7,A,B,rmse,5038,15,3.158595235722771,2.364854215594626,3.865872675769098,E1,E1
sensor:P7,A,B,mae,5038,15,3.2527697683369468,2.2701912803055757,4.230195060948214,E1,E1
sensor:P7,A,R,rmse,5038,15,1.3451242486697481,0.6086337738829848,1.8981705284151884,E1,E1
sensor:P7,A,R,mae,5038,15,0.14470791197166477,-0.6774991602899995,0.9750542048384163,E1,E1
sensor:P7,R,B,rmse,5038,15,1.813470987053023,1.4978043032976225,2.2182664686742974,E1,E1
sensor:P7,R,B,mae,5038,15,3.108061856365282,2.0273526161765525,4.229476322658684,E1,E1
sensor:P7,H,A,rmse,5038,15,123.57197747598393,62.72528945018646,179.80102302084728,E1,E1
sensor:P7,H,A,mae,5038,15,87.04183674348077,43.45277068278739,139.34596111891867,E1,E1
sensor:P7,P-sim,P-cs,rmse,5038,15,-0.5256031635572924,-1.2893285752311823,0.41612387718520183,E1,E1
sensor:P7,P-sim,P-cs,mae,5038,15,-0.10182739114370065,-1.5105872800079516,1.2794568741772923,E1,E1
sensor:P7,H,C,rmse,5038,15,1.469690347810399,-2.2550274872962017,5.557705366334352,E1,E1
sensor:P7,H,C,mae,5038,15,2.809290694297516,-0.9398093289280315,6.230703039126431,E1,E1
sensor:P7,H,P-sim,rmse,5038,15,-4.741393401049564,-9.654525568481947,-0.2176786765038919,E1,E1
sensor:P7,H,P-sim,mae,5038,15,-8.820313423264572,-13.812940198213377,-4.100806092368224,E1,E1
sensor:P7,H,S,rmse,5038,15,-6.212004170723674,-10.955460864507476,-1.0648641199939084,E1,E1
sensor:P7,H,S,mae,5038,15,-6.0667027403987746,-10.349831345152943,-1.6441501067788682,E1,E1
sensor:P8,H,D,rmse,5038,15,-1.2508379389922055,-2.279855696723863,-0.1211473157706185,E1,E1
sensor:P8,H,D,mae,5038,15,-1.7537674306484945,-3.033417175337436,-0.5440587360084671,E1,E1
sensor:P8,A,B,rmse,5038,15,1.3359553798811135,0.42265658057045885,1.9880306936588859,E1,E1
sensor:P8,A,B,mae,5038,15,-0.731065589447752,-1.4905884132930454,0.0393534411448312,E1,E1
sensor:P8,A,R,rmse,5038,15,0.9982299832409183,0.07140767404947114,1.6315084988719941,E1,E1
sensor:P8,A,R,mae,5038,15,-1.0011979626273444,-1.846308103726279,-0.11959919978090093,E1,E1
sensor:P8,R,B,rmse,5038,15,0.3377253966401952,0.2604496612035902,0.41556933353139053,E1,E1
sensor:P8,R,B,mae,5038,15,0.2701323731795924,0.0917497078227985,0.4219383687648782,E1,E1
sensor:P8,H,A,rmse,5038,15,123.14279900804878,61.85384516623979,179.46613944439252,E1,E1
sensor:P8,H,A,mae,5038,15,88.02805734781676,43.29266598186998,141.51491397886014,E1,E1
sensor:P8,P-sim,P-cs,rmse,5038,15,-0.4898829190067744,-1.0459487443331192,0.12515888846723025,E1,E1
sensor:P8,P-sim,P-cs,mae,5038,15,-0.06572268712878326,-0.7762416085250836,0.5684394162398446,E1,E1
sensor:P8,H,C,rmse,5038,15,1.1999313524895001,-2.655548522413456,5.3949703655139984,E1,E1
sensor:P8,H,C,mae,5038,15,2.2430300738381135,-2.271313780428211,6.202204490597302,E1,E1
sensor:P8,H,P-sim,rmse,5038,15,-5.003646308629655,-9.872043965513159,-0.4224578618908138,E1,E1
sensor:P8,H,P-sim,mae,5038,15,-9.427733497202347,-14.373598020353548,-4.607061275931138,E1,E1
sensor:P8,H,S,rmse,5038,15,-7.5780093941856705,-12.264568013600783,-2.509836185937443,E1,E1
sensor:P8,H,S,mae,5038,15,-8.492347475983237,-12.887645246478165,-3.7628184043240607,E1,E1
sensor:Pinc,H,D,rmse,5038,15,8.31484587768594,-16.844594799922636,36.04069325243248,E1,E1
sensor:Pinc,H,D,mae,5038,15,-0.5544408726459267,-24.906221769630832,23.87331725631742,E1,E1
sensor:Pinc,A,B,rmse,5038,15,-68.00796168453928,-105.83170763390935,-31.40623533347695,E1,E1
sensor:Pinc,A,B,mae,5038,15,-35.51746349868387,-81.43729902799984,7.495977730673645,E1,E1
sensor:Pinc,A,R,rmse,5038,15,-11.442699730778429,-14.038471812849007,-8.640688983444742,E1,E1
sensor:Pinc,A,R,mae,5038,15,-9.323314035429746,-13.871047430408268,-3.7946833718454287,E1,E1
sensor:Pinc,R,B,rmse,5038,15,-56.56526195376085,-91.82109771699737,-22.63960511593552,E1,E1
sensor:Pinc,R,B,mae,5038,15,-26.19414946325412,-67.27472340318086,11.514830683867727,E1,E1
sensor:Pinc,H,A,rmse,5038,15,185.0633012432634,124.06254788017115,243.11829035460428,E1,E1
sensor:Pinc,H,A,mae,5038,15,129.83382385607797,73.27558198202462,194.73251649981256,E1,E1
sensor:Pinc,P-sim,P-cs,rmse,5038,15,18.279809193112328,-2.4043859733968143,43.552234117286964,E1,E1
sensor:Pinc,P-sim,P-cs,mae,5038,15,9.242636090498806,-10.84402435955773,32.19115500002115,E1,E1
sensor:Pinc,H,C,rmse,5038,15,4.315610938663667,-18.988423014305173,27.70131584729831,E1,E1
sensor:Pinc,H,C,mae,5038,15,-1.8270537935256215,-24.100061708577858,19.47298120745723,E1,E1
sensor:Pinc,H,P-sim,rmse,5038,15,-15.958416771174058,-24.837943737452992,-8.03996670711096,E1,E1
sensor:Pinc,H,P-sim,mae,5038,15,-18.793589487377346,-28.600109601088324,-10.068444144843154,E1,E1
sky:sunny,H,D,rmse,10116,3,14.430912766017528,4.0445881143592715,32.761876102906434,E1,E1
sky:sunny,H,D,mae,10116,3,4.943776798192481,2.8099275289869183,8.989455764843946,E1,E1
sky:sunny,A,B,rmse,10116,3,18.11867361217356,6.036813783883723,47.70435669686695,E1,E1
sky:sunny,A,B,mae,10116,3,9.71775371916629,6.195153420922665,17.43705403420572,E1,E1
sky:sunny,A,R,rmse,10116,3,1.2256469604472784,0.06147531601217793,4.44849508525493,E1,E1
sky:sunny,A,R,mae,10116,3,1.2266283396440052,-0.56862754244478,2.336632565004173,E1,E1
sky:sunny,R,B,rmse,10116,3,16.89302665172628,5.262671637363653,43.255861611612026,E1,E1
sky:sunny,R,B,mae,10116,3,8.491125379522284,5.118332320147015,15.100421469201546,E1,E1
sky:sunny,H,A,rmse,10116,3,-10.041542838417442,-28.15830097795678,0.3604614097390417,E1,E1
sky:sunny,H,A,mae,10116,3,-11.475706286373295,-24.54645747241179,-0.2034861665432146,E1,E1
sky:sunny,P-sim,P-cs,rmse,10116,3,17.588539448634087,5.777668502643557,43.81029608751834,E1,E1
sky:sunny,P-sim,P-cs,mae,10116,3,9.586293736742778,6.310958295532224,17.24502161052176,E1,E1
sky:sunny,H,C,rmse,10116,3,14.015059643711282,8.2342621545625,24.824798356791682,E1,E1
sky:sunny,H,C,mae,10116,3,7.170311339211899,2.063515003769254,10.25194964308455,E1,E1
sky:sunny,H,P-sim,rmse,10116,3,-8.000490731741458,-21.355455988499212,0.20304910374333573,E1,E1
sky:sunny,H,P-sim,mae,10116,3,-10.016682419546608,-22.017889410841455,-0.4110044855703521,E1,E1
sky:mixed,H,D,rmse,13419,4,1.026126505071801,-1.2722345094761351,6.873508044843462,E1,E1
sky:mixed,H,D,mae,13419,4,-1.5214867168407835,-2.9849271070173704,-0.03828946383870857,E1,E1
sky:mixed,A,B,rmse,13419,4,-0.7557996303430059,-4.056389451956278,4.1361860252850216,E1,E1
sky:mixed,A,B,mae,13419,4,0.7399320214261564,-3.453056761876468,4.597756566206587,E1,E1
sky:mixed,A,R,rmse,13419,4,-0.5462406556128201,-2.3670765702587175,0.5539603386603176,E1,E1
sky:mixed,A,R,mae,13419,4,-1.0577040423070088,-3.4673163035634786,0.8582888448123356,E1,E1
sky:mixed,R,B,rmse,13419,4,-0.2095589747301858,-3.0628705949941093,4.051676917596705,E1,E1
sky:mixed,R,B,mae,13419,4,1.7976360637331652,-1.0184303512897657,4.159934652330248,E1,E1
sky:mixed,H,A,rmse,13419,4,38.32012503267629,18.18836255625172,56.2959753786574,E1,E1
sky:mixed,H,A,mae,13419,4,33.53332773300039,5.486570779266203,60.60618697278308,E1,E1
sky:mixed,P-sim,P-cs,rmse,13419,4,2.17451512412012,-0.7792979384443015,9.48033655583778,E1,E1
sky:mixed,P-sim,P-cs,mae,13419,4,0.6120097041998633,-1.6812396784456638,3.1687388031493597,E1,E1
sky:mixed,H,C,rmse,13419,4,7.3420811780436,3.0375965399991998,14.671247336674966,E1,E1
sky:mixed,H,C,mae,13419,4,3.519055583847347,-0.5089179847737881,8.186733003415142,E1,E1
sky:mixed,H,P-sim,rmse,13419,4,-1.2508864178144563,-9.026554576942928,3.728541510036223,E1,E1
sky:mixed,H,P-sim,mae,13419,4,-5.3995738000269995,-12.486659898257038,0.9571637308281851,E1,E1
sky:cloudy,H,D,rmse,11565,4,-2.710790154437248,-6.0766061714911075,-1.5186903712789217,E1,E1
sky:cloudy,H,D,mae,11565,4,-3.8781796760129055,-5.824145184678855,-2.227502569009957,E1,E1
sky:cloudy,A,B,rmse,11565,4,-8.800397563268973,-20.77384540739226,-2.0614240277618023,E1,E1
sky:cloudy,A,B,mae,11565,4,-7.78018042500571,-13.471540233139535,-2.5166854440070665,E1,E1
sky:cloudy,A,R,rmse,11565,4,-0.4111986152159943,-2.4181591855699764,0.5937856587761985,E1,E1
sky:cloudy,A,R,mae,11565,4,-2.1758829462717415,-2.8974320352242557,-1.6060802534638583,E1,E1
sky:cloudy,R,B,rmse,11565,4,-8.389198948052979,-18.0165195374785,-2.5563221763063666,E1,E1
sky:cloudy,R,B,mae,11565,4,-5.604297478733969,-11.30891703423228,-0.9288447898708228,E1,E1
sky:cloudy,H,A,rmse,11565,4,199.67043796841554,120.20793978648312,248.12873217398095,E1,E1
sky:cloudy,H,A,mae,11565,4,173.84547548670568,120.2444263914749,216.17388055215952,E1,E1
sky:cloudy,P-sim,P-cs,rmse,11565,4,-0.7169490870933544,-2.7071735457036366,1.8449451995358856,E1,E1
sky:cloudy,P-sim,P-cs,mae,11565,4,-2.488166264945974,-4.225246901272773,-0.488473280293789,E1,E1
sky:cloudy,H,C,rmse,11565,4,-2.7400325009438404,-8.550844434974039,6.830023242111054,E1,E1
sky:cloudy,H,C,mae,11565,4,2.6390038842104957,-2.729352499649764,8.236065388133689,E1,E1
sky:cloudy,H,P-sim,rmse,11565,4,-9.421820084071584,-16.97132488775003,0.23217385245592936,E1,E1
sky:cloudy,H,P-sim,mae,11565,4,-10.790841331964131,-23.92918207583692,-0.6249837140118757,E1,E1
sky:rainy,H,D,rmse,10242,4,-5.090660498147457,-12.851519048500052,-2.6865913312587395,E1,E1
sky:rainy,H,D,mae,10242,4,-4.542854497441766,-7.4853670322375265,-2.2368101911754934,E1,E1
sky:rainy,A,B,rmse,10242,4,-16.884680541920204,-31.97248531568448,-8.472962542712082,E1,E1
sky:rainy,A,B,mae,10242,4,-15.37249428729666,-22.635873539044837,-8.001232249867883,E1,E1
sky:rainy,A,R,rmse,10242,4,-1.3839762744887594,-4.345571614383289,0.33285644682149496,E1,E1
sky:rainy,A,R,mae,10242,4,-3.261970481304047,-4.877640423500196,-1.6588380540452476,E1,E1
sky:rainy,R,B,rmse,10242,4,-15.500704267431445,-27.62691370130122,-8.741399939585904,E1,E1
sky:rainy,R,B,mae,10242,4,-12.110523805992614,-17.75823311554464,-6.342394195822578,E1,E1
sky:rainy,H,A,rmse,10242,4,213.1433705099044,159.25672793234824,257.8324890822268,E1,E1
sky:rainy,H,A,mae,10242,4,183.70739593461158,143.54840791896626,227.8664186225404,E1,E1
sky:rainy,P-sim,P-cs,rmse,10242,4,-2.442606549827431,-8.459120586924648,-0.6914986814681185,E1,E1
sky:rainy,P-sim,P-cs,mae,10242,4,-2.733827791974541,-5.8385355166224855,-0.3006712679557779,E1,E1
sky:rainy,H,C,rmse,10242,4,-10.640781240811293,-11.690846176045,-10.199117079337348,E1,E1
sky:rainy,H,C,mae,10242,4,-8.067381275779567,-12.668661048227932,-4.484384158738365,E1,E1
sky:rainy,H,P-sim,rmse,10242,4,-11.16518993666591,-14.183043238801197,-9.403377181335706,E1,E1
sky:rainy,H,P-sim,mae,10242,4,-14.291704571747239,-18.462376964831734,-8.969926598171412,E1,E1
sky:cloudy+rainy,H,D,rmse,21807,8,-3.6647815297884563,-6.891729079027984,-2.3177071581805233,E1,E1
sky:cloudy+rainy,H,D,mae,21807,8,-4.190354643733116,-5.850415025875406,-2.689334898721,E1,E1
sky:cloudy+rainy,A,B,rmse,21807,8,-12.49552037617326,-23.299458381856283,-6.151920675867837,E1,E1
sky:cloudy+rainy,A,B,mae,21807,8,-11.346029857645902,-17.088224296776986,-6.136387873971086,E1,E1
sky:cloudy+rainy,A,R,rmse,21807,8,-0.8590969636269961,-2.7058831924159676,0.19599738274792847,E1,E1
sky:cloudy+rainy,A,R,mae,21807,8,-2.685981012663291,-3.6954404699022803,-1.792898872975769,E1,E1
sky:cloudy+rainy,R,B,rmse,21807,8,-11.636423412546264,-20.630136263143427,-6.285596236270582,E1,E1
sky:cloudy+rainy,R,B,mae,21807,8,-8.660048844982612,-13.47780046398227,-4.043829853649691,E1,E1
sky:cloudy+rainy,H,A,rmse,21807,8,205.3770149698542,156.38743977891815,242.88314127335167,E1,E1
sky:cloudy+rainy,H,A,mae,21807,8,178.4772812934399,144.59561147424745,210.84771631026535,E1,E1
sky:cloudy+rainy,P-sim,P-cs,rmse,21807,8,-1.3991632168863077,-3.3712427355106764,-0.10319266884031579,E1,E1
sky:cloudy+rainy,P-sim,P-cs,mae,21807,8,-2.603545058903272,-4.349117350509256,-1.0233832784386179,E1,E1
sky:cloudy+rainy,H,C,rmse,21807,8,-5.883094362175854,-9.802069911772234,-0.37643562104037154,E1,E1
sky:cloudy+rainy,H,C,mae,21807,8,-2.389418035751831,-7.875303658745467,2.8282756310121657,E1,E1
sky:cloudy+rainy,H,P-sim,rmse,21807,8,-10.065949328031053,-14.872307491257034,-4.327558092571679,E1,E1
sky:cloudy+rainy,H,P-sim,mae,21807,8,-12.435076728940267,-19.558059025672264,-5.42660409150546,E1,E1
shade:shaded,H,D,rmse,1495,15,4.7357873884709925,-8.82745993725578,19.878318315266352,E1,E1
shade:shaded,H,D,mae,1495,15,4.036189984865292,-4.778831616464295,13.860369738901952,E1,E1
shade:shaded,A,B,rmse,1495,15,24.783617987367045,13.066241868183413,34.07444444944009,E1,E1
shade:shaded,A,B,mae,1495,15,18.155020528612482,10.42816125401359,25.696750981521905,E1,E1
shade:shaded,A,R,rmse,1495,15,-0.7147116461932939,-4.6728724746849,3.6110074957192513,E1,E1
shade:shaded,A,R,mae,1495,15,-1.1847312146366846,-5.8335610040801065,3.596699972062298,E1,E1
shade:shaded,R,B,rmse,1495,15,25.49832963356034,10.330427212937629,38.098132543772394,E1,E1
shade:shaded,R,B,mae,1495,15,19.339751743249167,7.801174765888556,30.664259004535072,E1,E1
shade:shaded,H,A,rmse,1495,15,-0.17968999158197718,-6.7803402403173685,7.806342725733906,E1,E1
shade:shaded,H,A,mae,1495,15,2.1070792346952096,-4.122776737585295,9.27287390727448,E1,E1
shade:shaded,P-sim,P-cs,rmse,1495,15,0.9198320783523073,-12.315190728186947,16.263365185763632,E1,E1
shade:shaded,P-sim,P-cs,mae,1495,15,-0.3401476158567789,-7.968509393840566,8.944596044801145,E1,E1
shade:shaded,H,C,rmse,1495,15,39.14726125679152,19.481290993675373,62.80178239386545,E1,E1
shade:shaded,H,C,mae,1495,15,38.17393994970679,23.798410928105167,56.1377985113508,E1,E1
shade:shaded,H,P-sim,rmse,1495,15,2.750830822107062,1.5792206064711372,3.739011040877823,E1,E1
shade:shaded,H,P-sim,mae,1495,15,1.5595192661856458,-0.23881762076575633,3.1583249279553764,E1,E1
shade:unshaded,H,D,rmse,43755,15,0.23997977092771805,-2.6128985984449673,4.2340690597563855,E1,E1
shade:unshaded,H,D,mae,43755,15,-1.5555607027150131,-3.438580889142579,0.34565092440865663,E1,E1
shade:unshaded,A,B,rmse,43755,15,-7.534130894998555,-13.975994135559317,-2.4488786421876476,E1,E1
shade:unshaded,A,B,mae,43755,15,-3.810524901119294,-9.281311688543582,1.299548670637479,E1,E1
shade:unshaded,A,R,rmse,43755,15,-0.6199571471338459,-1.7215915152375558,0.11378383343484182,E1,E1
shade:unshaded,A,R,mae,43755,15,-1.3183280949716902,-2.339918831910586,-0.1865482828492895,E1,E1
shade:unshaded,R,B,rmse,43755,15,-6.914173747864709,-12.405687620270498,-2.3438129021260266,E1,E1
shade:unshaded,R,B,mae,43755,15,-2.4921968061476036,-7.109091404732125,1.6941831353941925,E1,E1
shade:unshaded,H,A,rmse,43755,15,134.18812067355043,72.8933617473892,190.44795677993264,E1,E1
shade:unshaded,H,A,mae,43755,15,96.46863041578244,49.49128448793172,152.01366853105395,E1,E1
shade:unshaded,P-sim,P-cs,rmse,43755,15,2.140496602415581,-0.63220653803263,6.626163672807201,E1,E1
shade:unshaded,P-sim,P-cs,mae,43755,15,1.116474910436402,-1.409227284153704,3.9747308122129525,E1,E1
shade:unshaded,H,C,rmse,43755,15,0.8884911695514006,-4.574801360036987,6.100103022698983,E1,E1
shade:unshaded,H,C,mae,43755,15,0.18143042581989732,-3.890322109191586,3.611447602682232,E1,E1
shade:unshaded,H,P-sim,rmse,43755,15,-6.390408381134563,-11.510442961119477,-1.5495847952397557,E1,E1
shade:unshaded,H,P-sim,mae,43755,15,-10.222582708718654,-15.441791121919898,-5.659043647576545,E1,E1
horizontals,H,D,rmse,40304,15,-1.051679142437365,-2.0430847887946895,0.13289849728088113,E1,E1
horizontals,H,D,mae,40304,15,-1.4636605488852013,-2.553877932097321,-0.4018871237868305,E1,E1
horizontals,A,B,rmse,40304,15,2.14794019499152,1.3559784038162228,2.787191417484878,E1,E1
horizontals,A,B,mae,40304,15,0.9862061437895875,0.23181436160240168,1.71201319292387,E1,E1
horizontals,A,R,rmse,40304,15,1.234388925310867,0.3988890464467971,1.8220531571236236,E1,E1
horizontals,A,R,mae,40304,15,-0.3321528903467481,-1.144922878134191,0.5253620550418352,E1,E1
horizontals,R,B,rmse,40304,15,0.9135512696806529,0.7515235359816067,1.1094001183334135,E1,E1
horizontals,R,B,mae,40304,15,1.3183590341363356,0.8257023545535521,1.8441027203148848,E1,E1
horizontals,H,A,rmse,40304,15,123.62496580833633,62.51319108053609,179.71925296941134,E1,E1
horizontals,H,A,mae,40304,15,88.62263667713623,44.74992914909366,141.37281770168315,E1,E1
horizontals,P-sim,P-cs,rmse,40304,15,-0.4604330732908579,-1.1122623070996247,0.3259369096582026,E1,E1
horizontals,P-sim,P-cs,mae,40304,15,0.04584155265262524,-0.9431908745247053,0.9894618022916805,E1,E1
horizontals,H,C,rmse,40304,15,0.9909878150601799,-2.7355395762028363,4.886269148383898,E1,E1
horizontals,H,C,mae,40304,15,1.906900910412304,-1.874218138863517,5.3628404459051255,E1,E1
horizontals,H,P-sim,rmse,40304,15,-4.766836442593231,-9.69427246340576,-0.21809626720493822,E1,E1
horizontals,H,P-sim,mae,40304,15,-8.690831048265423,-13.603245489259393,-4.0059225969251075,E1,E1
horizontals,H,S,rmse,40304,15,-6.840927580719352,-11.533569765108021,-1.8598313365066075,E1,E1
horizontals,H,S,mae,40304,15,-7.387368706466077,-11.754361683877688,-2.7844273729791076,E1,E1
overall,H,D,rmse,1495,15,6.389803316727583,-7.879127613642378,21.97617764826172,E3,E3
overall,H,D,mae,1495,15,5.906055979787741,-3.869229893868813,16.512213426244895,E3,E3
overall,A,B,rmse,1495,15,24.783617987367045,13.066241868183413,34.07444444944009,E3,E3
overall,A,B,mae,1495,15,18.155020528612482,10.42816125401359,25.696750981521905,E3,E3
overall,A,R,rmse,1495,15,-0.7147116461932939,-4.6728724746849,3.6110074957192513,E3,E3
overall,A,R,mae,1495,15,-1.1847312146366846,-5.8335610040801065,3.596699972062298,E3,E3
overall,R,B,rmse,1495,15,25.49832963356034,10.330427212937629,38.098132543772394,E3,E3
overall,R,B,mae,1495,15,19.339751743249167,7.801174765888556,30.664259004535072,E3,E3
overall,H,A,rmse,1495,15,-0.59266982120187,-7.313932465171839,7.52329985595882,E3,E3
overall,H,A,mae,1495,15,1.797970326411896,-4.611963680975592,9.147462228888175,E3,E3
overall,P-sim,P-cs,rmse,1495,15,0.9159833573522036,-12.319716083025838,16.260175462906922,E3,E3
overall,P-sim,P-cs,mae,1495,15,-0.3435472688048691,-7.9732147803587585,8.941932646753775,E3,E3
overall,H,C,rmse,1495,15,49.483808457333154,29.16628666809022,73.2738369310763,E3,E3
overall,H,C,mae,1495,15,48.63022016204778,32.94870135411258,68.19806093344778,E3,E3
overall,H,P-sim,rmse,1495,15,2.3415645450744407,1.3285287975936204,3.1925902020012398,E3,E3
overall,H,P-sim,mae,1495,15,1.253036442804916,-0.331080907804289,2.6477967709593964,E3,E3
sensor:P0,H,D,rmse,52,7,-7.36783026468869,-11.0080975988262,-2.193399000907465,E3,E3
sensor:P0,H,D,mae,52,7,-6.733213875253505,-9.686126140978057,-2.831157817223082,E3,E3
sensor:P0,A,B,rmse,52,7,-1.7520986029673722,-4.598518869539347,1.1080771628880024,E3,E3
sensor:P0,A,B,mae,52,7,-1.0183417696025643,-4.546683018338822,1.9380462017232691,E3,E3
sensor:P0,A,R,rmse,52,7,12.461514135283466,5.117130277569225,16.08521116378359,E3,E3
sensor:P0,A,R,mae,52,7,12.783588738358631,4.640099695941217,17.177818488415806,E3,E3
sensor:P0,R,B,rmse,52,7,-14.213612738250838,-17.931081400279684,-8.660616960483713,E3,E3
sensor:P0,R,B,mae,52,7,-13.801930507961195,-17.674358968267313,-7.716196750550228,E3,E3
sensor:P0,H,A,rmse,52,7,-2.085657918620271,-4.788711114515543,1.5993235500361134,E3,E3
sensor:P0,H,A,mae,52,7,-2.5624472444628275,-5.886975917847952,1.4478244406044112,E3,E3
sensor:P0,P-sim,P-cs,rmse,52,7,-0.8778092125308739,-2.8304272214505346,1.5678995036678747,E3,E3
sensor:P0,P-sim,P-cs,mae,52,7,0.4367072112826058,-2.0790662429283353,2.9281622155815867,E3,E3
sensor:P0,H,C,rmse,52,7,44.1731122258914,33.95177322155853,57.78357586063156,E3,E3
sensor:P0,H,C,mae,52,7,45.603314178242314,35.39894981194559,58.57961755422703,E3,E3
sensor:P0,H,P-sim,rmse,52,7,0.7055722441369028,-0.8696627178334532,2.843439701420335,E3,E3
sensor:P0,H,P-sim,mae,52,7,0.7043865412757828,-0.9073828378468072,2.7275670083826764,E3,E3
sensor:P0,H,S,rmse,52,7,-2.672305602744224,-11.223824583966026,7.772546027869268,E3,E3
sensor:P0,H,S,mae,52,7,-2.9792308217577013,-9.575457588909458,5.404345080469584,E3,E3
sensor:P1,H,D,rmse,193,8,19.702963940210957,-15.348767476051371,48.42826910923123,E3,E3
sensor:P1,H,D,mae,193,8,11.439250786609122,-10.976862225343464,35.21437095646769,E3,E3
sensor:P1,A,B,rmse,193,8,39.07200715514189,22.790812686066403,52.78939874040968,E3,E3
sensor:P1,A,B,mae,193,8,31.5824486379879,18.431206545421688,42.97482816527723,E3,E3
sensor:P1,A,R,rmse,193,8,-5.212172362355425,-10.483654731086835,1.824017562520729,E3,E3
sensor:P1,A,R,mae,193,8,-6.004719483477405,-11.777688498100973,1.3173282012075387,E3,E3
sensor:P1,R,B,rmse,193,8,44.284179517497314,22.222399012083184,60.32649123957046,E3,E3
sensor:P1,R,B,mae,193,8,37.587168121465304,18.330386665682244,52.700295257363706,E3,E3
sensor:P1,H,A,rmse,193,8,4.7400167818674035,-9.664589770003758,21.575837612829464,E3,E3
sensor:P1,H,A,mae,193,8,5.976126109923634,-7.446738745059768,20.83211735513339,E3,E3
sensor:P1,P-sim,P-cs,rmse,193,8,13.733408143236463,-21.301512983152595,44.026134223955744,E3,E3
sensor:P1,P-sim,P-cs,mae,193,8,3.290168800441357,-15.559741520787956,26.182991770860912,E3,E3
sensor:P1,H,C,rmse,193,8,63.08573498189083,19.10543653475808,105.73178694419232,E3,E3
sensor:P1,H,C,mae,193,8,52.24190157174576,21.709824137825294,92.87187404340791,E3,E3
sensor:P1,H,P-sim,rmse,193,8,2.4810571816327673,-0.3317383406721604,4.236375324084735,E3,E3
sensor:P1,H,P-sim,mae,193,8,0.8787592420055184,-2.4565087044173617,3.898870900102748,E3,E3
sensor:P1,H,S,rmse,193,8,33.85616416147001,-13.957891870639935,73.82894531071761,E3,E3
sensor:P1,H,S,mae,193,8,17.582841076063527,-9.35194865133602,52.939845724572855,E3,E3
sensor:P3,H,D,rmse,256,15,4.859015099383132,-4.642570697663787,15.139207917932975,E3,E3
sensor:P3,H,D,mae,256,15,5.569395816139323,-2.5875328126416868,14.532056204497174,E3,E3
sensor:P3,A,B,rmse,256,15,14.33056775721791,8.19784414789072,19.870957656348804,E3,E3
sensor:P3,A,B,mae,256,15,11.222645290194013,6.26681385292307,15.967005187050061,E3,E3
sensor:P3,A,R,rmse,256,15,0.2613354081944692,-6.019907185323289,5.596839921067448,E3,E3
sensor:P3,A,R,mae,256,15,0.7879930406739781,-5.7190725484849185,6.08979397024396,E3,E3
sensor:P3,R,B,rmse,256,15,14.06923234902344,5.073424067986722,22.85125629637932,E3,E3
sensor:P3,R,B,mae,256,15,10.434652249520035,2.9751694664950783,18.269793884956737,E3,E3
sensor:P3,H,A,rmse,256,15,-0.7078911397823937,-7.853802604702065,7.995305134669579,E3,E3
sensor:P3,H,A,mae,256,15,0.7452388762263524,-5.1472472127895275,7.844581102922358,E3,E3
sensor:P3,P-sim,P-cs,rmse,256,15,-1.5515287643646722,-8.226908331967365,6.872502338151829,E3,E3
sensor:P3,P-sim,P-cs,mae,256,15,-0.101014773725284,-6.2541949439418945,6.587661719364859,E3,E3
sensor:P3,H,C,rmse,256,15,49.185255072160665,33.902867708746385,65.54065308551634,E3,E3
sensor:P3,H,C,mae,256,15,48.30601713647246,33.74689479486138,64.06240200943719,E3,E3
sensor:P3,H,P-sim,rmse,256,15,2.3698005982212926,1.0326133086275406,3.2161314313316565,E3,E3
sensor:P3,H,P-sim,mae,256,15,1.1327289916051502,-0.6364279786289081,2.4852384367276468,E3,E3
sensor:P3,H,S,rmse,256,15,11.217216954948448,-0.050210130146461356,23.113084368376356,E3,E3
sensor:P3,H,S,mae,256,15,10.589522847409945,1.6075475346544872,20.29346457745353,E3,E3
sensor:P4,H,D,rmse,29,7,1.4020051166319565,-3.3265565522715423,4.891690917245436,E3,E3
sensor:P4,H,D,mae,29,7,0.86714625535555,-3.281741997410032,5.024908719385849,E3,E3
sensor:P4,A,B,rmse,29,7,-4.116474079207352,-6.629229825214578,-0.589411832919157,E3,E3
sensor:P4,A,B,mae,29,7,-3.5275647551264377,-6.601610839362292,0.9519961012614542,E3,E3
sensor:P4,A,R,rmse,29,7,-4.280503108984933,-13.440609224427282,6.0605162697917025,E3,E3
sensor:P4,A,R,mae,29,7,-5.345785026418945,-13.928093847971258,5.5720424853621715,E3,E3
sensor:P4,R,B,rmse,29,7,0.1640290297775806,-6.5557149558774865,7.698374103572179,E3,E3
sensor:P4,R,B,mae,29,7,1.8182202712925069,-4.9980327491413234,8.198931031778262,E3,E3
sensor:P4,H,A,rmse,29,7,4.3481862183321045,-1.1305208428233433,11.229440682625405,E3,E3
sensor:P4,H,A,mae,29,7,4.2216181650397395,-2.007947474076028,11.25123083978493,E3,E3
sensor:P4,P-sim,P-cs,rmse,29,7,0.6773128973835636,-2.5600049162407332,3.2906749398673654,E3,E3
sensor:P4,P-sim,P-cs,mae,29,7,0.365091053714222,-2.719703144902136,3.4872778727231957,E3,E3
sensor:P4,H,C,rmse,29,7,70.43306505161279,44.95871742474566,90.46992529450102,E3,E3
sensor:P4,H,C,mae,29,7,64.69041297313169,36.21936554577446,89.45137515929083,E3,E3
sensor:P4,H,P-sim,rmse,29,7,1.7213195149230494,-0.2764263979145145,3.1365429203550117,E3,E3
sensor:P4,H,P-sim,mae,29,7,1.6668893328418726,-0.1455565312422653,3.063835090209836,E3,E3
sensor:P4,H,S,rmse,29,7,13.029784060905326,-3.9770054291589503,24.03441648303054,E3,E3
sensor:P4,H,S,mae,29,7,7.501295536350083,-4.720081866923585,20.6327100634662,E3,E3
sensor:P5,H,D,rmse,407,15,0.5616911154212687,-15.229864646747492,20.22629990135478,E3,E3
sensor:P5,H,D,mae,407,15,3.814021214901018,-7.777134001911887,17.08088760483295,E3,E3
sensor:P5,A,B,rmse,407,15,24.502885859651983,5.308880557469939,40.773480481849035,E3,E3
sensor:P5,A,B,mae,407,15,20.981621552549544,8.713833351341293,32.79586460923758,E3,E3
sensor:P5,A,R,rmse,407,15,0.8459415309921354,-3.085502490753995,4.308629556222184,E3,E3
sensor:P5,A,R,mae,407,15,0.21043254611184992,-4.050201913597402,4.59600896084263,E3,E3
sensor:P5,R,B,rmse,407,15,23.656944328659847,2.342902408720448,43.43185914439676,E3,E3
sensor:P5,R,B,mae,407,15,20.771189006437695,4.702351440419812,35.84989683639391,E3,E3
sensor:P5,H,A,rmse,407,15,-3.7025958100363567,-9.443195002148514,4.316373724787158,E3,E3
sensor:P5,H,A,mae,407,15,-0.37027339497493017,-7.128531338752352,7.288462959287923,E3,E3
sensor:P5,P-sim,P-cs,rmse,407,15,-4.455934292321558,-18.3962673185963,14.657932810775394,E3,E3
sensor:P5,P-sim,P-cs,mae,407,15,-3.1780659909648037,-12.534422768289328,8.741453162892249,E3,E3
sensor:P5,H,C,rmse,407,15,39.952015612960565,15.69087749856466,69.40445671892519,E3,E3
sensor:P5,H,C,mae,407,15,42.56313176281623,25.24461709193075,65.39603642830824,E3,E3
sensor:P5,H,P-sim,rmse,407,15,2.569315936952357,1.695625023263093,3.340542751614495,E3,E3
sensor:P5,H,P-sim,mae,407,15,1.7451763477177558,0.2850850159121642,2.994233227810648,E3,E3
sensor:P5,H,S,rmse,407,15,9.919607068934077,-13.878174290804877,37.47345855336638,E3,E3
sensor:P5,H,S,mae,407,15,9.304733796395244,-4.807847599485283,27.53591505516132,E3,E3
sensor:P6,H,D,rmse,42,10,2.9428481937704145,-0.7234476060392151,5.614705590915932,E3,E3
sensor:P6,H,D,mae,42,10,2.3568002726296946,-1.6620151499059488,5.724766084749025,E3,E3
sensor:P6,A,B,rmse,42,10,-4.653506648102324,-6.557426097043787,-3.334235058386619,E3,E3
sensor:P6,A,B,mae,42,10,-5.26149348970635,-7.2544455217043975,-3.8239510239663,E3,E3
sensor:P6,A,R,rmse,42,10,-6.038979024009363,-11.513365585818455,-0.8163758170936848,E3,E3
sensor:P6,A,R,mae,42,10,-5.381325849426389,-11.121205959117892,-0.10172043406010325,E3,E3
sensor:P6,R,B,rmse,42,10,1.3854723759070389,-3.5769332836796646,6.259371622880852,E3,E3
sensor:P6,R,B,mae,42,10,0.11983235972003925,-4.920332658193513,5.745232939336862,E3,E3
sensor:P6,H,A,rmse,42,10,5.87783324430379,1.2664426075929285,11.330204110092682,E3,E3
sensor:P6,H,A,mae,42,10,5.037175744330494,0.7151659042026156,10.230765382238973,E3,E3
sensor:P6,P-sim,P-cs,rmse,42,10,-0.7464195196551469,-3.317887544477617,1.1610449104572513,E3,E3
sensor:P6,P-sim,P-cs,mae,42,10,-1.291174212518289,-3.6473804768001585,0.767510724181595,E3,E3
sensor:P6,H,C,rmse,42,10,59.91930555752858,46.3841816549074,71.7848892466198,E3,E3
sensor:P6,H,C,mae,42,10,56.06071505621145,40.913011218650766,69.67397406384202,E3,E3
sensor:P6,H,P-sim,rmse,42,10,1.1947048750528175,-0.5242574855389315,2.248381482472464,E3,E3
sensor:P6,H,P-sim,mae,42,10,1.0740082542538225,-0.48325190329722273,2.230675156975374,E3,E3
sensor:P6,H,S,rmse,42,10,15.033924617559792,3.6443339586329286,22.350411792734874,E3,E3
sensor:P6,H,S,mae,42,10,11.82041854827494,2.542680047595046,20.558696796784012,E3,E3
sensor:P7,H,D,rmse,408,15,8.854380818826257,-5.195747640092936,22.516752999927544,E3,E3
sensor:P7,H,D,mae,408,15,7.874782989224816,-3.296026841029308,19.182941865109672,E3,E3
sensor:P7,A,B,rmse,408,15,31.747956458222266,21.71860944018259,39.56006138261308,E3,E3
sensor:P7,A,B,mae,408,15,25.158391585919947,16.714971295699897,32.87559991160428,E3,E3
sensor:P7,A,R,rmse,408,15,-0.1407471128217317,-4.394523726176722,4.418557599966891,E3,E3
sensor:P7,A,R,mae,408,15,0.09064087634639861,-4.3369164040475745,4.347374098053814,E3,E3
sensor:P7,R,B,rmse,408,15,31.888703571043997,18.390798680572253,43.15606230437303,E3,E3
sensor:P7,R,B,mae,408,15,25.06775070957355,13.596102520943266,36.30181381619423,E3,E3
sensor:P7,H,A,rmse,408,15,-1.5302952481327345,-9.121496144441345,7.858780987491964,E3,E3
sensor:P7,H,A,mae,408,15,0.5393308811456556,-6.257761192584124,8.451346437253676,E3,E3
sensor:P7,P-sim,P-cs,rmse,408,15,2.119435300675093,-11.66889856960509,15.845066526899224,E3,E3
sensor:P7,P-sim,P-cs,mae,408,15,0.4667060790854336,-9.171793746399867,10.743626206884342,E3,E3
sensor:P7,H,C,rmse,408,15,51.47588319619755,31.73271816807428,72.93942046226458,E3,E3
sensor:P7,H,C,mae,408,15,49.51258926281722,33.40521092242756,67.96750779333252,E3,E3
sensor:P7,H,P-sim,rmse,408,15,2.7839448869517227,1.6322642658995306,3.674790994223275,E3,E3
sensor:P7,H,P-sim,mae,408,15,1.5307004111006641,-0.031191328093377053,2.928162350703158,E3,E3
sensor:P7,H,S,rmse,408,15,18.89687947120381,-1.0942654300127115,38.64694156065084,E3,E3
sensor:P7,H,S,mae,408,15,14.003602779974088,0.9919956269576276,29.09565235063583,E3,E3
sensor:P8,H,D,rmse,15,6,2.6543966484307013,-0.20026433504390706,4.854130444100118,E3,E3
sensor:P8,H,D,mae,15,6,1.785575978411071,-0.695729203802081,4.092585807151718,E3,E3
sensor:P8,A,B,rmse,15,6,-7.6028861798756395,-9.039922481777964,-6.730361609653901,E3,E3
sensor:P8,A,B,mae,15,6,-8.99854345557778,-10.156882746704161,-7.851099955818181,E3,E3
sensor:P8,A,R,rmse,15,6,-11.08524248884162,-16.42462101659696,-1.5159984887092133,E3,E3
sensor:P8,A,R,mae,15,6,-9.949152886782846,-16.52606054630854,-1.619734876905305,E3,E3
sensor:P8,R,B,rmse,15,6,3.482356308965981,-6.600036303828553,7.745611579157224,E3,E3
sensor:P8,R,B,mae,15,6,0.9506094312050664,-6.711652423199788,6.758867453237411,E3,E3
sensor:P8,H,A,rmse,15,6,12.952151777406772,5.0983790250253245,21.776263593981348,E3,E3
sensor:P8,H,A,mae,15,6,10.90778826448139,5.081261883662357,19.67939418925241,E3,E3
sensor:P8,P-sim,P-cs,rmse,15,6,-2.13731208342921,-5.628839571557042,2.5531847522867555,E3,E3
sensor:P8,P-sim,P-cs,mae,15,6,-2.0673919225131527,-5.652013101009181,1.7485574898658012,E3,E3
sensor:P8,H,C,rmse,15,6,62.23746557268514,40.43724202533983,73.71968242213227,E3,E3
sensor:P8,H,C,mae,15,6,58.89416038668138,32.89574729090865,74.92654800668197,E3,E3
sensor:P8,H,P-sim,rmse,15,6,-0.14177860766683104,-3.30434097040267,1.6927139451101407,E3,E3
sensor:P8,H,P-sim,mae,15,6,-0.5878183297448203,-3.294213789813435,1.4612741814015309,E3,E3
sensor:P8,H,S,rmse,15,6,9.430429320511728,0.5939952994368428,15.873515471513302,E3,E3
sensor:P8,H,S,mae,15,6,6.744610520014723,0.4230857684942659,13.852359255220092,E3,E3
sensor:Pinc,H,D,rmse,93,12,7.809062956348006,4.113696375674358,11.1252437022526,E3,E3
sensor:Pinc,H,D,mae,93,12,6.77425262309958,2.821943997805739,10.203250691454903,E3,E3
sensor:Pinc,A,B,rmse,93,12,0.08538847030691343,-3.714721927913744,4.349597963788579,E3,E3
sensor:Pinc,A,B,mae,93,12,-1.285847330853045,-4.349657792824485,1.6383721187503566,E3,E3
sensor:Pinc,A,R,rmse,93,12,-11.461277065449922,-15.894594234919968,-6.482157702902736,E3,E3
sensor:Pinc,A,R,mae,93,12,-11.517009865063933,-16.179430349707005,-6.138310879370732,E3,E3
sensor:Pinc,R,B,rmse,93,12,11.546665535756835,5.769871017579309,17.16062809540851,E3,E3
sensor:Pinc,R,B,mae,93,12,10.231162534210888,4.261454305836099,16.020259199655055,E3,E3
sensor:Pinc,H,A,rmse,93,12,10.720737214984291,5.722718611517808,16.565673449408244,E3,E3
sensor:Pinc,H,A,mae,93,12,9.785898316137159,5.3308177136149055,14.996647971497739,E3,E3
sensor:Pinc,P-sim,P-cs,rmse,93,12,0.6073983499819207,-1.0089821934326488,2.2937509154427165,E3,E3
sensor:Pinc,P-sim,P-cs,mae,93,12,0.3468236021514972,-1.7585287386468924,2.3383578642616833,E3,E3
sensor:Pinc,H,C,rmse,93,12,60.7771015196773,47.642314325751016,73.25103014108966,E3,E3
sensor:Pinc,H,C,mae,93,12,56.38133283474647,42.017147410516685,69.58563574303294,E3,E3
sensor:Pinc,H,P-sim,rmse,93,12,0.16812240188214567,-1.5766880606737665,1.4814064316987894,E3,E3
sensor:Pinc,H,P-sim,mae,93,12,-0.4554965306029466,-2.396115968672634,1.2198607015417553,E3,E3
sky:sunny,H,D,rmse,291,3,41.82778422157196,23.29986493199756,56.531943235563375,E3,E3
sky:sunny,H,D,mae,291,3,33.09876425393607,21.577485905273562,47.03218836785698,E3,E3
sky:sunny,A,B,rmse,291,3,37.43179019441914,19.963206427417205,52.164885793701174,E3,E3
sky:sunny,A,B,mae,291,3,26.01029605044444,16.85150868672917,39.21256698355741,E3,E3
sky:sunny,A,R,rmse,291,3,-0.11083211141691152,-8.390272047149574,10.383837930940173,E3,E3
sky:sunny,A,R,mae,291,3,-0.16220879877247718,-12.637282135862012,11.049709447903886,E3,E3
sky:sunny,R,B,rmse,291,3,37.542622305836055,9.57936849647703,60.55515784085075,E3,E3
sky:sunny,R,B,mae,291,3,26.172504849216914,5.801799238825282,51.849849119419424,E3,E3
sky:sunny,H,A,rmse,291,3,0.4673891795311871,-0.48233068194675255,1.9282700647698299,E3,E3
sky:sunny,H,A,mae,291,3,0.7450388114895006,0.14432602351744173,1.5154926027488198,E3,E3
sky:sunny,P-sim,P-cs,rmse,291,3,37.40572452050627,18.318574235566928,52.164885793701174,E3,E3
sky:sunny,P-sim,P-cs,mae,291,3,26.04018298645888,16.106542584516085,39.21256698355741,E3,E3
sky:sunny,H,C,rmse,291,3,101.31814178284036,62.5817791909134,133.57347999101628,E3,E3
sky:sunny,H,C,mae,291,3,96.97802901428216,65.25709479357991,132.10159009119735,E3,E3
sky:sunny,H,P-sim,rmse,291,3,0.2570983208620863,-0.35107313277271857,0.4559176624537926,E3,E3
sky:sunny,H,P-sim,mae,291,3,0.3043342678510026,-0.14420870020022125,0.5532343933542698,E3,E3
sky:mixed,H,D,rmse,381,4,-0.968135458626719,-13.196643886398855,9.050392766730248,E3,E3
sky:mixed,H,D,mae,381,4,-0.9683306302932557,-12.379700479349607,9.35073785363481,E3,E3
sky:mixed,A,B,rmse,381,4,21.83142475222255,6.150228537799119,33.623688123405,E3,E3
sky:mixed,A,B,mae,381,4,13.932274282011363,4.017449206179997,27.057986336708428,E3,E3
sky:mixed,A,R,rmse,381,4,0.6873232935058979,-9.764112886878127,10.441954325898205,E3,E3
sky:mixed,A,R,mae,381,4,1.9873577022262872,-7.483998227875137,11.684838362245818,E3,E3
sky:mixed,R,B,rmse,381,4,21.14410145871665,-2.749280608299294,43.38780101028313,E3,E3
sky:mixed,R,B,mae,381,4,11.944916579785076,-5.735086376098359,35.39820592978187,E3,E3
sky:mixed,H,A,rmse,381,4,-1.5966813187885762,-14.368665659724034,13.352642664031354,E3,E3
sky:mixed,H,A,mae,381,4,-0.43367231105358073,-12.197217493398611,14.18189515785262,E3,E3
sky:mixed,P-sim,P-cs,rmse,381,4,-5.613003541932581,-12.349829760409696,0.9764796844226851,E3,E3
sky:mixed,P-sim,P-cs,mae,381,4,-4.942307714965191,-9.768177136447669,-0.724101503637092,E3,E3
sky:mixed,H,C,rmse,381,4,32.828884062808555,16.238993954661467,44.52665769769971,E3,E3
sky:mixed,H,C,mae,381,4,32.7394992771695,18.094261811497237,45.711959252456026,E3,E3
sky:mixed,H,P-sim,rmse,381,4,2.7695229092077653,1.4842572429679493,3.8769223879356858,E3,E3
sky:mixed,H,P-sim,mae,381,4,1.5383092746234546,-1.0070939812878237,3.8281076341389237,E3,E3
sky:cloudy,H,D,rmse,428,4,-5.1653206089982575,-22.17505077827654,15.887351000880585,E3,E3
sky:cloudy,H,D,mae,428,4,-2.4694932681760218,-18.10762887960861,13.518104413023035,E3,E3
sky:cloudy,A,B,rmse,428,4,29.02358885346409,18.26427164076361,40.68081116155966,E3,E3
sky:cloudy,A,B,mae,428,4,22.89252393676402,15.842771985784045,31.901367738526318,E3,E3
sky:cloudy,A,R,rmse,428,4,-0.07859940423820788,-4.031927888627266,3.317840563015128,E3,E3
sky:cloudy,A,R,mae,428,4,-1.250185094091929,-5.040563030440023,3.006761329900682,E3,E3
sky:cloudy,R,B,rmse,428,4,29.1021882577023,15.179309140901587,44.42538386028378,E3,E3
sky:cloudy,R,B,mae,428,4,24.142709030855954,14.26717198732997,37.16306968680051,E3,E3
sky:cloudy,H,A,rmse,428,4,-5.541412372130278,-12.74043014102365,7.933345451493562,E3,E3
sky:cloudy,H,A,mae,428,4,-2.130043144260677,-10.240447977622821,6.745203989915938,E3,E3
sky:cloudy,P-sim,P-cs,rmse,428,4,-14.16436760788107,-23.642964380912687,4.263780084198032,E3,E3
sky:cloudy,P-sim,P-cs,mae,428,4,-9.517332518728468,-18.275800349936382,3.116887903087374,E3,E3
sky:cloudy,H,C,rmse,428,4,45.84640007561882,15.921834508832076,79.9947923417749,E3,E3
sky:cloudy,H,C,mae,428,4,47.834768920229195,19.871447528820177,80.34945635662287,E3,E3
sky:cloudy,H,P-sim,rmse,428,4,3.687309537930318,1.6870782546740202,4.652795912264274,E3,E3
sky:cloudy,H,P-sim,mae,428,4,3.2180536211169724,0.8916931766040381,4.828523364535271,E3,E3
sky:rainy,H,D,rmse,395,4,-8.387862186495514,-19.520816609110224,6.397960152415344,E3,E3
sky:rainy,H,D,mae,395,4,1.578962989388213,-13.454051449293104,14.023396437401816,E3,E3
sky:rainy,A,B,rmse,395,4,18.500240110360885,-8.171057203465786,40.021009414959224,E3,E3
sky:rainy,A,B,mae,395,4,11.307753906873412,-7.63734375155429,29.943532135784107,E3,E3
sky:rainy,A,R,rmse,395,4,-2.190668541932652,-9.502270735777714,5.947348413190319,E3,E3
sky:rainy,A,R,mae,395,4,-4.926770809407401,-12.266497255645785,6.763246786234642,E3,E3
sky:rainy,R,B,rmse,395,4,20.690908652293537,-14.118405616656105,49.31205329629865,E3,E3
sky:rainy,R,B,mae,395,4,16.234524716280813,-14.40059053778893,41.782304587078805,E3,E3
sky:rainy,H,A,rmse,395,4,2.7106011479272496,-11.87072459625125,20.656295659303048,E3,E3
sky:rainy,H,A,mae,395,4,8.982397367334993,-10.596055907076572,26.50023749955424,E3,E3
sky:rainy,P-sim,P-cs,rmse,395,4,-12.861337782846892,-18.289401329682544,-5.845606827490496,E3,E3
sky:rainy,P-sim,P-cs,mae,395,4,-5.40470597089948,-9.355092655766569,0.8506803611167104,E3,E3
sky:rainy,H,C,rmse,395,4,21.897558468631544,6.5924251242078,33.981664854091036,E3,E3
sky:rainy,H,C,mae,395,4,29.201373105432026,9.136719685245208,43.762969209716466,E3,E3
sky:rainy,H,P-sim,rmse,395,4,1.900897586657436,0.03898463293378995,3.1418393193797485,E3,E3
sky:rainy,H,P-sim,mae,395,4,-0.4523913251161815,-3.8823670875718808,2.592367263418936,E3,E3
sky:cloudy+rainy,H,D,rmse,823,8,-6.894091750901861,-16.50973238361189,4.332257935565497,E3,E3
sky:cloudy+rainy,H,D,mae,823,8,-0.5264310303414241,-11.44905916476931,9.44127527830422,E3,E3
sky:cloudy+rainy,A,B,rmse,823,8,22.486017045550522,6.459401419687498,35.0668654616692,E3,E3
sky:cloudy+rainy,A,B,mae,823,8,17.332397373207776,6.142298925655748,27.52470871913039,E3,E3
sky:cloudy+rainy,A,R,rmse,823,8,-1.3736591288281872,-6.14271308723464,3.6754721293251826,E3,E3
sky:cloudy+rainy,A,R,mae,823,8,-3.0147675455495424,-8.181563076927587,2.5927704369645976,E3,E3
sky:cloudy+rainy,R,B,rmse,823,8,23.85967617437871,4.305911157331422,40.80819254442748,E3,E3
sky:cloudy+rainy,R,B,mae,823,8,20.34716491875732,5.039251583791742,34.67715160356251,E3,E3
sky:cloudy+rainy,H,A,rmse,823,8,-0.445265368152409,-9.518549696618432,10.70565210179942,E3,E3
sky:cloudy+rainy,H,A,mae,823,8,3.2033882069911996,-6.643364786986385,14.48259098116448,E3,E3
sky:cloudy+rainy,P-sim,P-cs,rmse,823,8,-13.11252676230648,-19.017126770326303,-5.933136650520768,E3,E3
sky:cloudy+rainy,P-sim,P-cs,mae,823,8,-7.5434716604144345,-13.522765786979935,-0.5036577725465659,E3,E3
sky:cloudy+rainy,H,C,rmse,823,8,34.0890153619401,17.23714688514965,54.069510559454685,E3,E3
sky:cloudy+rainy,H,C,mae,823,8,38.89164456197297,22.121261918752147,58.76399451599581,E3,E3
sky:cloudy+rainy,H,P-sim,rmse,823,8,2.6375771847781024,1.2730777730491143,3.7481054751583467,E3,E3
sky:cloudy+rainy,H,P-sim,mae,823,8,1.4564184403610874,-1.1243886940725913,3.5972641701572776,E3,E3
shade:shaded,H,D,rmse,1495,15,6.389803316727583,-7.879127613642378,21.97617764826172,E3,E3
shade:shaded,H,D,mae,1495,15,5.906055979787741,-3.869229893868813,16.512213426244895,E3,E3
shade:shaded,A,B,rmse,1495,15,24.783617987367045,13.066241868183413,34.07444444944009,E3,E3
shade:shaded,A,B,mae,1495,15,18.155020528612482,10.42816125401359,25.696750981521905,E3,E3
shade:shaded,A,R,rmse,1495,15,-0.7147116461932939,-4.6728724746849,3.6110074957192513,E3,E3
shade:shaded,A,R,mae,1495,15,-1.1847312146366846,-5.8335610040801065,3.596699972062298,E3,E3
shade:shaded,R,B,rmse,1495,15,25.49832963356034,10.330427212937629,38.098132543772394,E3,E3
shade:shaded,R,B,mae,1495,15,19.339751743249167,7.801174765888556,30.664259004535072,E3,E3
shade:shaded,H,A,rmse,1495,15,-0.59266982120187,-7.313932465171839,7.52329985595882,E3,E3
shade:shaded,H,A,mae,1495,15,1.797970326411896,-4.611963680975592,9.147462228888175,E3,E3
shade:shaded,P-sim,P-cs,rmse,1495,15,0.9159833573522036,-12.319716083025838,16.260175462906922,E3,E3
shade:shaded,P-sim,P-cs,mae,1495,15,-0.3435472688048691,-7.9732147803587585,8.941932646753775,E3,E3
shade:shaded,H,C,rmse,1495,15,49.483808457333154,29.16628666809022,73.2738369310763,E3,E3
shade:shaded,H,C,mae,1495,15,48.63022016204778,32.94870135411258,68.19806093344778,E3,E3
shade:shaded,H,P-sim,rmse,1495,15,2.3415645450744407,1.3285287975936204,3.1925902020012398,E3,E3
shade:shaded,H,P-sim,mae,1495,15,1.253036442804916,-0.331080907804289,2.6477967709593964,E3,E3
horizontals,H,D,rmse,1402,15,6.400642416398426,-8.417204483000223,22.66229805360979,E3,E3
horizontals,H,D,mae,1402,15,5.848465189610849,-4.55642541265323,17.16511373679209,E3,E3
horizontals,A,B,rmse,1402,15,25.874687541611426,13.603950012159975,35.58592217540289,E3,E3
horizontals,A,B,mae,1402,15,19.444607340973608,11.121215823194616,27.37858822444658,E3,E3
horizontals,A,R,rmse,1402,15,-0.2885340259094278,-4.343344804457318,4.01692532419403,E3,E3
horizontals,A,R,mae,1402,15,-0.4993518177110552,-5.232616758175673,4.393442856493864,E3,E3
horizontals,R,B,rmse,1402,15,26.163221567520853,10.317867999842965,39.1199789753171,E3,E3
horizontals,R,B,mae,1402,15,19.943959158684663,7.7463636432148775,31.99002145331345,E3,E3
horizontals,H,A,rmse,1402,15,-1.049128626957046,-7.8954414530394255,7.197211062745288,E3,E3
horizontals,H,A,mae,1402,15,1.2681006380777653,-5.351132143818014,8.899256725725467,E3,E3
horizontals,P-sim,P-cs,rmse,1402,15,0.9351995765805796,-12.873162858570295,16.88279221608389,E3,E3
horizontals,P-sim,P-cs,mae,1402,15,-0.3893421981907039,-8.611264047072943,9.501173369773,E3,E3
horizontals,H,C,rmse,1402,15,49.046334741436354,28.356232018753754,73.42599450960049,E3,E3
horizontals,H,C,mae,1402,15,48.11605933568473,32.31665146038925,68.11541992680046,E3,E3
horizontals,H,P-sim,rmse,1402,15,2.425386601577106,1.413165660867302,3.281610969281752,E3,E3
horizontals,H,P-sim,mae,1402,15,1.366369942467493,-0.22455572321997694,2.7627302431564384,E3,E3
horizontals,H,S,rmse,1402,15,16.136683416841556,-5.502931418809596,39.0275192719046,E3,E3
horizontals,H,S,mae,1402,15,11.601388780763223,-1.090628371257235,27.71163482859509,E3,E3
overall,H,D,rmse,5038,15,-1.4617226703634714,-2.5891119259445134,-0.24893562927308233,E2:P0,E2
overall,H,D,mae,5038,15,-1.9629027843522806,-3.1888164612651426,-0.7008032219409122,E2:P0,E2
overall,A,B,rmse,5038,15,1.468563969550786,0.5221931893727578,2.154718494407554,E2:P0,E2
overall,A,B,mae,5038,15,-0.487732878857571,-1.3017125166374093,0.31247891565703045,E2:P0,E2
overall,A,R,rmse,5038,15,1.0391473896338255,0.08347034411736445,1.6966620912581944,E2:P0,E2
overall,A,R,mae,5038,15,-0.6774192472583422,-1.6588492437970914,0.3232879833731241,E2:P0,E2
overall,R,B,rmse,5038,15,0.4294165799169605,0.317983115449281,0.5385817208720958,E2:P0,E2
overall,R,B,mae,5038,15,0.18968636840077124,-0.08907267596925265,0.4544148100739462,E2:P0,E2
overall,H,A,rmse,5038,15,123.31911003143604,60.9577628144128,179.97978519424896,E2:P0,E2
overall,H,A,mae,5038,15,87.92865201652718,42.297433657244525,142.42393268461532,E2:P0,E2
overall,P-sim,P-cs,rmse,5038,15,-0.6290188174348827,-1.2145313290738187,0.020137040478461717,E2:P0,E2
overall,P-sim,P-cs,mae,5038,15,-0.061730740426355624,-0.7947834650549916,0.6221384992432747,E2:P0,E2
overall,H,P-sim,rmse,5038,15,-6.065507427017934,-10.945605390547286,-1.4448493120840422,E2:P0,E2
overall,H,P-sim,mae,5038,15,-10.832089665487395,-15.651373109820108,-6.246182205734606,E2:P0,E2
overall,H,S,rmse,5038,15,-8.795161153181368,-13.419254901961434,-3.938331802818478,E2:P0,E2
overall,H,S,mae,5038,15,-10.33068913902752,-16.065362701655797,-5.078968453543605,E2:P0,E2
overall,H,D,rmse,5038,15,-0.9290658810110557,-1.996136017985157,0.4140553856188033,E2:P1,E2
overall,H,D,mae,5038,15,-1.4589282896706948,-2.624860354109527,-0.09925270046746487,E2:P1,E2
overall,A,B,rmse,5038,15,2.657531109061779,1.957320451920814,3.3122603329915057,E2:P1,E2
overall,A,B,mae,5038,15,1.809476661885867,0.8467624989017913,2.888288239193647,E2:P1,E2
overall,A,R,rmse,5038,15,1.2461837554521082,0.49098512592401844,1.7971777881003403,E2:P1,E2
overall,A,R,mae,5038,15,-0.49797689266884504,-1.2975973215954568,0.3876709660777641,E2:P1,E2
overall,R,B,rmse,5038,15,1.4113473536096706,1.089562992128468,1.8746752335688917,E2:P1,E2
overall,R,B,mae,5038,15,2.307453554554712,1.2970042075965686,3.4942305348823375,E2:P1,E2
overall,H,A,rmse,5038,15,122.07313634786767,60.94005563828079,177.87194460440844,E2:P1,E2
overall,H,A,mae,5038,15,87.33385972702055,43.566259357681645,139.717489810601,E2:P1,E2
overall,P-sim,P-cs,rmse,5038,15,-0.4287607649759906,-1.3051957873950992,0.8488631251198431,E2:P1,E2
overall,P-sim,P-cs,mae,5038,15,0.0514737868371995,-1.2831273295878083,1.2783038963755846,E2:P1,E2
overall,H,P-sim,rmse,5038,15,-4.296663379316001,-9.1970950658456,0.2159080411069476,E2:P1,E2
overall,H,P-sim,mae,5038,15,-8.389223745388477,-13.38584268540124,-3.6837484846492474,E2:P1,E2
overall,H,S,rmse,5038,15,-6.665992996786514,-11.303775100058555,-1.510317420386899,E2:P1,E2
overall,H,S,mae,5038,15,-7.679847555912957,-11.986699604421599,-3.2181531946252866,E2:P1,E2
overall,H,D,rmse,5038,15,-1.2628500409906707,-2.59968828713957,0.1515777928634195,E2:P3,E2
overall,H,D,mae,5038,15,-1.654378598159262,-3.107846899267815,-0.24962887300008024,E2:P3,E2
overall,A,B,rmse,5038,15,2.2108608556006573,1.2764389670135663,2.954750447435959,E2:P3,E2
overall,A,B,mae,5038,15,1.1231619787228908,0.15258053515278436,2.0529857887497793,E2:P3,E2
overall,A,R,rmse,5038,15,1.5346139918192705,0.6413279523119428,2.183059901256597,E2:P3,E2
overall,A,R,mae,5038,15,0.05708838355204193,-0.8365898756310095,0.9400226790906238,E2:P3,E2
overall,R,B,rmse,5038,15,0.6762468637813868,0.5550000341017125,0.7981626673157592,E2:P3,E2
overall,R,B,mae,5038,15,1.0660735951708489,0.618575827040328,1.5309352797476656,E2:P3,E2
overall,H,A,rmse,5038,15,123.32773157774055,61.61938166086946,179.74397554154177,E2:P3,E2
overall,H,A,mae,5038,15,88.34963740984936,43.867708402953284,141.177257797975,E2:P3,E2
overall,P-sim,P-cs,rmse,5038,15,-0.6843639986568775,-1.428469251160824,0.12435198602714358,E2:P3,E2
overall,P-sim,P-cs,mae,5038,15,-0.1510563144046131,-1.199233107229748,0.9193525501452342,E2:P3,E2
overall,H,P-sim,rmse,5038,15,-4.886293429246166,-9.89925096332195,-0.2580864734684423,E2:P3,E2
overall,H,P-sim,mae,5038,15,-8.984280699781415,-14.023602601438935,-4.250508383189567,E2:P3,E2
overall,H,S,rmse,5038,15,-7.325190252094998,-12.20692130482345,-2.290535300055408,E2:P3,E2
overall,H,S,mae,5038,15,-8.043854624395763,-12.928177707217678,-3.3669194003344662,E2:P3,E2
overall,H,D,rmse,5038,15,-0.3150575421245634,-1.2904925688478563,0.9078556439310168,E2:P4,E2
overall,H,D,mae,5038,15,-0.7980092328645441,-2.2149217353970854,0.4987458845042589,E2:P4,E2
overall,A,B,rmse,5038,15,1.6385287034862017,0.789295328104226,2.272294207719298,E2:P4,E2
overall,A,B,mae,5038,15,0.05047893197675535,-0.9753506914506346,1.2756767374650726,E2:P4,E2
overall,A,R,rmse,5038,15,1.2373222882825985,0.37208864091675126,1.849200021921132,E2:P4,E2
overall,A,R,mae,5038,15,-0.3654177378253394,-1.4277927440859528,0.8980471468725075,E2:P4,E2
overall,R,B,rmse,5038,15,0.40120641520360323,0.3281829993751657,0.47987549028529625,E2:P4,E2
overall,R,B,mae,5038,15,0.4158966698020947,0.29461866664525294,0.5342142979348935,E2:P4,E2
overall,H,A,rmse,5038,15,126.7740386168866,66.47197804904953,182.17416363102026,E2:P4,E2
overall,H,A,mae,5038,15,92.97931915586128,49.609884767390696,144.18369622524943,E2:P4,E2
overall,P-sim,P-cs,rmse,5038,15,-0.28785389267832784,-0.9536572006462816,0.5109477893891311,E2:P4,E2
overall,P-sim,P-cs,mae,5038,15,0.45480827417128467,-0.5323576619410989,1.5282129760707817,E2:P4,E2
overall,H,P-sim,rmse,5038,15,-4.0304837518986005,-9.220365547908674,0.6712034991126917,E2:P4,E2
overall,H,P-sim,mae,5038,15,-6.564995910441787,-12.190689610865023,-1.107188247760054,E2:P4,E2
overall,H,S,rmse,5038,15,-4.995450450951665,-10.165343692139993,0.9413192242345911,E2:P4,E2
overall,H,S,mae,5038,15,-3.559158107080485,-9.771170723883248,3.620837383228929,E2:P4,E2
overall,H,D,rmse,5038,15,-1.2233438250118098,-2.4315541727241436,0.18473098560899154,E2:P5,E2
overall,H,D,mae,5038,15,-1.264067756013631,-2.5516289014384474,0.045016048969604865,E2:P5,E2
overall,A,B,rmse,5038,15,3.1644283563456383,2.405771644929847,3.854412436189269,E2:P5,E2
overall,A,B,mae,5038,15,3.1052666783280642,1.9417244117777634,4.200309559560274,E2:P5,E2
overall,A,R,rmse,5038,15,1.4818838560835275,0.8014542853461759,2.0167592696841674,E2:P5,E2
overall,A,R,mae,5038,15,0.3928341400072384,-0.4177943636293975,1.2054225791312274,E2:P5,E2
overall,R,B,rmse,5038,15,1.6825445002621109,1.3008983262920268,2.154166584853753,E2:P5,E2
overall,R,B,mae,5038,15,2.712432538320826,1.3694794291618968,4.152744223667982,E2:P5,E2
overall,H,A,rmse,5038,15,122.28668011749511,60.9831992663899,178.43211643100707,E2:P5,E2
overall,H,A,mae,5038,15,87.52952957276833,44.21358584079995,139.65748260338063,E2:P5,E2
overall,P-sim,P-cs,rmse,5038,15,-0.784580299894742,-1.673128675053843,0.35904764522878935,E2:P5,E2
overall,P-sim,P-cs,mae,5038,15,-0.31054680657173606,-1.7995790789059432,1.1974819641729535,E2:P5,E2
overall,H,P-sim,rmse,5038,15,-4.666809046768748,-9.510038465291203,-0.22039020250926197,E2:P5,E2
overall,H,P-sim,mae,5038,15,-8.084046304966755,-13.163150935551466,-3.3906090225116716,E2:P5,E2
overall,H,S,rmse,5038,15,-6.921278241340403,-11.449561552736963,-2.098053337159894,E2:P5,E2
overall,H,S,mae,5038,15,-7.712567358537058,-12.067823023239924,-3.2570631797964724,E2:P5,E2
overall,H,D,rmse,5038,15,-0.8023642172570078,-1.821934333440618,0.33217066139723345,E2:P6,E2
overall,H,D,mae,5038,15,-1.4722628679236962,-2.736632047123173,-0.32878408954773986,E2:P6,E2
overall,A,B,rmse,5038,15,1.5511400835114273,0.6906741532095346,2.1915024834577337,E2:P6,E2
overall,A,B,mae,5038,15,-0.23270640062955295,-1.1271472890692635,0.669268768068733,E2:P6,E2
overall,A,R,rmse,5038,15,0.9929738866631226,0.1425635313621889,1.5825483724366292,E2:P6,E2
overall,A,R,mae,5038,15,-0.7098417179247463,-1.688533395004498,0.3191267326547734,E2:P6,E2
overall,R,B,rmse,5038,15,0.5581661968483047,0.4470971316011415,0.6698478025100576,E2:P6,E2
overall,R,B,mae,5038,15,0.4771353172951933,0.27668997442430765,0.6687520734710375,E2:P6,E2
overall,H,A,rmse,5038,15,123.98282177577536,63.41996296228957,179.66168955415017,E2:P6,E2
overall,H,A,mae,5038,15,89.26727671514519,45.29375764115394,141.94211792860807,E2:P6,E2
overall,P-sim,P-cs,rmse,5038,15,-0.43229962042988745,-1.0665777621540098,0.3357049421474405,E2:P6,E2
overall,P-sim,P-cs,mae,5038,15,0.19264447957073827,-0.6455568034911392,1.003810345629497,E2:P6,E2
overall,H,P-sim,rmse,5038,15,-4.382848076622892,-9.327215445177472,0.20550752470572564,E2:P6,E2
overall,H,P-sim,mae,5038,15,-8.579272405966812,-13.692550270272188,-3.7146304601425753,E2:P6,E2
overall,H,S,rmse,5038,15,-6.7586427878206905,-11.374079387788283,-1.7697876282329088,E2:P6,E2
overall,H,S,mae,5038,15,-7.736707379013517,-12.23002375996642,-2.9533089064266265,E2:P6,E2
overall,H,D,rmse,5038,15,-1.1121568477038721,-2.3480316565501638,0.35035439697920046,E2:P7,E2
overall,H,D,mae,5038,15,-1.379144818001052,-2.710071401200576,0.02033492404951377,E2:P7,E2
overall,A,B,rmse,5038,15,3.158595235722771,2.364854215594626,3.865872675769098,E2:P7,E2
overall,A,B,mae,5038,15,3.2527697683369468,2.2701912803055757,4.230195060948214,E2:P7,E2
overall,A,R,rmse,5038,15,1.3451242486697481,0.6086337738829848,1.8981705284151884,E2:P7,E2
overall,A,R,mae,5038,15,0.14470791197166477,-0.6774991602899995,0.9750542048384163,E2:P7,E2
overall,R,B,rmse,5038,15,1.813470987053023,1.4978043032976225,2.2182664686742974,E2:P7,E2
overall,R,B,mae,5038,15,3.108061856365282,2.0273526161765525,4.229476322658684,E2:P7,E2
overall,H,A,rmse,5038,15,123.46717714835009,62.45008246708407,179.87974666434377,E2:P7,E2
overall,H,A,mae,5038,15,87.07265130837422,43.39948283578846,139.48496125475475,E2:P7,E2
overall,P-sim,P-cs,rmse,5038,15,-0.6349579482667735,-1.4469999990340157,0.34806495849182956,E2:P7,E2
overall,P-sim,P-cs,mae,5038,15,-0.16824744998749708,-1.6105999933884998,1.2535071431377616,E2:P7,E2
overall,H,P-sim,rmse,5038,15,-4.772562232032158,-9.598001593782225,-0.3091101517303799,E2:P7,E2
overall,H,P-sim,mae,5038,15,-8.742701515510035,-13.738467394584815,-3.9826585958219707,E2:P7,E2
overall,H,S,rmse,5038,15,-6.316804498357513,-11.090347376705207,-1.1476217793867638,E2:P7,E2
overall,H,S,mae,5038,15,-6.0358881755053275,-10.28704770478786,-1.5847296837706972,E2:P7,E2
overall,H,D,rmse,5038,15,-1.1962228178186933,-2.2511383985740765,-0.09487054621565384,E2:P8,E2
overall,H,D,mae,5038,15,-1.8047405115868287,-3.0822752987441078,-0.5742644601530397,E2:P8,E2
overall,A,B,rmse,5038,15,1.3359553798811135,0.42265658057045885,1.9880306936588859,E2:P8,E2
overall,A,B,mae,5038,15,-0.731065589447752,-1.4905884132930454,0.0393534411448312,E2:P8,E2
overall,A,R,rmse,5038,15,0.9982299832409183,0.07140767404947114,1.6315084988719941,E2:P8,E2
overall,A,R,mae,5038,15,-1.0011979626273444,-1.846308103726279,-0.11959919978090093,E2:P8,E2
overall,R,B,rmse,5038,15,0.3377253966401952,0.2604496612035902,0.41556933353139053,E2:P8,E2
overall,R,B,mae,5038,15,0.2701323731795924,0.0917497078227985,0.4219383687648782,E2:P8,E2
overall,H,A,rmse,5038,15,123.05716096071704,61.714514638243834,179.4001021226122,E2:P8,E2
overall,H,A,mae,5038,15,87.8442414074477,42.982463338790716,141.47965844504725,E2:P8,E2
overall,P-sim,P-cs,rmse,5038,15,-0.5852941116479542,-1.170358419722712,0.05885483317356927,E2:P8,E2
overall,P-sim,P-cs,mae,5038,15,-0.1255175291348536,-0.8652136751944642,0.5463048474729622,E2:P8,E2
overall,H,P-sim,rmse,5038,15,-4.958011445951669,-9.837484928049356,-0.3336897414815618,E2:P8,E2
overall,H,P-sim,mae,5038,15,-9.527529420470167,-14.483864306254858,-4.68866008130708,E2:P8,E2
overall,H,S,rmse,5038,15,-7.663647441517412,-12.301734467910094,-2.581613289825625,E2:P8,E2
overall,H,S,mae,5038,15,-8.676163416352296,-13.080618840821511,-3.938498619490431,E2:P8,E2
overall,H,D,rmse,5038,15,4.585555820840142,-21.721291294693486,33.25643045047495,E2:Pinc,E2
overall,H,D,mae,5038,15,-4.2246289362111185,-29.284424885288967,21.138326608402107,E2:Pinc,E2
overall,A,B,rmse,5038,15,-68.00796168453928,-105.83170763390935,-31.40623533347695,E2:Pinc,E2
overall,A,B,mae,5038,15,-35.51746349868387,-81.43729902799984,7.495977730673645,E2:Pinc,E2
overall,A,R,rmse,5038,15,-11.442699730778429,-14.038471812849007,-8.640688983444742,E2:Pinc,E2
overall,A,R,mae,5038,15,-9.323314035429746,-13.871047430408268,-3.7946833718454287,E2:Pinc,E2
overall,R,B,rmse,5038,15,-56.56526195376085,-91.82109771699737,-22.63960511593552,E2:Pinc,E2
overall,R,B,mae,5038,15,-26.19414946325412,-67.27472340318086,11.514830683867727,E2:Pinc,E2
overall,H,A,rmse,5038,15,181.0322197388879,121.67461967944972,237.72316480415887,E2:Pinc,E2
overall,H,A,mae,5038,15,125.89148548950192,69.21560182614101,189.54677848533726,E2:Pinc,E2
overall,P-sim,P-cs,rmse,5038,15,17.446537123530334,-3.999436112956474,43.06207686166162,E2:Pinc,E2
overall,P-sim,P-cs,mae,5038,15,8.089194794868718,-12.684813121175821,31.325869842074173,E2:Pinc,E2
overall,H,P-sim,rmse,5038,15,-19.13475626060989,-29.316025920594406,-10.185472480151283,E2:Pinc,E2
overall,H,P-sim,mae,5038,15,-21.58229150837593,-31.452395514037725,-13.155902672272237,E2:Pinc,E2
overall,H,D,rmse,20152,15,-1.131762813372518,-2.309464898370912,0.233751212010915,E2:shaded,E2
overall,H,D,mae,20152,15,-1.439129865461183,-2.6224088997112758,-0.14937275316069257,E2:shaded,E2
overall,A,B,rmse,20152,15,2.7977930585495585,2.0385859456422515,3.4505473296744733,E2:shaded,E2
overall,A,B,mae,20152,15,2.3226687718184564,1.4867799654391498,3.1554260990094645,E2:shaded,E2
overall,A,R,rmse,20152,15,1.402142169063552,0.6386044095733056,1.9686899316100896,E2:shaded,E2
overall,A,R,mae,20152,15,0.024163385715439745,-0.8033327618512466,0.8464545573876345,E2:shaded,E2
overall,R,B,rmse,20152,15,1.3956508894860065,1.132765355211189,1.7319058984899036,E2:shaded,E2
overall,R,B,mae,20152,15,2.2985053861030167,1.4041596404653387,3.27805055086924,E2:shaded,E2
overall,H,A,rmse,20152,15,122.78754287765254,61.435647949929056,178.8949925074808,E2:shaded,E2
overall,H,A,mae,20152,15,87.57141950450313,43.766164983383405,139.8570496090279,E2:shaded,E2
overall,P-sim,P-cs,rmse,20152,15,-0.6328701551664295,-1.4199698650257944,0.35726620335196707,E2:shaded,E2
overall,P-sim,P-cs,mae,20152,15,-0.14459419603163326,-1.4193696064492727,1.079562000323985,E2:shaded,E2
overall,H,P-sim,rmse,20152,15,-4.654740908690044,-9.537022125436737,-0.14148935633926754,E2:shaded,E2
overall,H,P-sim,mae,20152,15,-8.550063066411688,-13.512650772143783,-3.801138695034064,E2:shaded,E2
overall,H,S,rmse,20152,15,-6.807746542317702,-11.466779569217207,-1.8614665028064594,E2:shaded,E2
overall,H,S,mae,20152,15,-7.368039428587835,-11.61986440369731,-2.944302257045286,E2:shaded,E2
sensor:P1,H,D,rmse,5038,15,-0.9290658810110557,-1.996136017985157,0.4140553856188033,E2:shaded,E2
sensor:P1,H,D,mae,5038,15,-1.4589282896706948,-2.624860354109527,-0.09925270046746487,E2:shaded,E2
sensor:P1,A,B,rmse,5038,15,2.657531109061779,1.957320451920814,3.3122603329915057,E2:shaded,E2
sensor:P1,A,B,mae,5038,15,1.809476661885867,0.8467624989017913,2.888288239193647,E2:shaded,E2
sensor:P1,A,R,rmse,5038,15,1.2461837554521082,0.49098512592401844,1.7971777881003403,E2:shaded,E2
sensor:P1,A,R,mae,5038,15,-0.49797689266884504,-1.2975973215954568,0.3876709660777641,E2:shaded,E2
sensor:P1,R,B,rmse,5038,15,1.4113473536096706,1.089562992128468,1.8746752335688917,E2:shaded,E2
sensor:P1,R,B,mae,5038,15,2.307453554554712,1.2970042075965686,3.4942305348823375,E2:shaded,E2
sensor:P1,H,A,rmse,5038,15,122.07313634786767,60.94005563828079,177.87194460440844,E2:shaded,E2
sensor:P1,H,A,mae,5038,15,87.33385972702055,43.566259357681645,139.717489810601,E2:shaded,E2
sensor:P1,P-sim,P-cs,rmse,5038,15,-0.4287607649759906,-1.3051957873950992,0.8488631251198431,E2:shaded,E2
sensor:P1,P-sim,P-cs,mae,5038,15,0.0514737868371995,-1.2831273295878083,1.2783038963755846,E2:shaded,E2
sensor:P1,H,P-sim,rmse,5038,15,-4.296663379316001,-9.1970950658456,0.2159080411069476,E2:shaded,E2
sensor:P1,H,P-sim,mae,5038,15,-8.389223745388477,-13.38584268540124,-3.6837484846492474,E2:shaded,E2
sensor:P1,H,S,rmse,5038,15,-6.665992996786514,-11.303775100058555,-1.510317420386899,E2:shaded,E2
sensor:P1,H,S,mae,5038,15,-7.679847555912957,-11.986699604421599,-3.2181531946252866,E2:shaded,E2
sensor:P3,H,D,rmse,5038,15,-1.2628500409906707,-2.59968828713957,0.1515777928634195,E2:shaded,E2
sensor:P3,H,D,mae,5038,15,-1.654378598159262,-3.107846899267815,-0.24962887300008024,E2:shaded,E2
sensor:P3,A,B,rmse,5038,15,2.2108608556006573,1.2764389670135663,2.954750447435959,E2:shaded,E2
sensor:P3,A,B,mae,5038,15,1.1231619787228908,0.15258053515278436,2.0529857887497793,E2:shaded,E2
sensor:P3,A,R,rmse,5038,15,1.5346139918192705,0.6413279523119428,2.183059901256597,E2:shaded,E2
sensor:P3,A,R,mae,5038,15,0.05708838355204193,-0.8365898756310095,0.9400226790906238,E2:shaded,E2
sensor:P3,R,B,rmse,5038,15,0.6762468637813868,0.5550000341017125,0.7981626673157592,E2:shaded,E2
sensor:P3,R,B,mae,5038,15,1.0660735951708489,0.618575827040328,1.5309352797476656,E2:shaded,E2
sensor:P3,H,A,rmse,5038,15,123.32773157774055,61.61938166086946,179.74397554154177,E2:shaded,E2
sensor:P3,H,A,mae,5038,15,88.34963740984936,43.867708402953284,141.177257797975,E2:shaded,E2
sensor:P3,P-sim,P-cs,rmse,5038,15,-0.6843639986568775,-1.428469251160824,0.12435198602714358,E2:shaded,E2
sensor:P3,P-sim,P-cs,mae,5038,15,-0.1510563144046131,-1.199233107229748,0.9193525501452342,E2:shaded,E2
sensor:P3,H,P-sim,rmse,5038,15,-4.886293429246166,-9.89925096332195,-0.2580864734684423,E2:shaded,E2
sensor:P3,H,P-sim,mae,5038,15,-8.984280699781415,-14.023602601438935,-4.250508383189567,E2:shaded,E2
sensor:P3,H,S,rmse,5038,15,-7.325190252094998,-12.20692130482345,-2.290535300055408,E2:shaded,E2
sensor:P3,H,S,mae,5038,15,-8.043854624395763,-12.928177707217678,-3.3669194003344662,E2:shaded,E2
sensor:P5,H,D,rmse,5038,15,-1.2233438250118098,-2.4315541727241436,0.18473098560899154,E2:shaded,E2
sensor:P5,H,D,mae,5038,15,-1.264067756013631,-2.5516289014384474,0.045016048969604865,E2:shaded,E2
sensor:P5,A,B,rmse,5038,15,3.1644283563456383,2.405771644929847,3.854412436189269,E2:shaded,E2
sensor:P5,A,B,mae,5038,15,3.1052666783280642,1.9417244117777634,4.200309559560274,E2:shaded,E2
sensor:P5,A,R,rmse,5038,15,1.4818838560835275,0.8014542853461759,2.0167592696841674,E2:shaded,E2
sensor:P5,A,R,mae,5038,15,0.3928341400072384,-0.4177943636293975,1.2054225791312274,E2:shaded,E2
sensor:P5,R,B,rmse,5038,15,1.6825445002621109,1.3008983262920268,2.154166584853753,E2:shaded,E2
sensor:P5,R,B,mae,5038,15,2.712432538320826,1.3694794291618968,4.152744223667982,E2:shaded,E2
sensor:P5,H,A,rmse,5038,15,122.28668011749511,60.9831992663899,178.43211643100707,E2:shaded,E2
sensor:P5,H,A,mae,5038,15,87.52952957276833,44.21358584079995,139.65748260338063,E2:shaded,E2
sensor:P5,P-sim,P-cs,rmse,5038,15,-0.784580299894742,-1.673128675053843,0.35904764522878935,E2:shaded,E2
sensor:P5,P-sim,P-cs,mae,5038,15,-0.31054680657173606,-1.7995790789059432,1.1974819641729535,E2:shaded,E2
sensor:P5,H,P-sim,rmse,5038,15,-4.666809046768748,-9.510038465291203,-0.22039020250926197,E2:shaded,E2
sensor:P5,H,P-sim,mae,5038,15,-8.084046304966755,-13.163150935551466,-3.3906090225116716,E2:shaded,E2
sensor:P5,H,S,rmse,5038,15,-6.921278241340403,-11.449561552736963,-2.098053337159894,E2:shaded,E2
sensor:P5,H,S,mae,5038,15,-7.712567358537058,-12.067823023239924,-3.2570631797964724,E2:shaded,E2
sensor:P7,H,D,rmse,5038,15,-1.1121568477038721,-2.3480316565501638,0.35035439697920046,E2:shaded,E2
sensor:P7,H,D,mae,5038,15,-1.379144818001052,-2.710071401200576,0.02033492404951377,E2:shaded,E2
sensor:P7,A,B,rmse,5038,15,3.158595235722771,2.364854215594626,3.865872675769098,E2:shaded,E2
sensor:P7,A,B,mae,5038,15,3.2527697683369468,2.2701912803055757,4.230195060948214,E2:shaded,E2
sensor:P7,A,R,rmse,5038,15,1.3451242486697481,0.6086337738829848,1.8981705284151884,E2:shaded,E2
sensor:P7,A,R,mae,5038,15,0.14470791197166477,-0.6774991602899995,0.9750542048384163,E2:shaded,E2
sensor:P7,R,B,rmse,5038,15,1.813470987053023,1.4978043032976225,2.2182664686742974,E2:shaded,E2
sensor:P7,R,B,mae,5038,15,3.108061856365282,2.0273526161765525,4.229476322658684,E2:shaded,E2
sensor:P7,H,A,rmse,5038,15,123.46717714835009,62.45008246708407,179.87974666434377,E2:shaded,E2
sensor:P7,H,A,mae,5038,15,87.07265130837422,43.39948283578846,139.48496125475475,E2:shaded,E2
sensor:P7,P-sim,P-cs,rmse,5038,15,-0.6349579482667735,-1.4469999990340157,0.34806495849182956,E2:shaded,E2
sensor:P7,P-sim,P-cs,mae,5038,15,-0.16824744998749708,-1.6105999933884998,1.2535071431377616,E2:shaded,E2
sensor:P7,H,P-sim,rmse,5038,15,-4.772562232032158,-9.598001593782225,-0.3091101517303799,E2:shaded,E2
sensor:P7,H,P-sim,mae,5038,15,-8.742701515510035,-13.738467394584815,-3.9826585958219707,E2:shaded,E2
sensor:P7,H,S,rmse,5038,15,-6.316804498357513,-11.090347376705207,-1.1476217793867638,E2:shaded,E2
sensor:P7,H,S,mae,5038,15,-6.0358881755053275,-10.28704770478786,-1.5847296837706972,E2:shaded,E2
sky:sunny,H,D,rmse,4496,3,-1.0885393306072615,-4.636389162057036,0.7993250033190691,E2:shaded,E2
sky:sunny,H,D,mae,4496,3,-2.8563590947254767,-5.978328387176241,-0.3666146999762745,E2:shaded,E2
sky:sunny,A,B,rmse,4496,3,3.501484080199184,2.0128335005957325,8.276257066822541,E2:shaded,E2
sky:sunny,A,B,mae,4496,3,3.1611971422017575,2.070527636219534,3.8052724266978117,E2:shaded,E2
sky:sunny,A,R,rmse,4496,3,0.9912784151671445,-0.5482225367538796,1.6290081515440349,E2:shaded,E2
sky:sunny,A,R,mae,4496,3,1.191012356264256,-1.4727946771546598,3.0784766049771406,E2:shaded,E2
sky:sunny,R,B,rmse,4496,3,2.5102056650320392,0.6295886945343128,8.824479603576421,E2:shaded,E2
sky:sunny,R,B,mae,4496,3,1.9701847859375015,0.7267958217206711,3.543322313374194,E2:shaded,E2
sky:sunny,H,A,rmse,4496,3,-11.704134032119391,-29.253066985609525,-1.592798974554757,E2:shaded,E2
sky:sunny,H,A,mae,4496,3,-13.540257262010545,-26.017160182056887,-2.595630771279737,E2:shaded,E2
sky:sunny,P-sim,P-cs,rmse,4496,3,3.057028122834204,1.6934201130527242,6.103165279650913,E2:shaded,E2
sky:sunny,P-sim,P-cs,mae,4496,3,3.147104695106581,2.005093318272287,3.7010246518361143,E2:shaded,E2
sky:sunny,H,P-sim,rmse,4496,3,-9.352596342804816,-22.538769482187615,-1.768338564029147,E2:shaded,E2
sky:sunny,H,P-sim,mae,4496,3,-11.996281770890974,-23.47005707156161,-2.8306610527674785,E2:shaded,E2
sky:sunny,H,S,rmse,4496,3,-5.351377930017826,-8.76159396495725,1.8637787949853966,E2:shaded,E2
sky:sunny,H,S,mae,4496,3,-6.949467369067403,-15.589265705625671,1.488084708158791,E2:shaded,E2
sky:mixed,H,D,rmse,5964,4,-3.3104639756633105,-5.167620201935705,-1.8075316155712073,E2:shaded,E2
sky:mixed,H,D,mae,5964,4,-3.4174526949489064,-4.194458914784377,-2.385260149207099,E2:shaded,E2
sky:mixed,A,B,rmse,5964,4,1.8365803411214756,0.883408017394629,2.385548091709097,E2:shaded,E2
sky:mixed,A,B,mae,5964,4,1.0200407972740635,0.5455105020916733,1.636256859373185,E2:shaded,E2
sky:mixed,A,R,rmse,5964,4,0.7411785271521296,-0.7594813050103824,1.5355639798758887,E2:shaded,E2
sky:mixed,A,R,mae,5964,4,-0.26499374599782755,-2.5457285030944092,1.3476721168335875,E2:shaded,E2
sky:mixed,R,B,rmse,5964,4,1.095401813969346,0.7465040839268227,1.6343799525989198,E2:shaded,E2
sky:mixed,R,B,mae,5964,4,1.285034543271891,0.29406389225883345,3.166483783512888,E2:shaded,E2
sky:mixed,H,A,rmse,5964,4,32.70623757617139,17.19188412595271,50.78775656668476,E2:shaded,E2
sky:mixed,H,A,mae,5964,4,31.45230486987043,4.480613563036886,56.098409526729256,E2:shaded,E2
sky:mixed,P-sim,P-cs,rmse,5964,4,-1.5913960068747173,-2.6704687730851617,-0.07420427733284762,E2:shaded,E2
sky:mixed,P-sim,P-cs,mae,5964,4,-1.3571831968351944,-2.5233309506785417,-0.4024126900312649,E2:shaded,E2
sky:mixed,H,P-sim,rmse,5964,4,-1.0435555823170546,-8.583745409582193,3.712916634547298,E2:shaded,E2
sky:mixed,H,P-sim,mae,5964,4,-5.035610590415672,-11.992737527198244,1.2045605170038272,E2:shaded,E2
sky:mixed,H,S,rmse,5964,4,-8.567207626104633,-18.421280801586917,-3.4029304990786073,E2:shaded,E2
sky:mixed,H,S,mae,5964,4,-11.007843259638477,-15.336677022472585,-5.414593618382334,E2:shaded,E2
sky:cloudy,H,D,rmse,5140,4,-0.4144573211276281,-1.0977244531504482,0.48415664234715905,E2:shaded,E2
sky:cloudy,H,D,mae,5140,4,-0.45542219079726465,-1.8647617758716624,1.0714755256342272,E2:shaded,E2
sky:cloudy,A,B,rmse,5140,4,3.716583559753701,2.733519842344066,4.279051843564381,E2:shaded,E2
sky:cloudy,A,B,mae,5140,4,3.4445800296907123,2.649755537582905,4.220095615048882,E2:shaded,E2
sky:cloudy,A,R,rmse,5140,4,2.0605583334969424,1.1377756133308878,2.582338882772376,E2:shaded,E2
sky:cloudy,A,R,mae,5140,4,0.05802567350860954,-0.708622783405815,1.0190418489814306,E2:shaded,E2
sky:cloudy,R,B,rmse,5140,4,1.6560252262567587,1.5005442861913139,1.9950806071834108,E2:shaded,E2
sky:cloudy,R,B,mae,5140,4,3.3865543561821028,2.653296794845602,4.529456680580324,E2:shaded,E2
sky:cloudy,H,A,rmse,5140,4,191.44135672896493,108.38737867345203,243.80799839263693,E2:shaded,E2
sky:cloudy,H,A,mae,5140,4,165.90331727986768,110.4869995161959,209.66522838293446,E2:shaded,E2
sky:cloudy,P-sim,P-cs,rmse,5140,4,-1.1604878940660086,-3.912864656736822,-0.4338204667302108,E2:shaded,E2
sky:cloudy,P-sim,P-cs,mae,5140,4,-1.9134071918606637,-4.6343375376417235,0.338309034049459,E2:shaded,E2
sky:cloudy,H,P-sim,rmse,5140,4,-6.946995457483169,-15.254470078908355,8.490197038930035,E2:shaded,E2
sky:cloudy,H,P-sim,mae,5140,4,-7.631043859278321,-22.12863347964111,4.435808160740272,E2:shaded,E2
sky:cloudy,H,S,rmse,5140,4,-7.419610106888925,-18.894773120632777,6.336387812596868,E2:shaded,E2
sky:cloudy,H,S,mae,5140,4,-5.509821430778885,-18.826737166774464,4.668993692760921,E2:shaded,E2
sky:rainy,H,D,rmse,4552,4,1.527214190430783,0.3671501286474168,2.10470000279264,E2:shaded,E2
sky:rainy,H,D,mae,4552,4,1.4418724460643872,0.19515949150839162,2.595355790567861,E2:shaded,E2
sky:rainy,A,B,rmse,4552,4,3.388082173878331,1.0679282070591682,4.551558274820479,E2:shaded,E2
sky:rainy,A,B,mae,4552,4,1.9343176781182478,-0.8660340953827017,4.738056655086183,E2:shaded,E2
sky:rainy,A,R,rmse,4552,4,1.6990964683252514,-0.2104247311102938,2.7839715702185117,E2:shaded,E2
sky:rainy,A,R,mae,4552,4,-0.7877153483147197,-1.9400855162957669,0.4475003103127051,E2:shaded,E2
sky:rainy,R,B,rmse,4552,4,1.6889857055530797,1.2239529902861364,2.597769273055474,E2:shaded,E2
sky:rainy,R,B,mae,4552,4,2.7220330264329675,0.09622871167260882,5.3750159429823094,E2:shaded,E2
sky:rainy,H,A,rmse,4552,4,200.13004083349625,139.27714128068342,249.9251737046867,E2:shaded,E2
sky:rainy,H,A,mae,4552,4,172.515739332671,129.75413001513274,221.16695711396113,E2:shaded,E2
sky:rainy,P-sim,P-cs,rmse,4552,4,-0.00385748786679585,-0.9789754961434127,0.7677000464447303,E2:shaded,E2
sky:rainy,P-sim,P-cs,mae,4552,4,0.19022596758792076,-0.5613446689468767,1.591581283541231,E2:shaded,E2
sky:rainy,H,P-sim,rmse,4552,4,-6.8614919917928034,-9.180801549338113,-4.571941590487825,E2:shaded,E2
sky:rainy,H,P-sim,mae,4552,4,-10.788585473302511,-14.892184454616256,-5.552393173146175,E2:shaded,E2
sky:rainy,H,S,rmse,4552,4,-4.908906138356556,-7.496746559027159,0.4465737715675573,E2:shaded,E2
sky:rainy,H,S,mae,4552,4,-5.110866853885753,-12.048818847538286,1.9588805738438921,E2:shaded,E2
sky:cloudy+rainy,H,D,rmse,9692,8,0.37478783565619267,-0.5126135079452048,1.4965161094574748,E2:shaded,E2
sky:cloudy+rainy,H,D,mae,9692,8,0.43567202989962084,-0.7365056398572906,1.6027848269862577,E2:shaded,E2
sky:cloudy+rainy,A,B,rmse,9692,8,3.5656467019267097,2.5602093229632628,4.24862349901073,E2:shaded,E2
sky:cloudy+rainy,A,B,mae,9692,8,2.73526159960835,1.1835083179407448,4.0745143631058305,E2:shaded,E2
sky:cloudy+rainy,A,R,rmse,9692,8,1.895441314619461,0.907880769409978,2.539308340125117,E2:shaded,E2
sky:cloudy+rainy,A,R,mae,9692,8,-0.3391898786312879,-1.1518824414089663,0.42590562316213143,E2:shaded,E2
sky:cloudy+rainy,R,B,rmse,9692,8,1.6702053873072487,1.4208163949839885,2.0888723468098958,E2:shaded,E2
sky:cloudy+rainy,R,B,mae,9692,8,3.074451478239638,1.7771447520920396,4.46003733661295,E2:shaded,E2
sky:cloudy+rainy,H,A,rmse,9692,8,194.79701718026337,140.95957755345577,235.4558932396948,E2:shaded,E2
sky:cloudy+rainy,H,A,mae,9692,8,169.00894513628128,132.45330498871408,203.1861616480343,E2:shaded,E2
sky:cloudy+rainy,P-sim,P-cs,rmse,9692,8,-0.6887680153211164,-1.9715254908700433,-0.005496146987915342,E2:shaded,E2
sky:cloudy+rainy,P-sim,P-cs,mae,9692,8,-0.9254028437581212,-2.65519746397785,0.5534050063435959,E2:shaded,E2
sky:cloudy+rainy,H,P-sim,rmse,9692,8,-6.852353344640235,-12.476255008070487,0.7430022631972211,E2:shaded,E2
sky:cloudy+rainy,H,P-sim,mae,9692,8,-9.114032863306186,-17.03632497166118,-1.4128135787316245,E2:shaded,E2
sky:cloudy+rainy,H,S,rmse,9692,8,-6.348252785894886,-14.06169572142557,2.9573347002111188,E2:shaded,E2
sky:cloudy+rainy,H,S,mae,9692,8,-5.322446148688755,-13.01297369486687,1.8073731657530012,E2:shaded,E2
shade:shaded,H,D,rmse,1264,15,5.243497579036575,-9.943574244511089,21.931096602776066,E2:shaded,E2
shade:shaded,H,D,mae,1264,15,4.795683451690529,-5.648070206384735,16.03117111150132,E2:shaded,E2
shade:shaded,A,B,rmse,1264,15,27.63189014838836,14.341533836579034,37.762121063243434,E2:shaded,E2
shade:shaded,A,B,mae,1264,15,21.971956899022413,12.731602176480926,30.240517396078825,E2:shaded,E2
shade:shaded,A,R,rmse,1264,15,-0.46283758751753723,-4.63335369903021,3.968485355135922,E2:shaded,E2
shade:shaded,A,R,mae,1264,15,-0.6602508845583479,-5.319702169143983,4.342335646170837,E2:shaded,E2
shade:shaded,R,B,rmse,1264,15,28.0947277359059,11.58340603208164,41.3667453654815,E2:shaded,E2
shade:shaded,R,B,mae,1264,15,22.63220778358076,9.794896323643567,35.0638796542034,E2:shaded,E2
shade:shaded,H,A,rmse,1264,15,-1.0461758456278005,-8.124781540180914,7.505761473335348,E2:shaded,E2
shade:shaded,H,A,mae,1264,15,1.3656367398743754,-5.753049911238487,9.453764225416892,E2:shaded,E2
shade:shaded,P-sim,P-cs,rmse,1264,15,0.9931131564335978,-13.68153242213696,17.978926774331107,E2:shaded,E2
shade:shaded,P-sim,P-cs,mae,1264,15,-0.4121207950118624,-9.549738433041776,10.686196050980215,E2:shaded,E2
shade:shaded,H,P-sim,rmse,1264,15,2.8307401680490756,1.631779581432893,3.8283728671132105,E2:shaded,E2
shade:shaded,H,P-sim,mae,1264,15,1.690659477189545,-0.23109192650005694,3.3701918763423055,E2:shaded,E2
shade:shaded,H,S,rmse,1264,15,17.0635512112551,-5.558023816541244,40.95259512588494,E2:shaded,E2
shade:shaded,H,S,mae,1264,15,12.592997140742781,-1.037318645569605,29.896153155527923,E2:shaded,E2
shade:unshaded,H,D,rmse,18829,15,-1.2839541247580968,-2.6481010892608077,0.24970138087258384,E2:shaded,E2
shade:unshaded,H,D,mae,18829,15,-1.876987942004945,-3.5898987132928304,-0.3005903488082655,E2:shaded,E2
shade:unshaded,A,B,rmse,18829,15,2.5620477066854335,1.6729765490288984,3.314182232863747,E2:shaded,E2
shade:unshaded,A,B,mae,18829,15,0.9748387522012933,0.15394829665240195,1.7353331413298712,E2:shaded,E2
shade:unshaded,A,R,rmse,18829,15,1.4607098418296118,0.6805468140965338,2.039025704042115,E2:shaded,E2
shade:unshaded,A,R,mae,18829,15,0.09496689624705823,-0.6021291169612916,0.8171471619894871,E2:shaded,E2
shade:unshaded,R,B,rmse,18829,15,1.1013378648558216,0.8819193120514968,1.3203227347493438,E2:shaded,E2
shade:unshaded,R,B,mae,18829,15,0.8798718559542351,0.42447511946434063,1.2864303338782277,E2:shaded,E2
shade:unshaded,H,A,rmse,18829,15,127.1701902889265,63.93050057151949,185.58245163474305,E2:shaded,E2
shade:unshaded,H,A,mae,18829,15,93.55652567358128,46.5797683829146,150.24973755437372,E2:shaded,E2
shade:unshaded,P-sim,P-cs,rmse,18829,15,-0.6825405382760579,-1.4578270464322458,0.16042299970449675,E2:shaded,E2
shade:unshaded,P-sim,P-cs,mae,18829,15,-0.13217753904437757,-1.1143078760993301,0.8229602703303728,E2:shaded,E2
shade:unshaded,H,P-sim,rmse,18829,15,-4.886943119798673,-9.958296342272199,-0.24802205048934495,E2:shaded,E2
shade:unshaded,H,P-sim,mae,18829,15,-9.266430056735146,-14.518959174686442,-4.288023185922749,E2:shaded,E2
shade:unshaded,H,S,rmse,18829,15,-7.5120363261141705,-12.440256298523488,-2.2835758345787323,E2:shaded,E2
shade:unshaded,H,S,mae,18829,15,-8.76089595235758,-13.656812644659256,-3.7309942997611705,E2:shaded,E2
horizontals,H,D,rmse,20152,15,-1.131762813372518,-2.309464898370912,0.233751212010915,E2:shaded,E2
horizontals,H,D,mae,20152,15,-1.439129865461183,-2.6224088997112758,-0.14937275316069257,E2:shaded,E2
horizontals,A,B,rmse,20152,15,2.7977930585495585,2.0385859456422515,3.4505473296744733,E2:shaded,E2
horizontals,A,B,mae,20152,15,2.3226687718184564,1.4867799654391498,3.1554260990094645,E2:shaded,E2
horizontals,A,R,rmse,20152,15,1.402142169063552,0.6386044095733056,1.9686899316100896,E2:shaded,E2
horizontals,A,R,mae,20152,15,0.024163385715439745,-0.8033327618512466,0.8464545573876345,E2:shaded,E2
horizontals,R,B,rmse,20152,15,1.3956508894860065,1.132765355211189,1.7319058984899036,E2:shaded,E2
horizontals,R,B,mae,20152,15,2.2985053861030167,1.4041596404653387,3.27805055086924,E2:shaded,E2
horizontals,H,A,rmse,20152,15,122.78754287765254,61.435647949929056,178.8949925074808,E2:shaded,E2
horizontals,H,A,mae,20152,15,87.57141950450313,43.766164983383405,139.8570496090279,E2:shaded,E2
horizontals,P-sim,P-cs,rmse,20152,15,-0.6328701551664295,-1.4199698650257944,0.35726620335196707,E2:shaded,E2
horizontals,P-sim,P-cs,mae,20152,15,-0.14459419603163326,-1.4193696064492727,1.079562000323985,E2:shaded,E2
horizontals,H,P-sim,rmse,20152,15,-4.654740908690044,-9.537022125436737,-0.14148935633926754,E2:shaded,E2
horizontals,H,P-sim,mae,20152,15,-8.550063066411688,-13.512650772143783,-3.801138695034064,E2:shaded,E2
horizontals,H,S,rmse,20152,15,-6.807746542317702,-11.466779569217207,-1.8614665028064594,E2:shaded,E2
horizontals,H,S,mae,20152,15,-7.368039428587835,-11.61986440369731,-2.944302257045286,E2:shaded,E2
overall,H,D,rmse,20152,15,-0.9484269120379878,-1.9513967165840558,0.17068689251157962,E2:open,E2
overall,H,D,mae,20152,15,-1.5094788491818463,-2.688335744618989,-0.4044898578964421,E2:open,E2
overall,A,B,rmse,20152,15,1.4987158605506181,0.6097423232883742,2.15017847773023,E2:open,E2
overall,A,B,mae,20152,15,-0.35025648423953726,-1.2275267533227612,0.5092561396102093,E2:open,E2
overall,A,R,rmse,20152,15,1.0671539150471006,0.16562665327953427,1.6912065444449325,E2:open,E2
overall,A,R,mae,20152,15,-0.6884691664089644,-1.6404381531320673,0.3128242860672698,E2:open,E2
overall,R,B,rmse,20152,15,0.43156194550351756,0.339482953689734,0.5249743568872134,E2:open,E2
overall,R,B,mae,20152,15,0.3382126821694271,0.15563787008145483,0.5138557847609446,E2:open,E2
overall,H,A,rmse,20152,15,124.27595613840167,63.265056809573714,180.4208502215428,E2:open,E2
overall,H,A,mae,20152,15,89.5048723237453,45.18832309752925,142.3671879132352,E2:open,E2
overall,P-sim,P-cs,rmse,20152,15,-0.48434983369627105,-1.0950438473012725,0.22462538532318974,E2:open,E2
overall,P-sim,P-cs,mae,20152,15,0.11505112104521231,-0.6980464895766467,0.8754479635736467,E2:open,E2
overall,H,P-sim,rmse,20152,15,-4.8658945929104505,-9.822306659442814,-0.28926866459695244,E2:open,E2
overall,H,P-sim,mae,20152,15,-8.875971850591597,-13.784596504463574,-4.147312097236944,E2:open,E2
overall,H,S,rmse,20152,15,-7.0616772194448885,-11.724127060044061,-2.0432149131193516,E2:open,E2
overall,H,S,mae,20152,15,-7.575679510368474,-12.08644015050233,-2.7607460556879335,E2:open,E2
sensor:P0,H,D,rmse,5038,15,-1.4617226703634714,-2.5891119259445134,-0.24893562927308233,E2:open,E2
sensor:P0,H,D,mae,5038,15,-1.9629027843522806,-3.1888164612651426,-0.7008032219409122,E2:open,E2
sensor:P0,A,B,rmse,5038,15,1.468563969550786,0.5221931893727578,2.154718494407554,E2:open,E2
sensor:P0,A,B,mae,5038,15,-0.487732878857571,-1.3017125166374093,0.31247891565703045,E2:open,E2
sensor:P0,A,R,rmse,5038,15,1.0391473896338255,0.08347034411736445,1.6966620912581944,E2:open,E2
sensor:P0,A,R,mae,5038,15,-0.6774192472583422,-1.6588492437970914,0.3232879833731241,E2:open,E2
sensor:P0,R,B,rmse,5038,15,0.4294165799169605,0.317983115449281,0.5385817208720958,E2:open,E2
sensor:P0,R,B,mae,5038,15,0.18968636840077124,-0.08907267596925265,0.4544148100739462,E2:open,E2
sensor:P0,H,A,rmse,5038,15,123.31911003143604,60.9577628144128,179.97978519424896,E2:open,E2
sensor:P0,H,A,mae,5038,15,87.92865201652718,42.297433657244525,142.42393268461532,E2:open,E2
sensor:P0,P-sim,P-cs,rmse,5038,15,-0.6290188174348827,-1.2145313290738187,0.020137040478461717,E2:open,E2
sensor:P0,P-sim,P-cs,mae,5038,15,-0.061730740426355624,-0.7947834650549916,0.6221384992432747,E2:open,E2
sensor:P0,H,P-sim,rmse,5038,15,-6.065507427017934,-10.945605390547286,-1.4448493120840422,E2:open,E2
sensor:P0,H,P-sim,mae,5038,15,-10.832089665487395,-15.651373109820108,-6.246182205734606,E2:open,E2
sensor:P0,H,S,rmse,5038,15,-8.795161153181368,-13.419254901961434,-3.938331802818478,E2:open,E2
sensor:P0,H,S,mae,5038,15,-10.33068913902752,-16.065362701655797,-5.078968453543605,E2:open,E2
sensor:P4,H,D,rmse,5038,15,-0.3150575421245634,-1.2904925688478563,0.9078556439310168,E2:open,E2
sensor:P4,H,D,mae,5038,15,-0.7980092328645441,-2.2149217353970854,0.4987458845042589,E2:open,E2
sensor:P4,A,B,rmse,5038,15,1.6385287034862017,0.789295328104226,2.272294207719298,E2:open,E2
sensor:P4,A,B,mae,5038,15,0.05047893197675535,-0.9753506914506346,1.2756767374650726,E2:open,E2
sensor:P4,A,R,rmse,5038,15,1.2373222882825985,0.37208864091675126,1.849200021921132,E2:open,E2
sensor:P4,A,R,mae,5038,15,-0.3654177378253394,-1.4277927440859528,0.8980471468725075,E2:open,E2
sensor:P4,R,B,rmse,5038,15,0.40120641520360323,0.3281829993751657,0.47987549028529625,E2:open,E2
sensor:P4,R,B,mae,5038,15,0.4158966698020947,0.29461866664525294,0.5342142979348935,E2:open,E2
sensor:P4,H,A,rmse,5038,15,126.7740386168866,66.47197804904953,182.17416363102026,E2:open,E2
sensor:P4,H,A,mae,5038,15,92.97931915586128,49.609884767390696,144.18369622524943,E2:open,E2
sensor:P4,P-sim,P-cs,rmse,5038,15,-0.28785389267832784,-0.9536572006462816,0.5109477893891311,E2:open,E2
sensor:P4,P-sim,P-cs,mae,5038,15,0.45480827417128467,-0.5323576619410989,1.5282129760707817,E2:open,E2
sensor:P4,H,P-sim,rmse,5038,15,-4.0304837518986005,-9.220365547908674,0.6712034991126917,E2:open,E2
sensor:P4,H,P-sim,mae,5038,15,-6.564995910441787,-12.190689610865023,-1.107188247760054,E2:open,E2
sensor:P4,H,S,rmse,5038,15,-4.995450450951665,-10.165343692139993,0.9413192242345911,E2:open,E2
sensor:P4,H,S,mae,5038,15,-3.559158107080485,-9.771170723883248,3.620837383228929,E2:open,E2
sensor:P6,H,D,rmse,5038,15,-0.8023642172570078,-1.821934333440618,0.33217066139723345,E2:open,E2
sensor:P6,H,D,mae,5038,15,-1.4722628679236962,-2.736632047123173,-0.32878408954773986,E2:open,E2
sensor:P6,A,B,rmse,5038,15,1.5511400835114273,0.6906741532095346,2.1915024834577337,E2:open,E2
sensor:P6,A,B,mae,5038,15,-0.23270640062955295,-1.1271472890692635,0.669268768068733,E2:open,E2
sensor:P6,A,R,rmse,5038,15,0.9929738866631226,0.1425635313621889,1.5825483724366292,E2:open,E2
sensor:P6,A,R,mae,5038,15,-0.7098417179247463,-1.688533395004498,0.3191267326547734,E2:open,E2
sensor:P6,R,B,rmse,5038,15,0.5581661968483047,0.4470971316011415,0.6698478025100576,E2:open,E2
sensor:P6,R,B,mae,5038,15,0.4771353172951933,0.27668997442430765,0.6687520734710375,E2:open,E2
sensor:P6,H,A,rmse,5038,15,123.98282177577536,63.41996296228957,179.66168955415017,E2:open,E2
sensor:P6,H,A,mae,5038,15,89.26727671514519,45.29375764115394,141.94211792860807,E2:open,E2
sensor:P6,P-sim,P-cs,rmse,5038,15,-0.43229962042988745,-1.0665777621540098,0.3357049421474405,E2:open,E2
sensor:P6,P-sim,P-cs,mae,5038,15,0.19264447957073827,-0.6455568034911392,1.003810345629497,E2:open,E2
sensor:P6,H,P-sim,rmse,5038,15,-4.382848076622892,-9.327215445177472,0.20550752470572564,E2:open,E2
sensor:P6,H,P-sim,mae,5038,15,-8.579272405966812,-13.692550270272188,-3.7146304601425753,E2:open,E2
sensor:P6,H,S,rmse,5038,15,-6.7586427878206905,-11.374079387788283,-1.7697876282329088,E2:open,E2
sensor:P6,H,S,mae,5038,15,-7.736707379013517,-12.23002375996642,-2.9533089064266265,E2:open,E2
sensor:P8,H,D,rmse,5038,15,-1.1962228178186933,-2.2511383985740765,-0.09487054621565384,E2:open,E2
sensor:P8,H,D,mae,5038,15,-1.8047405115868287,-3.0822752987441078,-0.5742644601530397,E2:open,E2
sensor:P8,A,B,rmse,5038,15,1.3359553798811135,0.42265658057045885,1.9880306936588859,E2:open,E2
sensor:P8,A,B,mae,5038,15,-0.731065589447752,-1.4905884132930454,0.0393534411448312,E2:open,E2
sensor:P8,A,R,rmse,5038,15,0.9982299832409183,0.07140767404947114,1.6315084988719941,E2:open,E2
sensor:P8,A,R,mae,5038,15,-1.0011979626273444,-1.846308103726279,-0.11959919978090093,E2:open,E2
sensor:P8,R,B,rmse,5038,15,0.3377253966401952,0.2604496612035902,0.41556933353139053,E2:open,E2
sensor:P8,R,B,mae,5038,15,0.2701323731795924,0.0917497078227985,0.4219383687648782,E2:open,E2
sensor:P8,H,A,rmse,5038,15,123.05716096071704,61.714514638243834,179.4001021226122,E2:open,E2
sensor:P8,H,A,mae,5038,15,87.8442414074477,42.982463338790716,141.47965844504725,E2:open,E2
sensor:P8,P-sim,P-cs,rmse,5038,15,-0.5852941116479542,-1.170358419722712,0.05885483317356927,E2:open,E2
sensor:P8,P-sim,P-cs,mae,5038,15,-0.1255175291348536,-0.8652136751944642,0.5463048474729622,E2:open,E2
sensor:P8,H,P-sim,rmse,5038,15,-4.958011445951669,-9.837484928049356,-0.3336897414815618,E2:open,E2
sensor:P8,H,P-sim,mae,5038,15,-9.527529420470167,-14.483864306254858,-4.68866008130708,E2:open,E2
sensor:P8,H,S,rmse,5038,15,-7.663647441517412,-12.301734467910094,-2.581613289825625,E2:open,E2
sensor:P8,H,S,mae,5038,15,-8.676163416352296,-13.080618840821511,-3.938498619490431,E2:open,E2
sky:sunny,H,D,rmse,4496,3,-1.7525259676130247,-7.88764265301873,0.51328885044488,E2:open,E2
sky:sunny,H,D,mae,4496,3,-3.221936393124409,-7.672471398811535,-0.44141755158945273,E2:open,E2
sky:sunny,A,B,rmse,4496,3,1.5266644717429827,1.405903228134349,2.17511886146438,E2:open,E2
sky:sunny,A,B,mae,4496,3,1.9742283713991533,1.1201258074972245,2.856905088559298,E2:open,E2
sky:sunny,A,R,rmse,4496,3,1.494587497244872,1.4568403199480287,2.2801096179288614,E2:open,E2
sky:sunny,A,R,mae,4496,3,2.003966428971996,0.7759161438709619,3.0157839535752373,E2:open,E2
sky:sunny,R,B,rmse,4496,3,0.032076974498110644,-0.4111061531189826,0.4302599626174306,E2:open,E2
sky:sunny,R,B,mae,4496,3,-0.029738057572842536,-0.3257344973662484,0.3442096636262626,E2:open,E2
sky:sunny,H,A,rmse,4496,3,-10.166613476822043,-28.388538805999744,-0.781590915821397,E2:open,E2
sky:sunny,H,A,mae,4496,3,-11.945925808516186,-22.942685559576113,-0.9439962897706415,E2:open,E2
sky:sunny,P-sim,P-cs,rmse,4496,3,1.284037065511015,0.5191003687468871,2.313639550558271,E2:open,E2
sky:sunny,P-sim,P-cs,mae,4496,3,1.9458160302864869,1.2463894461020466,2.796269441262929,E2:open,E2
sky:sunny,H,P-sim,rmse,4496,3,-8.065074724226598,-21.094227270717077,-0.9310279122814578,E2:open,E2
sky:sunny,H,P-sim,mae,4496,3,-10.479347309290418,-20.614051501178835,-1.121625088158563,E2:open,E2
sky:sunny,H,S,rmse,4496,3,-6.495971643141232,-14.64937669521953,1.7181195263805797,E2:open,E2
sky:sunny,H,S,mae,4496,3,-5.308219247466958,-10.416711006352038,2.489827375657036,E2:open,E2
sky:mixed,H,D,rmse,5964,4,-2.5574322058015326,-4.183819711811495,-1.4959931595564342,E2:open,E2
sky:mixed,H,D,mae,5964,4,-2.8012464182866665,-3.8173583790222523,-1.4019693365992438,E2:open,E2
sky:mixed,A,B,rmse,5964,4,0.7729562965287755,-1.0449844371880204,1.7998301653138071,E2:open,E2
sky:mixed,A,B,mae,5964,4,-1.0309314708243846,-2.9944446984848128,0.16142775865624515,E2:open,E2
sky:mixed,A,R,rmse,5964,4,0.4562472618814297,-1.3892614196245745,1.5023852764977619,E2:open,E2
sky:mixed,A,R,mae,5964,4,-1.1899647034512242,-3.2971096609016115,0.23813768430960636,E2:open,E2
sky:mixed,R,B,rmse,5964,4,0.3167090346473458,0.22248996522387188,0.44733638167429035,E2:open,E2
sky:mixed,R,B,mae,5964,4,0.15903323262683955,-0.12077822803031779,0.38254027019893044,E2:open,E2
sky:mixed,H,A,rmse,5964,4,33.883156604174204,15.292937155318901,51.56419926184405,E2:open,E2
sky:mixed,H,A,mae,5964,4,31.62018526980276,4.182914998010598,58.528626081880475,E2:open,E2
sky:mixed,P-sim,P-cs,rmse,5964,4,-1.2243735866492074,-2.1648103143386095,0.09559358160130521,E2:open,E2
sky:mixed,P-sim,P-cs,mae,5964,4,-0.7212836442555641,-2.0899696610813976,0.40140204757651593,E2:open,E2
sky:mixed,H,P-sim,rmse,5964,4,-1.3099451774540967,-8.977101272954982,3.5336118167895165,E2:open,E2
sky:mixed,H,P-sim,mae,5964,4,-5.354656325325635,-12.464074035941309,1.022111468547223,E2:open,E2
sky:mixed,H,S,rmse,5964,4,-8.961563593611842,-17.973787071585946,-4.7531207877111825,E2:open,E2
sky:mixed,H,S,mae,5964,4,-12.435449504509137,-17.49875294004842,-5.662627600259668,E2:open,E2
sky:cloudy,H,D,rmse,5140,4,-0.4621630598323776,-0.8282595640119155,0.13487165700901507,E2:open,E2
sky:cloudy,H,D,mae,5140,4,-0.7000785607883273,-1.3513149877153126,-0.030968987270419746,E2:open,E2
sky:cloudy,A,B,rmse,5140,4,2.2195458527905885,1.0104613671164202,2.862273761278857,E2:open,E2
sky:cloudy,A,B,mae,5140,4,-0.7094502090350261,-1.5378512805676792,-0.05526719015057324,E2:open,E2
sky:cloudy,A,R,rmse,5140,4,1.6679253100653568,0.38137318896656325,2.303630614179042,E2:open,E2
sky:cloudy,A,R,mae,5140,4,-1.3048701770534024,-2.15266374941217,-0.6353730245081692,E2:open,E2
sky:cloudy,R,B,rmse,5140,4,0.5516205427252316,0.4998459037888665,0.6570395541024324,E2:open,E2
sky:cloudy,R,B,mae,5140,4,0.5954199680183763,0.508631749188396,0.6838605282246484,E2:open,E2
sky:cloudy,H,A,rmse,5140,4,192.60902018965754,110.44524958137065,244.3217201488827,E2:open,E2
sky:cloudy,H,A,mae,5140,4,169.47958680482952,114.44169104906499,212.94266047268255,E2:open,E2
sky:cloudy,P-sim,P-cs,rmse,5140,4,-0.8275070392885624,-2.78750225711331,-0.25752157094498784,E2:open,E2
sky:cloudy,P-sim,P-cs,mae,5140,4,-0.9641929143041423,-2.4158298648843015,0.31800510375519764,E2:open,E2
sky:cloudy,H,P-sim,rmse,5140,4,-7.301610955964094,-15.724321754125015,8.043854685972455,E2:open,E2
sky:cloudy,H,P-sim,mae,5140,4,-8.854099232308755,-23.247980588944984,3.3633639615701334,E2:open,E2
sky:cloudy,H,S,rmse,5140,4,-7.335596961532858,-19.18196173566625,6.884893789410299,E2:open,E2
sky:cloudy,H,S,mae,5140,4,-5.609757859328525,-19.630279852267932,4.421963388132873,E2:open,E2
sky:rainy,H,D,rmse,4552,4,1.4499314163531238,1.331618173943781,1.6314943112313358,E2:open,E2
sky:rainy,H,D,mae,4552,4,0.9604230439122858,0.926282055722659,0.9892570994662222,E2:open,E2
sky:rainy,A,B,rmse,4552,4,1.7453057027875616,-0.38968212357406173,3.0382187422551965,E2:open,E2
sky:rainy,A,B,mae,4552,4,-1.3487368325502018,-3.063446912723947,0.15707615808531727,E2:open,E2
sky:rainy,A,R,rmse,4552,4,1.1503984891326695,-1.070328018246073,2.4543396145179486,E2:open,E2
sky:rainy,A,R,mae,4552,4,-1.994701560785046,-3.731646589880114,-0.4315837115470913,E2:open,E2
sky:rainy,R,B,rmse,4552,4,0.5949072136548921,0.5791879149061856,0.680645894672012,E2:open,E2
sky:rainy,R,B,mae,4552,4,0.6459647282348442,0.5921380179401012,0.6917705153779252,E2:open,E2
sky:rainy,H,A,rmse,4552,4,201.4395374191098,141.64913725246498,250.32519051589247,E2:open,E2
sky:rainy,H,A,mae,4552,4,175.242356849138,132.42713699206428,222.54689648036492,E2:open,E2
sky:rainy,P-sim,P-cs,rmse,4552,4,0.46214125266290296,0.23119180470891365,1.0911040431144983,E2:open,E2
sky:rainy,P-sim,P-cs,mae,4552,4,0.6212233200787409,0.14464130301943356,1.2232414120430803,E2:open,E2
sky:rainy,H,P-sim,rmse,4552,4,-7.530601907640445,-10.442447232614633,-5.342386109766295,E2:open,E2
sky:rainy,H,P-sim,mae,4552,4,-11.930623649438168,-16.080509723136416,-6.635369019399214,E2:open,E2
sky:rainy,H,S,rmse,4552,4,-5.0601237185141485,-7.728238031383327,1.2274866900868062,E2:open,E2
sky:rainy,H,S,mae,4552,4,-5.6678742342909985,-12.250657640688445,1.8328632340070643,E2:open,E2
sky:cloudy+rainy,H,D,rmse,9692,8,0.3174924021840724,-0.43181067084420766,1.305221278257299,E2:open,E2
sky:cloudy+rainy,H,D,mae,9692,8,0.0798020938337487,-0.5935758661370137,0.7633993407718833,E2:open,E2
sky:cloudy+rainy,A,B,rmse,9692,8,2.0029737575337663,0.7873085686381976,2.788014352272455,E2:open,E2
sky:cloudy+rainy,A,B,mae,9692,8,-1.009701210917001,-1.9996591348139667,-0.1521612194687633,E2:open,E2
sky:cloudy+rainy,A,R,rmse,9692,8,1.4319336142800694,0.14107591735956435,2.2021366333309196,E2:open,E2
sky:cloudy+rainy,A,R,mae,9692,8,-1.6288603193094389,-2.643346456571043,-0.7349251563540435,E2:open,E2
sky:cloudy+rainy,R,B,rmse,9692,8,0.5710401432536969,0.5329479921283877,0.647623706723857,E2:open,E2
sky:cloudy+rainy,R,B,mae,9692,8,0.6191591083924379,0.5582565800399429,0.6753428619023445,E2:open,E2
sky:cloudy+rainy,H,A,rmse,9692,8,196.0494637395343,143.28734274573117,236.10271287802354,E2:open,E2
sky:cloudy+rainy,H,A,mae,9692,8,172.18616225279607,135.82900773998563,205.89534256930875,E2:open,E2
sky:cloudy+rainy,P-sim,P-cs,rmse,9692,8,-0.30530594989653537,-1.1867952068178815,0.3405305089082878,E2:open,E2
sky:cloudy+rainy,P-sim,P-cs,mae,9692,8,-0.21957728296789725,-1.212424900115213,0.6289323578238093,E2:open,E2
sky:cloudy+rainy,H,P-sim,rmse,9692,8,-7.3308619163111075,-13.038910842197566,0.2778243157752911,E2:open,E2
sky:cloudy+rainy,H,P-sim,mae,9692,8,-10.299037237547402,-18.166163688767035,-2.5345352010279414,E2:open,E2
sky:cloudy+rainy,H,S,rmse,9692,8,-6.359239480006437,-14.325997405369527,3.4375714175193357,E2:open,E2
sky:cloudy+rainy,H,S,mae,9692,8,-5.637053127470182,-13.962451805975652,1.8471105774003398,E2:open,E2
shade:shaded,H,D,rmse,138,12,-2.0376282753334163,-4.32172817658554,0.6910480587845672,E2:open,E2
shade:shaded,H,D,mae,138,12,-1.7578941962998016,-3.630856279154157,0.44099513437633386,E2:open,E2
shade:shaded,A,B,rmse,138,12,-3.9205604204416975,-5.61097746058142,-2.1217904439898985,E2:open,E2
shade:shaded,A,B,mae,138,12,-3.7044494805748744,-6.0240993015831314,-1.6274271746363684,E2:open,E2
shade:shaded,A,R,rmse,138,12,2.142501510170547,-6.4875736423492,8.252986396047106,E2:open,E2
shade:shaded,A,R,mae,138,12,0.9743903597887602,-7.132455226889803,7.406523672743505,E2:open,E2
shade:shaded,R,B,rmse,138,12,-6.063061930612244,-10.930458850561639,0.9066269000937148,E2:open,E2
shade:shaded,R,B,mae,138,12,-4.678839840363635,-9.682171499575025,1.5180913693211213,E2:open,E2
shade:shaded,H,A,rmse,138,12,3.2529594203794687,-0.7298624196069486,8.476387160631134,E2:open,E2
shade:shaded,H,A,mae,138,12,2.5822446134965737,-1.4233828966872275,7.337919061048027,E2:open,E2
shade:shaded,P-sim,P-cs,rmse,138,12,-0.5799513592866781,-2.373391901197884,1.056756603663198,E2:open,E2
shade:shaded,P-sim,P-cs,mae,138,12,-0.38356542518803494,-2.1933762505193877,1.2655266289548652,E2:open,E2
shade:shaded,H,P-sim,rmse,138,12,0.9721321366639444,-0.37905928597781585,2.2260268885589825,E2:open,E2
shade:shaded,H,P-sim,mae,138,12,0.8324600562265712,-0.4233041118582922,2.031004776113869,E2:open,E2
shade:shaded,H,S,rmse,138,12,7.791548043525491,-1.7628185712971114,16.320200620313724,E2:open,E2
shade:shaded,H,S,mae,138,12,4.726349173984499,-2.4559205171919336,12.995709613062965,E2:open,E2
shade:unshaded,H,D,rmse,19990,15,-0.9501097390228637,-1.9572531324196625,0.17353060251099775,E2:open,E2
shade:unshaded,H,D,mae,19990,15,-1.5059499044923257,-2.697197251459972,-0.39580489215962467,E2:open,E2
shade:unshaded,A,B,rmse,19990,15,1.507756667418164,0.6183457806038412,2.1619006363488054,E2:open,E2
shade:unshaded,A,B,mae,19990,15,-0.3132488718071329,-1.1946995725873535,0.5499031547715344,E2:open,E2
shade:unshaded,A,R,rmse,19990,15,1.0716618410997683,0.1661088546840951,1.6984472106990451,E2:open,E2
shade:unshaded,A,R,mae,19990,15,-0.6859919985952843,-1.6252855112242983,0.31283999958435055,E2:open,E2
shade:unshaded,R,B,rmse,19990,15,0.4360948263183957,0.3464382394584199,0.5285296950088699,E2:open,E2
shade:unshaded,R,B,mae,19990,15,0.37274312678815136,0.20172942407383587,0.5391817426183102,E2:open,E2
shade:unshaded,H,A,rmse,19990,15,124.77972963401757,63.56169934645701,181.07188210909226,E2:open,E2
shade:unshaded,H,A,mae,19990,15,90.19934390260713,45.60823711391795,143.40496049712158,E2:open,E2
shade:unshaded,P-sim,P-cs,rmse,19990,15,-0.48536674981366446,-1.0984238857763664,0.22856144339150503,E2:open,E2
shade:unshaded,P-sim,P-cs,mae,19990,15,0.11981974604091761,-0.6932352336941715,0.8854670642629635,E2:open,E2
shade:unshaded,H,P-sim,rmse,19990,15,-4.886723263927763,-9.844552644714632,-0.293321375780865,E2:open,E2
shade:unshaded,H,P-sim,mae,19990,15,-8.952375219761102,-13.863799659342856,-4.196024380552726,E2:open,E2
shade:unshaded,H,S,rmse,19990,15,-7.10209761918081,-11.777953527420227,-2.0570129289938492,E2:open,E2
shade:unshaded,H,S,mae,19990,15,-7.674941408803107,-12.217395419570922,-2.797059191995011,E2:open,E2
horizontals,H,D,rmse,20152,15,-0.9484269120379878,-1.9513967165840558,0.17068689251157962,E2:open,E2
horizontals,H,D,mae,20152,15,-1.5094788491818463,-2.688335744618989,-0.4044898578964421,E2:open,E2
horizontals,A,B,rmse,20152,15,1.4987158605506181,0.6097423232883742,2.15017847773023,E2:open,E2
horizontals,A,B,mae,20152,15,-0.35025648423953726,-1.2275267533227612,0.5092561396102093,E2:open,E2
horizontals,A,R,rmse,20152,15,1.0671539150471006,0.16562665327953427,1.6912065444449325,E2:open,E2
horizontals,A,R,mae,20152,15,-0.6884691664089644,-1.6404381531320673,0.3128242860672698,E2:open,E2
horizontals,R,B,rmse,20152,15,0.43156194550351756,0.339482953689734,0.5249743568872134,E2:open,E2
horizontals,R,B,mae,20152,15,0.3382126821694271,0.15563787008145483,0.5138557847609446,E2:open,E2
horizontals,H,A,rmse,20152,15,124.27595613840167,63.265056809573714,180.4208502215428,E2:open,E2
horizontals,H,A,mae,20152,15,89.5048723237453,45.18832309752925,142.3671879132352,E2:open,E2
horizontals,P-sim,P-cs,rmse,20152,15,-0.48434983369627105,-1.0950438473012725,0.22462538532318974,E2:open,E2
horizontals,P-sim,P-cs,mae,20152,15,0.11505112104521231,-0.6980464895766467,0.8754479635736467,E2:open,E2
horizontals,H,P-sim,rmse,20152,15,-4.8658945929104505,-9.822306659442814,-0.28926866459695244,E2:open,E2
horizontals,H,P-sim,mae,20152,15,-8.875971850591597,-13.784596504463574,-4.147312097236944,E2:open,E2
horizontals,H,S,rmse,20152,15,-7.0616772194448885,-11.724127060044061,-2.0432149131193516,E2:open,E2
horizontals,H,S,mae,20152,15,-7.575679510368474,-12.08644015050233,-2.7607460556879335,E2:open,E2
overall,H,D,rmse,5038,15,4.585555820840142,-21.721291294693486,33.25643045047495,E2:tilted,E2
overall,H,D,mae,5038,15,-4.2246289362111185,-29.284424885288967,21.138326608402107,E2:tilted,E2
overall,A,B,rmse,5038,15,-68.00796168453928,-105.83170763390935,-31.40623533347695,E2:tilted,E2
overall,A,B,mae,5038,15,-35.51746349868387,-81.43729902799984,7.495977730673645,E2:tilted,E2
overall,A,R,rmse,5038,15,-11.442699730778429,-14.038471812849007,-8.640688983444742,E2:tilted,E2
overall,A,R,mae,5038,15,-9.323314035429746,-13.871047430408268,-3.7946833718454287,E2:tilted,E2
overall,R,B,rmse,5038,15,-56.56526195376085,-91.82109771699737,-22.63960511593552,E2:tilted,E2
overall,R,B,mae,5038,15,-26.19414946325412,-67.27472340318086,11.514830683867727,E2:tilted,E2
overall,H,A,rmse,5038,15,181.0322197388879,121.67461967944972,237.72316480415887,E2:tilted,E2
overall,H,A,mae,5038,15,125.89148548950192,69.21560182614101,189.54677848533726,E2:tilted,E2
overall,P-sim,P-cs,rmse,5038,15,17.446537123530334,-3.999436112956474,43.06207686166162,E2:tilted,E2
overall,P-sim,P-cs,mae,5038,15,8.089194794868718,-12.684813121175821,31.325869842074173,E2:tilted,E2
overall,H,P-sim,rmse,5038,15,-19.13475626060989,-29.316025920594406,-10.185472480151283,E2:tilted,E2
overall,H,P-sim,mae,5038,15,-21.58229150837593,-31.452395514037725,-13.155902672272237,E2:tilted,E2
sensor:Pinc,H,D,rmse,5038,15,4.585555820840142,-21.721291294693486,33.25643045047495,E2:tilted,E2
sensor:Pinc,H,D,mae,5038,15,-4.2246289362111185,-29.284424885288967,21.138326608402107,E2:tilted,E2
sensor:Pinc,A,B,rmse,5038,15,-68.00796168453928,-105.83170763390935,-31.40623533347695,E2:tilted,E2
sensor:Pinc,A,B,mae,5038,15,-35.51746349868387,-81.43729902799984,7.495977730673645,E2:tilted,E2
sensor:Pinc,A,R,rmse,5038,15,-11.442699730778429,-14.038471812849007,-8.640688983444742,E2:tilted,E2
sensor:Pinc,A,R,mae,5038,15,-9.323314035429746,-13.871047430408268,-3.7946833718454287,E2:tilted,E2
sensor:Pinc,R,B,rmse,5038,15,-56.56526195376085,-91.82109771699737,-22.63960511593552,E2:tilted,E2
sensor:Pinc,R,B,mae,5038,15,-26.19414946325412,-67.27472340318086,11.514830683867727,E2:tilted,E2
sensor:Pinc,H,A,rmse,5038,15,181.0322197388879,121.67461967944972,237.72316480415887,E2:tilted,E2
sensor:Pinc,H,A,mae,5038,15,125.89148548950192,69.21560182614101,189.54677848533726,E2:tilted,E2
sensor:Pinc,P-sim,P-cs,rmse,5038,15,17.446537123530334,-3.999436112956474,43.06207686166162,E2:tilted,E2
sensor:Pinc,P-sim,P-cs,mae,5038,15,8.089194794868718,-12.684813121175821,31.325869842074173,E2:tilted,E2
sensor:Pinc,H,P-sim,rmse,5038,15,-19.13475626060989,-29.316025920594406,-10.185472480151283,E2:tilted,E2
sensor:Pinc,H,P-sim,mae,5038,15,-21.58229150837593,-31.452395514037725,-13.155902672272237,E2:tilted,E2
sky:sunny,H,D,rmse,1124,3,80.80737998016147,24.44978574368797,153.7433877906513,E2:tilted,E2
sky:sunny,H,D,mae,1124,3,64.64688566165678,31.918536539235042,134.8755144562386,E2:tilted,E2
sky:sunny,A,B,rmse,1124,3,80.95309875318495,30.920784804705946,160.28121348493897,E2:tilted,E2
sky:sunny,A,B,mae,1124,3,66.91808141809311,37.86136302478461,141.1548585532508,E2:tilted,E2
sky:sunny,A,R,rmse,1124,3,1.1375979761377053,-14.142766526227279,18.267881922230487,E2:tilted,E2
sky:sunny,A,R,mae,1124,3,-1.7402600841490994,-13.53410578139779,18.1214165944687,E2:tilted,E2
sky:sunny,R,B,rmse,1124,3,79.81550077704725,34.96946371542068,142.01333156270852,E2:tilted,E2
sky:sunny,R,B,mae,1124,3,68.65834150224221,43.793323054505294,123.0334419587821,E2:tilted,E2
sky:sunny,H,A,rmse,1124,3,-8.565559854969855,-29.459884411489725,0.4645325955106614,E2:tilted,E2
sky:sunny,H,A,mae,1124,3,-6.947650915178627,-26.79678249059606,5.029630899177569,E2:tilted,E2
sky:sunny,P-sim,P-cs,rmse,1124,3,81.2995774550883,31.474662617657017,156.88240937471093,E2:tilted,E2
sky:sunny,P-sim,P-cs,mae,1124,3,65.87778376635035,35.839035535877045,140.44948503377006,E2:tilted,E2
sky:sunny,H,P-sim,rmse,1124,3,-7.655363636582798,-22.32161788752216,-0.3407655686369111,E2:tilted,E2
sky:sunny,H,P-sim,mae,1124,3,-5.837056036046185,-23.58656474742027,4.8211479026112265,E2:tilted,E2
sky:mixed,H,D,rmse,1491,4,26.309283509846352,1.6779546289959626,64.13304449206555,E2:tilted,E2
sky:mixed,H,D,mae,1491,4,8.451217112621322,-8.25808074490503,27.080306638884736,E2:tilted,E2
sky:mixed,A,B,rmse,1491,4,-14.121697649046979,-37.04444606829131,22.240010919739177,E2:tilted,E2
sky:mixed,A,B,mae,1491,4,6.702950887036536,-25.084987535917264,36.242883847164386,E2:tilted,E2
sky:mixed,A,R,rmse,1491,4,-7.842454091208793,-10.264970320293003,-5.136163217925741,E2:tilted,E2
sky:mixed,A,R,mae,1491,4,-3.699502582966147,-8.576436450806568,1.953968360779939,E2:tilted,E2
sky:mixed,R,B,rmse,1491,4,-6.2792435578381856,-27.63331075147576,29.051825713055848,E2:tilted,E2
sky:mixed,R,B,mae,1491,4,10.402453470002683,-19.216087655045442,34.699931072317504,E2:tilted,E2
sky:mixed,H,A,rmse,1491,4,70.68747157400992,31.784551519952227,102.11327033030528,E2:tilted,E2
sky:mixed,H,A,mae,1491,4,46.08909577946835,12.018413309696788,87.57576389943091,E2:tilted,E2
sky:mixed,P-sim,P-cs,rmse,1491,4,26.43929184651384,0.11171196680716378,68.47515416295273,E2:tilted,E2
sky:mixed,P-sim,P-cs,mae,1491,4,13.044776414711947,-4.172529153086003,32.58665612754004,E2:tilted,E2
sky:mixed,H,P-sim,rmse,1491,4,-3.603265279022054,-15.016299528641085,2.3890606064729525,E2:tilted,E2
sky:mixed,H,P-sim,mae,1491,4,-9.695992578050621,-19.753622442895647,-2.2049670797214844,E2:tilted,E2
sky:cloudy,H,D,rmse,1285,4,-21.396191787435782,-38.8140260497986,-12.77389131003244,E2:tilted,E2
sky:cloudy,H,D,mae,1285,4,-35.14640085952918,-50.78149426781323,-22.682060659918122,E2:tilted,E2
sky:cloudy,A,B,rmse,1285,4,-88.14158376943823,-145.44199670788632,-41.835485524713306,E2:tilted,E2
sky:cloudy,A,B,mae,1285,4,-80.96214310767448,-132.2324394622701,-33.92771607933855,E2:tilted,E2
sky:cloudy,A,R,rmse,1285,4,-14.316463286922442,-16.56404171789592,-12.178435205556582,E2:tilted,E2
sky:cloudy,A,R,mae,1285,4,-14.59556850226835,-17.163218135200452,-12.200226886416488,E2:tilted,E2
sky:cloudy,R,B,rmse,1285,4,-73.82512048251579,-128.8779549899904,-29.657050319156667,E2:tilted,E2
sky:cloudy,R,B,mae,1285,4,-66.36657460540613,-115.37937886807649,-21.727489192922064,E2:tilted,E2
sky:cloudy,H,A,rmse,1285,4,246.55006680808626,181.9559348072853,300.74625773352494,E2:tilted,E2
sky:cloudy,H,A,mae,1285,4,217.43578302088633,177.63003963467003,264.8361572957766,E2:tilted,E2
sky:cloudy,P-sim,P-cs,rmse,1285,4,-1.1389313110502144,-11.190504642261331,13.264396719222376,E2:tilted,E2
sky:cloudy,P-sim,P-cs,mae,1285,4,-13.869986457868777,-20.502857332842254,-8.20195194491582,E2:tilted,E2
sky:cloudy,H,P-sim,rmse,1285,4,-27.687458772871906,-40.65224944310654,-14.510890229376116,E2:tilted,E2
sky:cloudy,H,P-sim,mae,1285,4,-33.78176180911652,-42.9107575516646,-22.221587306207297,E2:tilted,E2
sky:rainy,H,D,rmse,1138,4,-49.22671655847813,-79.8052664955257,-37.5240175925002,E2:tilted,E2
sky:rainy,H,D,mae,1138,4,-53.940614828433496,-77.8696565224022,-33.95262752467163,E2:tilted,E2
sky:rainy,A,B,rmse,1138,4,-140.17818960264913,-201.62648338626565,-92.76341122693731,E2:tilted,E2
sky:rainy,A,B,mae,1138,4,-140.6947719679401,-188.0049378189755,-82.0359797384101,E2:tilted,E2
sky:rainy,A,R,rmse,1138,4,-16.62037020858287,-19.650679519169103,-14.191871313807496,E2:tilted,E2
sky:rainy,A,R,mae,1138,4,-18.228066695337475,-21.21183538679719,-14.479599354093011,E2:tilted,E2
sky:rainy,R,B,rmse,1138,4,-123.55781939406626,-181.97580386709654,-78.7802866129332,E2:tilted,E2
sky:rainy,R,B,mae,1138,4,-122.46670527260264,-166.7931024321783,-67.5563803843171,E2:tilted,E2
sky:rainy,H,A,rmse,1138,4,288.11492256636484,263.2978054511651,306.39094840277284,E2:tilted,E2
sky:rainy,H,A,mae,1138,4,258.28351540926644,239.49474216914678,273.0082593278555,E2:tilted,E2
sky:rainy,P-sim,P-cs,rmse,1138,4,-22.487987011662014,-54.98034201689485,-9.812746013857563,E2:tilted,E2
sky:rainy,P-sim,P-cs,mae,1138,4,-30.68549614481845,-56.63392570260433,-10.010324790799402,E2:tilted,E2
sky:rainy,H,P-sim,rmse,1138,4,-36.34282773205743,-39.261084661032186,-33.03047350402592,E2:tilted,E2
sky:rainy,H,P-sim,mae,1138,4,-38.93184953962549,-45.902906490433665,-31.240872931857226,E2:tilted,E2
sky:cloudy+rainy,H,D,rmse,2423,8,-32.92486546687397,-49.603936339865,-22.444854159436808,E2:tilted,E2
sky:cloudy+rainy,H,D,mae,2423,8,-43.97339858821802,-59.73005253784896,-30.417065571190616,E2:tilted,E2
sky:cloudy+rainy,A,B,rmse,2423,8,-112.57314771240078,-164.91262349852556,-73.00678999297168,E2:tilted,E2
sky:cloudy+rainy,A,B,mae,2423,8,-109.01651027357715,-153.4160639950797,-65.83343877152245,E2:tilted,E2
sky:cloudy+rainy,A,R,rmse,2423,8,-15.427190005955083,-17.66355758618731,-13.571012536276214,E2:tilted,E2
sky:cloudy+rainy,A,R,mae,2423,8,-16.301628322207534,-18.88223151313614,-13.924730209464546,E2:tilted,E2
sky:cloudy+rainy,R,B,rmse,2423,8,-97.1459577064457,-147.14405860740013,-59.445552594871856,E2:tilted,E2
sky:cloudy+rainy,R,B,mae,2423,8,-92.71488195136962,-134.9249779764046,-51.62953337225683,E2:tilted,E2
sky:cloudy+rainy,H,A,rmse,2423,8,266.14944353595286,226.48663759828614,295.84631656343214,E2:tilted,E2
sky:cloudy+rainy,H,A,mae,2423,8,236.62056199652665,207.10384305564534,262.41608278872934,E2:tilted,E2
sky:cloudy+rainy,P-sim,P-cs,rmse,2423,8,-9.64914251147519,-22.69512155667014,0.07933432115533366,E2:tilted,E2
sky:cloudy+rainy,P-sim,P-cs,mae,2423,8,-21.767654647612375,-36.459496843034664,-9.821560854422948,E2:tilted,E2
sky:cloudy+rainy,H,P-sim,rmse,2423,8,-31.416010440193276,-38.43151565496309,-22.43711750827001,E2:tilted,E2
sky:cloudy+rainy,H,P-sim,mae,2423,8,-36.200581387044366,-42.790517524155945,-28.913811176246316,E2:tilted,E2
shade:shaded,H,D,rmse,93,12,5.452576357036408,2.4779344296753916,8.351256603911382,E2:tilted,E2
shade:shaded,H,D,mae,93,12,4.55794879604092,1.6000077761881213,7.295900236559452,E2:tilted,E2
shade:shaded,A,B,rmse,93,12,0.08538847030691343,-3.714721927913744,4.349597963788579,E2:tilted,E2
shade:shaded,A,B,mae,93,12,-1.285847330853045,-4.349657792824485,1.6383721187503566,E2:tilted,E2
shade:shaded,A,R,rmse,93,12,-11.461277065449922,-15.894594234919968,-6.482157702902736,E2:tilted,E2
shade:shaded,A,R,mae,93,12,-11.517009865063933,-16.179430349707005,-6.138310879370732,E2:tilted,E2
shade:shaded,R,B,rmse,93,12,11.546665535756835,5.769871017579309,17.16062809540851,E2:tilted,E2
shade:shaded,R,B,mae,93,12,10.231162534210888,4.261454305836099,16.020259199655055,E2:tilted,E2
shade:shaded,H,A,rmse,93,12,10.495510617376054,5.723516340622293,16.026052404188746,E2:tilted,E2
shade:shaded,H,A,mae,93,12,9.509325657931969,5.304329757102229,14.488775816080564,E2:tilted,E2
shade:shaded,P-sim,P-cs,rmse,93,12,0.6001649365091382,-1.0783502598260108,2.3040389947114943,E2:tilted,E2
shade:shaded,P-sim,P-cs,mae,93,12,0.28457905453633003,-1.841447246002446,2.2501941472271474,E2:tilted,E2
shade:shaded,H,P-sim,rmse,93,12,-0.060420544725472425,-2.05747444021815,1.5531361992099044,E2:tilted,E2
shade:shaded,H,P-sim,mae,93,12,-0.6775519541540067,-2.8268794524809016,1.2350416061475962,E2:tilted,E2
shade:unshaded,H,D,rmse,4936,15,4.622288653707017,-22.024717208657417,33.57637926820127,E2:tilted,E2
shade:unshaded,H,D,mae,4936,15,-4.4076363560256056,-30.118348968717076,21.463991404077056,E2:tilted,E2
shade:unshaded,A,B,rmse,4936,15,-68.7113699757005,-106.9046083753141,-31.708361415356034,E2:tilted,E2
shade:unshaded,A,B,mae,4936,15,-36.228304490731176,-83.15417497454537,7.670717638870415,E2:tilted,E2
shade:unshaded,A,R,rmse,4936,15,-11.547608215487173,-14.191429950903366,-8.725530382751375,E2:tilted,E2
shade:unshaded,A,R,mae,4936,15,-9.270380355146415,-13.94996729049996,-3.6641865699372365,E2:tilted,E2
shade:unshaded,R,B,rmse,4936,15,-57.16376176021333,-92.95282367851635,-22.827071562034785,E2:tilted,E2
shade:unshaded,R,B,mae,4936,15,-26.95792413558476,-69.05102934169273,11.54426878793101,E2:tilted,E2
shade:unshaded,H,A,rmse,4936,15,182.88716141478946,122.39837444290514,240.35477730856726,E2:tilted,E2
shade:unshaded,H,A,mae,4936,15,128.29009114629528,70.55352861829878,194.4375614102765,E2:tilted,E2
shade:unshaded,P-sim,P-cs,rmse,4936,15,17.626536383222472,-4.04472027138798,43.42956825759358,E2:tilted,E2
shade:unshaded,P-sim,P-cs,mae,4936,15,8.252142701042246,-12.985182822183596,31.951021451239058,E2:tilted,E2
shade:unshaded,H,P-sim,rmse,4936,15,-19.332283692887827,-29.68106004888747,-10.29263307801542,E2:tilted,E2
shade:unshaded,H,P-sim,mae,4936,15,-22.013155453407634,-32.2561808568,-13.357115169456987,E2:tilted,E2
overall,H,D,rmse,12690,4,0.5689837340594295,-0.5596771867494709,2.508287703758384,E4:2025-04,E4
overall,H,D,mae,12690,4,2.2732942867061325,0.6355120794935585,4.0379807743918406,E4:2025-04,E4
overall,A,B,rmse,12690,4,-3.5509284242726835,-6.4032784500423645,-0.5467762777958001,E4:2025-04,E4
overall,A,B,mae,12690,4,-1.8140287132982849,-4.901874363329341,1.4325416548418843,E4:2025-04,E4
overall,A,R,rmse,12690,4,1.4359847467727036,1.2171529520668969,1.7762134705449184,E4:2025-04,E4
overall,A,R,mae,12690,4,0.17227392337338188,-0.5004080305123536,0.8369991085172046,E4:2025-04,E4
overall,R,B,rmse,12690,4,-4.986913171045387,-8.009241940747359,-1.8134661326110404,E4:2025-04,E4
overall,R,B,mae,12690,4,-1.9863026366716667,-4.644665080894811,0.48655623449758423,E4:2025-04,E4
overall,H,A,rmse,12690,4,287.58480616883116,216.57664220145017,403.68304506477176,E4:2025-04,E4
overall,H,A,mae,12690,4,253.98807562136523,184.7577534933365,369.6135827708631,E4:2025-04,E4
overall,P-sim,P-cs,rmse,12690,4,-0.31676390879636074,-1.0535143229083275,0.5134308128416905,E4:2025-04,E4
overall,P-sim,P-cs,mae,12690,4,0.634554403675125,-0.7215818470821844,2.3588003303282505,E4:2025-04,E4
overall,H,C,rmse,12690,4,1.7587052570350181,-7.580125032399221,16.26100300394002,E4:2025-04,E4
overall,H,C,mae,12690,4,10.030818018783947,-1.15828922191821,22.289390439655577,E4:2025-04,E4
overall,H,P-sim,rmse,12690,4,-0.622087873598673,-7.823194680178204,3.8657249923510335,E4:2025-04,E4
overall,H,P-sim,mae,12690,4,-5.827862918704824,-9.21349215380932,-2.478110602849327,E4:2025-04,E4
overall,H,D,rmse,17782,5,1.423413891476713,0.3754131161416012,2.520833058664806,E4:2025-05,E4
overall,H,D,mae,17782,5,2.1896095768707795,1.0965443621202833,2.96563351764042,E4:2025-05,E4
overall,A,B,rmse,17782,5,0.5473614855799838,-2.216108478045385,5.215681663710342,E4:2025-05,E4
overall,A,B,mae,17782,5,3.4367408067989516,0.023683034427278926,6.681646541044998,E4:2025-05,E4
overall,A,R,rmse,17782,5,0.46033914109702323,0.18749358461457177,0.9492945355684412,E4:2025-05,E4
overall,A,R,mae,17782,5,0.5674319764303561,-0.8110655641959568,1.7136803247711327,E4:2025-05,E4
overall,R,B,rmse,17782,5,0.08702234448296053,-2.5071051633554475,4.39882338169943,E4:2025-05,E4
overall,R,B,mae,17782,5,2.8693088303685954,0.4842962215435307,5.071379951727195,E4:2025-05,E4
overall,H,A,rmse,17782,5,105.40773842306211,38.15913440434201,164.44187474165275,E4:2025-05,E4
overall,H,A,mae,17782,5,65.47423437837438,14.137727777080784,124.37709928396445,E4:2025-05,E4
overall,P-sim,P-cs,rmse,17782,5,0.969513556171421,-0.36364556150692806,2.815765627546014,E4:2025-05,E4
overall,P-sim,P-cs,mae,17782,5,2.7537765089054176,1.1868182458906915,4.497757965914115,E4:2025-05,E4
overall,H,C,rmse,17782,5,1.2875964481316657,-3.170702691324692,6.729941251700865,E4:2025-05,E4
overall,H,C,mae,17782,5,0.5355939251884507,-4.908901822857857,5.9978771318832145,E4:2025-05,E4
overall,H,P-sim,rmse,17782,5,1.821306910359965,-0.3669168731453283,3.8811569678115063,E4:2025-05,E4
overall,H,P-sim,mae,17782,5,-3.0408814820531944,-6.219660472913958,0.3636220346091079,E4:2025-05,E4
overall,H,D,rmse,18729,5,2.632419214311952,2.0966061319184064,3.1207937785949547,E4:2025-06,E4
overall,H,D,mae,18729,5,2.0044427385154506,0.7522423848474558,3.0914510809599918,E4:2025-06,E4
overall,A,B,rmse,18729,5,4.9301927277482775,2.2561879628735255,6.848590199137618,E4:2025-06,E4
overall,A,B,mae,18729,5,6.446578290197863,5.523386765835948,7.47972903219771,E4:2025-06,E4
overall,A,R,rmse,18729,5,0.14988292928683222,-0.226266391684959,0.4104808191276561,E4:2025-06,E4
overall,A,R,mae,18729,5,0.42611663707428704,-0.8056715740766975,1.6442321230663737,E4:2025-06,E4
overall,R,B,rmse,18729,5,4.780309798461445,1.9868274026875945,6.998536607988342,E4:2025-06,E4
overall,R,B,mae,18729,5,6.020461653123576,5.109301911842351,7.027843682729767,E4:2025-06,E4
overall,H,A,rmse,18729,5,155.11214136162056,68.83594462855585,206.45150035291073,E4:2025-06,E4
overall,H,A,mae,18729,5,53.71529741733437,3.5345513742422767,101.09410734062428,E4:2025-06,E4
overall,P-sim,P-cs,rmse,18729,5,5.554690247099366,2.1386543503468545,10.901321654362782,E4:2025-06,E4
overall,P-sim,P-cs,mae,18729,5,5.259639225927923,3.1443204488293404,7.372925996516329,E4:2025-06,E4
overall,H,C,rmse,18729,5,-2.906740838536578,-13.595651583883551,12.013453682046965,E4:2025-06,E4
overall,H,C,mae,18729,5,4.933775597044175,-5.383274010097338,16.13075592106918,E4:2025-06,E4
overall,H,P-sim,rmse,18729,5,-27.921325435924857,-36.401638851087625,-18.16806412707861,E4:2025-06,E4
overall,H,P-sim,mae,18729,5,-23.999897417722888,-29.762258429991725,-18.22644961177965,E4:2025-06,E4
overall,H,D,rmse,19073,6,4.556275347286231,2.4402423479903703,6.031286477964358,E4:2025-07,E4
overall,H,D,mae,19073,6,1.536138075797048,-0.9551810520124633,4.07989926059164,E4:2025-07,E4
overall,A,B,rmse,19073,6,7.1009367357107465,6.538725416609755,13.13061615674544,E4:2025-07,E4
overall,A,B,mae,19073,6,8.85950760112582,8.402357009562873,9.359162858618681,E4:2025-07,E4
overall,A,R,rmse,19073,6,0.23779616354573818,-0.1670623566127322,0.7761727860121823,E4:2025-07,E4
overall,A,R,mae,19073,6,1.4137688406361022,0.8756875875295904,1.8204841942948065,E4:2025-07,E4
overall,R,B,rmse,19073,6,6.863140572165008,6.340771763509366,12.362070698545937,E4:2025-07,E4
overall,R,B,mae,19073,6,7.445738760489718,6.695616165665461,8.276260848288537,E4:2025-07,E4
overall,H,A,rmse,19073,6,21.595270375538448,-13.347930654795189,44.475218308322134,E4:2025-07,E4
overall,H,A,mae,19073,6,-8.859939105771318,-22.853822267527587,7.790520048093755,E4:2025-07,E4
overall,P-sim,P-cs,rmse,19073,6,7.579322375840761,6.780805651676904,14.087611283472476,E4:2025-07,E4
overall,P-sim,P-cs,mae,19073,6,8.2620240180635,7.206385318311284,9.178418675059598,E4:2025-07,E4
overall,H,C,rmse,19073,6,8.11927606701984,1.7914542889757712,13.643747709764725,E4:2025-07,E4
overall,H,C,mae,19073,6,8.584710814287014,1.8404629425149182,17.142004184585556,E4:2025-07,E4
overall,H,P-sim,rmse,19073,6,-5.030750215511887,-17.667836750898186,0.8560407168155852,E4:2025-07,E4
overall,H,P-sim,mae,19073,6,-16.42763490462024,-21.689983460795723,-9.816402039414747,E4:2025-07,E4
overall,H,D,rmse,17694,5,3.8544646220189804,2.769992990158258,6.542033478955048,E4:2025-08,E4
overall,H,D,mae,17694,5,2.861945682665386,1.9502585200808937,3.757138296128069,E4:2025-08,E4
overall,A,B,rmse,17694,5,2.9844546527900206,0.7044778176953059,6.596565028558416,E4:2025-08,E4
overall,A,B,mae,17694,5,5.519060267418595,3.2024497647603454,7.420429835049063,E4:2025-08,E4
overall,A,R,rmse,17694,5,-0.1297522531535833,-0.5177845564171839,0.2475298363766285,E4:2025-08,E4
overall,A,R,mae,17694,5,-0.09189701915040871,-0.7140981714432542,0.5385874050111571,E4:2025-08,E4
overall,R,B,rmse,17694,5,3.114206905943604,0.9425346665989593,6.800725289702569,E4:2025-08,E4
overall,R,B,mae,17694,5,5.610957286569004,3.2077566137480313,7.377835422248161,E4:2025-08,E4
overall,H,A,rmse,17694,5,47.587261363310944,10.973879207367581,74.49247819844278,E4:2025-08,E4
overall,H,A,mae,17694,5,19.800460240765346,-0.44317074095303255,48.2322422081438,E4:2025-08,E4
overall,P-sim,P-cs,rmse,17694,5,3.3165615122054533,1.4891963416452967,7.316217436895478,E4:2025-08,E4
overall,P-sim,P-cs,mae,17694,5,5.073148697700383,3.0643333404179245,7.18937911485239,E4:2025-08,E4
overall,H,C,rmse,17694,5,2.3672945948217006,-6.859676305727447,12.465395515036008,E4:2025-08,E4
overall,H,C,mae,17694,5,7.309741160985304,-1.169235920729335,13.885034704986083,E4:2025-08,E4
overall,H,P-sim,rmse,17694,5,-3.5513038664384595,-5.516881389870662,-1.3153056871883562,E4:2025-08,E4
overall,H,P-sim,mae,17694,5,-4.738129025344321,-6.101169341150743,-3.354144681831187,E4:2025-08,E4
overall,H,D,rmse,15396,5,11.344714896679932,2.8728927203349506,20.603507229727995,E4:2025-09,E4
overall,H,D,mae,15396,5,2.681459671293176,0.10772909040418437,5.160224760710129,E4:2025-09,E4
overall,A,B,rmse,15396,5,2.0580179884093184,-4.356110703668656,33.17641787214733,E4:2025-09,E4
overall,A,B,mae,15396,5,7.056026445129277,0.8321477780422981,13.34454664743641,E4:2025-09,E4
overall,A,R,rmse,15396,5,0.5685617561711069,0.2739588409949647,2.4627414020523517,E4:2025-09,E4
overall,A,R,mae,15396,5,1.2552183192196082,-0.4564897343456522,2.6358703344110523,E4:2025-09,E4
overall,R,B,rmse,15396,5,1.4894562322382114,-5.008890974422172,30.791871899040444,E4:2025-09,E4
overall,R,B,mae,15396,5,5.800808125909668,-0.730031270221178,11.931702689520481,E4:2025-09,E4
overall,H,A,rmse,15396,5,97.70628575228541,-29.865693983217525,197.89224465481124,E4:2025-09,E4
overall,H,A,mae,15396,5,33.931208776912314,-28.119708487672924,130.88559960178458,E4:2025-09,E4
overall,P-sim,P-cs,rmse,15396,5,16.459151696623188,5.301354227856052,33.371934861681744,E4:2025-09,E4
overall,P-sim,P-cs,mae,15396,5,8.244010057656915,2.8618434169997826,13.52087062389123,E4:2025-09,E4
overall,H,C,rmse,15396,5,14.389954239095516,-0.32127969324980654,27.15645241261518,E4:2025-09,E4
overall,H,C,mae,15396,5,5.133697519435046,-3.772661088036166,13.105632661471418,E4:2025-09,E4
overall,H,P-sim,rmse,15396,5,-15.912745704322013,-30.041148625012696,-5.884835051527645,E4:2025-09,E4
overall,H,P-sim,mae,15396,5,-19.172422741124713,-28.410516968402007,-9.275678750455995,E4:2025-09,E4
overall,H,D,rmse,13041,5,7.136049504771648,-6.5171756438251265,17.027835294002244,E4:2025-10,E4
overall,H,D,mae,13041,5,0.6391706595708513,-4.226566678452578,6.398110565619135,E4:2025-10,E4
overall,A,B,rmse,13041,5,-11.319135626707265,-21.782046808317432,6.424193373981126,E4:2025-10,E4
overall,A,B,mae,13041,5,-4.518373685944198,-15.41323704277221,5.895762368359712,E4:2025-10,E4
overall,A,R,rmse,13041,5,-0.9317948328298371,-1.5906973294457885,0.06857733490409146,E4:2025-10,E4
overall,A,R,mae,13041,5,-1.0662231932689394,-2.951669854676055,0.9118615089703042,E4:2025-10,E4
overall,R,B,rmse,13041,5,-10.387340793877428,-20.407688414242898,7.174851780121486,E4:2025-10,E4
overall,R,B,mae,13041,5,-3.4521504926752584,-13.09106159499396,5.443082787763714,E4:2025-10,E4
overall,H,A,rmse,13041,5,136.78172204731163,27.87686255053663,229.49314969708263,E4:2025-10,E4
overall,H,A,mae,13041,5,104.05408112910429,16.209435312986614,196.12305316478646,E4:2025-10,E4
overall,P-sim,P-cs,rmse,13041,5,10.512156551853266,-3.557151790517217,19.975350294665773,E4:2025-10,E4
overall,P-sim,P-cs,mae,13041,5,3.169372116126091,-2.7524027730759784,9.746199025472833,E4:2025-10,E4
overall,H,C,rmse,13041,5,4.331205628298477,-12.7130899586343,13.413435267117588,E4:2025-10,E4
overall,H,C,mae,13041,5,-3.637094202623558,-10.699654613552745,3.3286524946534257,E4:2025-10,E4
overall,H,P-sim,rmse,13041,5,-11.84906765453232,-23.129577116699927,-5.886548149613617,E4:2025-10,E4
overall,H,P-sim,mae,13041,5,-16.133266410262813,-23.98425311360303,-8.453768836278812,E4:2025-10,E4
overall,H,D,rmse,9655,4,-1.2326340262213904,-10.217112780659605,11.164302135963197,E4:2025-11,E4
overall,H,D,mae,9655,4,-2.4623250424280627,-6.299626765004639,5.060559183977858,E4:2025-11,E4
overall,A,B,rmse,9655,4,-19.68429939775831,-26.278888001466782,-7.827736886873737,E4:2025-11,E4
overall,A,B,mae,9655,4,-11.779176555850455,-20.180004531474964,0.6532409701732149,E4:2025-11,E4
overall,A,R,rmse,9655,4,-2.3858235577243363,-2.8093331966284723,-1.4108935371729672,E4:2025-11,E4
overall,A,R,mae,9655,4,-3.5177978113253516,-5.0487499201854575,-0.9246109588466993,E4:2025-11,E4
overall,R,B,rmse,9655,4,-17.298475840033973,-23.470240694935967,-6.404911054959683,E4:2025-11,E4
overall,R,B,mae,9655,4,-8.261378744525103,-15.131254611289506,1.5778519290199142,E4:2025-11,E4
overall,H,A,rmse,9655,4,160.96179427364274,68.76719680981759,231.80034173132435,E4:2025-11,E4
overall,H,A,mae,9655,4,129.52872221776676,53.6677951727531,206.77701773625944,E4:2025-11,E4
overall,P-sim,P-cs,rmse,9655,4,2.8394336232869506,-6.65267490808499,11.910028770564367,E4:2025-11,E4
overall,P-sim,P-cs,mae,9655,4,-0.3396658215447559,-3.676191885138998,5.842130138622771,E4:2025-11,E4
overall,H,C,rmse,9655,4,6.406527909407046,-11.288723878378491,19.4998230258482,E4:2025-11,E4
overall,H,C,mae,9655,4,7.599926715601711,-3.004381959263455,18.032108744624622,E4:2025-11,E4
overall,H,P-sim,rmse,9655,4,-13.10166848401316,-34.324466086567845,0.8703831459728804,E4:2025-11,E4
overall,H,P-sim,mae,9655,4,-17.83793140475899,-32.75375166078392,-3.212617462963351,E4:2025-11,E4
overall,H,D,rmse,8766,4,-11.16825251223193,-16.77983787111662,-7.134097253604764,E4:2025-12,E4
overall,H,D,mae,8766,4,-7.994219251350309,-9.411951862907216,-6.832595723429797,E4:2025-12,E4
overall,A,B,rmse,8766,4,-30.707167201314917,-33.0597629044332,-28.42231822436588,E4:2025-12,E4
overall,A,B,mae,8766,4,-21.222558853694068,-23.224633413681715,-17.604130346324013,E4:2025-12,E4
overall,A,R,rmse,8766,4,-4.712442710772876,-5.296494215027565,-4.159789872886336,E4:2025-12,E4
overall,A,R,mae,8766,4,-5.450661429375714,-6.21819483577238,-4.621559730388242,E4:2025-12,E4
overall,R,B,rmse,8766,4,-25.99472449054204,-27.763268689405635,-24.104777956385476,E4:2025-12,E4
overall,R,B,mae,8766,4,-15.771897424318354,-17.523041089567926,-12.871785964807941,E4:2025-12,E4
overall,H,A,rmse,8766,4,139.03568795803523,99.26656994646959,173.65200392782094,E4:2025-12,E4
overall,H,A,mae,8766,4,121.46111192302757,81.78222433016333,156.087923768418,E4:2025-12,E4
overall,P-sim,P-cs,rmse,8766,4,-6.601048266925588,-13.113908813604752,-2.937486362037731,E4:2025-12,E4
overall,P-sim,P-cs,mae,8766,4,-5.508106711150511,-7.463394422723336,-4.370453969751928,E4:2025-12,E4
overall,H,C,rmse,8766,4,0.6008012105862974,-5.4750863686413425,5.6431084732551255,E4:2025-12,E4
overall,H,C,mae,8766,4,8.45319116064632,2.360561735846744,13.203209453479595,E4:2025-12,E4
overall,H,P-sim,rmse,8766,4,-14.95468361895201,-23.949945145238132,-8.116901068658251,E4:2025-12,E4
overall,H,P-sim,mae,8766,4,-16.43446461772865,-22.38301061796719,-10.46143900432039,E4:2025-12,E4
overall,H,D,rmse,132826,43,2.7903663744679648,0.912752293834842,4.93314586296536,E4:pooled,E4
overall,H,D,mae,132826,43,1.0617731611382482,-0.10914896231905578,2.141112945078145,E4:pooled,E4
overall,A,B,rmse,132826,43,-3.2994086001506275,-6.729791699667492,-0.08587173424427143,E4:pooled,E4
overall,A,B,mae,132826,43,1.3205793869606168,-1.530545149266755,3.97082069547039,E4:pooled,E4
overall,A,R,rmse,132826,43,-0.17477734967843617,-0.703542117985939,0.26882221822613883,E4:pooled,E4
overall,A,R,mae,132826,43,-0.23134291592086242,-0.9450953147019774,0.3854457380658032,E4:pooled,E4
overall,R,B,rmse,132826,43,-3.1246312504721914,-6.191423024836364,-0.045918212739930714,E4:pooled,E4
overall,R,B,mae,132826,43,1.5519223028814793,-0.7997419372712663,3.7624838116031563,E4:pooled,E4
overall,H,A,rmse,132826,43,131.59254283333848,96.29417996472104,165.61386690883327,E4:pooled,E4
overall,H,A,mae,132826,43,73.55089461460967,44.70877962415457,102.22594985499713,E4:pooled,E4
overall,P-sim,P-cs,rmse,132826,43,4.236729376436756,2.2440558890010784,6.856209283775119,E4:pooled,E4
overall,P-sim,P-cs,mae,132826,43,3.911635019929527,2.3946052987052857,5.500615567926246,E4:pooled,E4
overall,H,C,rmse,132826,43,3.677687301753309,0.17760173122979736,7.53973591098746,E4:pooled,E4
overall,H,C,mae,132826,43,5.280438107920517,2.321706016850717,8.591867076909711,E4:pooled,E4
overall,H,P-sim,rmse,132826,43,-7.37878138811115,-11.985272238967406,-3.9996127764725795,E4:pooled,E4
overall,H,P-sim,mae,132826,43,-13.525557056070191,-16.907461041799056,-10.417726335178418,E4:pooled,E4
sensor:P0,H,D,rmse,14933,43,-1.190193668473995,-2.281957623489571,-0.3219793886185142,E4:pooled,E4
sensor:P0,H,D,mae,14933,43,-2.643602232486387,-3.9633747564890425,-1.3828698919112163,E4:pooled,E4
sensor:P0,A,B,rmse,14933,43,1.4687002917118548,0.9348313030415383,1.9346650787964752,E4:pooled,E4
sensor:P0,A,B,mae,14933,43,0.11394722765064103,-0.49936806926789,0.6603489020554609,E4:pooled,E4
sensor:P0,A,R,rmse,14933,43,1.11160959341737,0.6166694706211431,1.538361307599166,E4:pooled,E4
sensor:P0,A,R,mae,14933,43,0.15234865708723078,-0.48346205533282427,0.7421592158260871,E4:pooled,E4
sensor:P0,R,B,rmse,14933,43,0.3570906982944848,0.2736223714949375,0.42968575026710665,E4:pooled,E4
sensor:P0,R,B,mae,14933,43,-0.03840142943658975,-0.24128912029389155,0.15897201214877013,E4:pooled,E4
sensor:P0,H,A,rmse,14933,43,123.97518559993289,88.80288417405414,157.67224252411157,E4:pooled,E4
sensor:P0,H,A,mae,14933,43,68.46030366245559,40.310491572131845,96.97836406504202,E4:pooled,E4
sensor:P0,P-sim,P-cs,rmse,14933,43,0.034443235228266644,-0.3297480217408683,0.47317721465161233,E4:pooled,E4
sensor:P0,P-sim,P-cs,mae,14933,43,0.7442383454226658,0.309484467883942,1.1266107792320292,E4:pooled,E4
sensor:P0,H,C,rmse,14933,43,2.0880196334922942,-0.7712159757127189,5.116526381854063,E4:pooled,E4
sensor:P0,H,C,mae,14933,43,3.9262477352054788,0.8203346058883006,7.187071050194898,E4:pooled,E4
sensor:P0,H,P-sim,rmse,14933,43,-7.4330998415845215,-12.225589235295296,-3.885514884537218,E4:pooled,E4
sensor:P0,H,P-sim,mae,14933,43,-15.115314515429539,-18.438742648444236,-11.89010198615793,E4:pooled,E4
sensor:P0,H,S,rmse,14933,43,-7.2695622984306,-12.32145854719988,-3.5168508602942494,E4:pooled,E4
sensor:P0,H,S,mae,14933,43,-16.65873228554497,-22.445310770305547,-11.29795465209355,E4:pooled,E4
sensor:P1,H,D,rmse,13442,39,-0.4969270269305923,-1.486125476401702,0.4357447697960809,E4:pooled,E4
sensor:P1,H,D,mae,13442,39,-1.094630687288479,-2.2984009673794157,0.05897928462697814,E4:pooled,E4
sensor:P1,A,B,rmse,13442,39,2.3928324075557157,1.9041576628985681,2.8883565458428917,E4:pooled,E4
sensor:P1,A,B,mae,13442,39,1.6704333418234114,1.113209009152817,2.197911630979073,E4:pooled,E4
sensor:P1,A,R,rmse,13442,39,1.254547794404374,0.8091632502990237,1.673639374597773,E4:pooled,E4
sensor:P1,A,R,mae,13442,39,0.28728973539298863,-0.3319149126700225,0.8588306991333311,E4:pooled,E4
sensor:P1,R,B,rmse,13442,39,1.1382846131513418,0.9663300148364229,1.322051489169967,E4:pooled,E4
sensor:P1,R,B,mae,13442,39,1.3831436064304228,0.8483683868455607,1.9562163893708193,E4:pooled,E4
sensor:P1,H,A,rmse,13442,39,133.4791241406259,96.9880919967805,167.38207866608727,E4:pooled,E4
sensor:P1,H,A,mae,13442,39,77.61540669155178,48.33252301498642,108.78647494394068,E4:pooled,E4
sensor:P1,P-sim,P-cs,rmse,13442,39,0.24598787324828209,-0.1980565974776784,0.8482853436355415,E4:pooled,E4
sensor:P1,P-sim,P-cs,mae,13442,39,1.3092192327570586,0.8336764738677569,1.791935699512964,E4:pooled,E4
sensor:P1,H,C,rmse,13442,39,0.8852132829701702,-2.2146935789600857,4.251707521271426,E4:pooled,E4
sensor:P1,H,C,mae,13442,39,2.3616972034541064,-0.8863796404680957,5.7920155582264385,E4:pooled,E4
sensor:P1,H,P-sim,rmse,13442,39,-7.048242810767235,-12.07742992740914,-3.3452454273994103,E4:pooled,E4
sensor:P1,H,P-sim,mae,13442,39,-12.974886394121093,-16.542337264785402,-9.466971752112098,E4:pooled,E4
sensor:P1,H,S,rmse,13442,39,-6.195024071751604,-10.82286195967486,-2.605266074495306,E4:pooled,E4
sensor:P1,H,S,mae,13442,39,-11.634876096615336,-16.18806888588858,-7.097299561053795,E4:pooled,E4
sensor:P3,H,D,rmse,14929,43,-0.701465138344517,-1.8016234351639908,0.1757838365013402,E4:pooled,E4
sensor:P3,H,D,mae,14929,43,-1.550095672848471,-2.8171992349965906,-0.386747227715849,E4:pooled,E4
sensor:P3,A,B,rmse,14929,43,2.130899826832689,1.6205950070298905,2.5887408145653987,E4:pooled,E4
sensor:P3,A,B,mae,14929,43,1.5707547924340872,0.9410203627273436,2.1180976557804185,E4:pooled,E4
sensor:P3,A,R,rmse,14929,43,1.4571680384476622,0.949431635219792,1.906680883479671,E4:pooled,E4
sensor:P3,A,R,mae,14929,43,0.2842367857350041,-0.38261943947379606,0.8743038642935235,E4:pooled,E4
sensor:P3,R,B,rmse,14929,43,0.6737317883850267,0.6051359466524004,0.7431274242628312,E4:pooled,E4
sensor:P3,R,B,mae,14929,43,1.2865180066990831,1.0002755553666247,1.5657409805053504,E4:pooled,E4
sensor:P3,H,A,rmse,14929,43,124.62291979053369,89.37683185174555,158.0923246073902,E4:pooled,E4
sensor:P3,H,A,mae,14929,43,68.938661881068,40.64261788309123,97.38314114408021,E4:pooled,E4
sensor:P3,P-sim,P-cs,rmse,14929,43,0.24862339095287211,-0.16965438907363825,0.7393878518405326,E4:pooled,E4
sensor:P3,P-sim,P-cs,mae,14929,43,1.0501676059756946,0.5697471473260792,1.4860180147816309,E4:pooled,E4
sensor:P3,H,C,rmse,14929,43,1.6953582062154595,-1.210617347055167,4.79933917284522,E4:pooled,E4
sensor:P3,H,C,mae,14929,43,4.437179081580339,1.412407179304413,7.700999691672197,E4:pooled,E4
sensor:P3,H,P-sim,rmse,14929,43,-7.100178418204905,-11.76255454215258,-3.5566509739276047,E4:pooled,E4
sensor:P3,H,P-sim,mae,14929,43,-13.920023967359334,-17.326895429202505,-10.71181112212704,E4:pooled,E4
sensor:P3,H,S,rmse,14929,43,-5.794534356694655,-10.634750223729577,-2.0418113104522333,E4:pooled,E4
sensor:P3,H,S,mae,14929,43,-13.012924523497006,-17.934547186360067,-8.33755118704432,E4:pooled,E4
sensor:P4,H,D,rmse,14914,43,0.25916949987789906,-0.5469438103706434,0.9770083193315763,E4:pooled,E4
sensor:P4,H,D,mae,14914,43,-0.43539825375317776,-1.58001530495085,0.5650316564923951,E4:pooled,E4
sensor:P4,A,B,rmse,14914,43,1.6561671967272389,1.1961483743803591,2.088893445820019,E4:pooled,E4
sensor:P4,A,B,mae,14914,43,0.9897843377948163,0.30421293370640895,1.6403147884593159,E4:pooled,E4
sensor:P4,A,R,rmse,14914,43,1.3087884569096389,0.8495143589610663,1.7223762505527715,E4:pooled,E4
sensor:P4,A,R,mae,14914,43,0.731802425510665,0.006061486734280669,1.4211779359560959,E4:pooled,E4
sensor:P4,R,B,rmse,14914,43,0.34737873981760004,0.29610867752444603,0.39516542380788167,E4:pooled,E4
sensor:P4,R,B,mae,14914,43,0.25798191228415135,0.15333283051012714,0.36251752666435577,E4:pooled,E4
sensor:P4,H,A,rmse,14914,43,129.052392578028,94.21090004444312,162.17336208135535,E4:pooled,E4
sensor:P4,H,A,mae,14914,43,74.11714822672536,46.6630821279425,101.84104481362438,E4:pooled,E4
sensor:P4,P-sim,P-cs,rmse,14914,43,0.5528106780122926,0.12390068218295873,1.0693190050307497,E4:pooled,E4
sensor:P4,P-sim,P-cs,mae,14914,43,1.5393859278796995,1.0158003183494284,2.0142821659716175,E4:pooled,E4
sensor:P4,H,C,rmse,14914,43,1.2101360109498813,-1.782247734126599,4.532821859110152,E4:pooled,E4
sensor:P4,H,C,mae,14914,43,3.3102604876035997,0.04353808183529716,6.860121900289069,E4:pooled,E4
sensor:P4,H,P-sim,rmse,14914,43,-5.164588656735873,-9.477683509175186,-1.9942592400121628,E4:pooled,E4
sensor:P4,H,P-sim,mae,14914,43,-10.691259063703157,-14.364161638954043,-7.127807378345976,E4:pooled,E4
sensor:P4,H,S,rmse,14914,43,-1.9301143437190689,-6.109185026509799,1.8215004638743406,E4:pooled,E4
sensor:P4,H,S,mae,14914,43,-5.6315832906047945,-9.882809829300196,-1.0727351505291067,E4:pooled,E4
sensor:P5,H,D,rmse,14933,43,-0.3079717423758126,-1.1841258074938774,0.5086517631400945,E4:pooled,E4
sensor:P5,H,D,mae,14933,43,-0.9826471213251438,-2.189586684362817,0.13256281110086673,E4:pooled,E4
sensor:P5,A,B,rmse,14933,43,3.033666139892972,2.5195173045078336,3.5204220522079233,E4:pooled,E4
sensor:P5,A,B,mae,14933,43,3.4252679871129033,2.735657526209525,4.11248000078462,E4:pooled,E4
sensor:P5,A,R,rmse,14933,43,1.475541955034231,1.0639815322175834,1.8494351225186154,E4:pooled,E4
sensor:P5,A,R,mae,14933,43,0.8689539197478666,0.2707935404370282,1.4070421549206777,E4:pooled,E4
sensor:P5,R,B,rmse,14933,43,1.558124184858741,1.3373482327373813,1.804417422362159,E4:pooled,E4
sensor:P5,R,B,mae,14933,43,2.5563140673650366,1.9108211323442597,3.286700548574689,E4:pooled,E4
sensor:P5,H,A,rmse,14933,43,124.3393873234127,89.55152784636158,157.43917070284627,E4:pooled,E4
sensor:P5,H,A,mae,14933,43,68.70945457891605,41.111541877149335,96.53304016011143,E4:pooled,E4
sensor:P5,P-sim,P-cs,rmse,14933,43,0.5154561913901148,-0.01488965657815022,1.154557562042591,E4:pooled,E4
sensor:P5,P-sim,P-cs,mae,14933,43,1.3432221206071446,0.7221399719997372,1.933930940234549,E4:pooled,E4
sensor:P5,H,C,rmse,14933,43,0.9743977766862457,-1.9108986723333303,4.144081643309361,E4:pooled,E4
sensor:P5,H,C,mae,14933,43,2.5596525491446585,-0.4798836844721194,6.010949522276499,E4:pooled,E4
sensor:P5,H,P-sim,rmse,14933,43,-6.523968885385173,-11.158393226557383,-3.023607263227693,E4:pooled,E4
sensor:P5,H,P-sim,mae,14933,43,-13.198485959114386,-16.74366529617735,-9.899750021713592,E4:pooled,E4
sensor:P5,H,S,rmse,14933,43,-4.321582872627815,-8.752979024990342,-0.6634134552310171,E4:pooled,E4
sensor:P5,H,S,mae,14933,43,-10.22169442084573,-14.498376314306283,-6.0399830413679165,E4:pooled,E4
sensor:P6,H,D,rmse,14926,43,-0.43159644664190466,-1.3351094566058617,0.3297676015462951,E4:pooled,E4
sensor:P6,H,D,mae,14926,43,-1.4098029585643843,-2.5282329207492387,-0.37719523777475816,E4:pooled,E4
sensor:P6,A,B,rmse,14926,43,1.5602804413090325,1.0802929256310592,1.9933925520904825,E4:pooled,E4
sensor:P6,A,B,mae,14926,43,0.7645242907957197,0.14117038624387634,1.3430347456128053,E4:pooled,E4
sensor:P6,A,R,rmse,14926,43,1.0952207922709079,0.6239054829988362,1.502567160670141,E4:pooled,E4
sensor:P6,A,R,mae,14926,43,0.5335473300616513,-0.17198363159001565,1.1308270779233462,E4:pooled,E4
sensor:P6,R,B,rmse,14926,43,0.4650596490381247,0.390816757407611,0.5338360298920086,E4:pooled,E4
sensor:P6,R,B,mae,14926,43,0.23097696073406837,0.07283826767362847,0.38331467331472496,E4:pooled,E4
sensor:P6,H,A,rmse,14926,43,125.63363311672515,90.82627903675943,158.87492462120105,E4:pooled,E4
sensor:P6,H,A,mae,14926,43,70.32394506439465,42.41150724595321,98.68880984619108,E4:pooled,E4
sensor:P6,P-sim,P-cs,rmse,14926,43,0.37607874219337134,-0.03556730933621388,0.8596792415849417,E4:pooled,E4
sensor:P6,P-sim,P-cs,mae,14926,43,1.3659013454365976,0.878161495115618,1.810729806565093,E4:pooled,E4
sensor:P6,H,C,rmse,14926,43,0.3768702029934019,-2.546237958812001,3.5704705895226163,E4:pooled,E4
sensor:P6,H,C,mae,14926,43,1.9007600566866287,-1.0584863305503984,5.211877427138467,E4:pooled,E4
sensor:P6,H,P-sim,rmse,14926,43,-6.295986980301464,-10.894500711574635,-2.846603557285209,E4:pooled,E4
sensor:P6,H,P-sim,mae,14926,43,-13.147978162002957,-16.602302596122918,-9.950479122759088,E4:pooled,E4
sensor:P6,H,S,rmse,14926,43,-4.994334310095283,-9.609008706918605,-1.3937869891058006,E4:pooled,E4
sensor:P6,H,S,mae,14926,43,-11.65817991072148,-15.947782971716375,-7.361115356242073,E4:pooled,E4
sensor:P7,H,D,rmse,14913,43,-0.204696529409631,-1.0947923989330182,0.585601610431227,E4:pooled,E4
sensor:P7,H,D,mae,14913,43,-1.132272567859701,-2.297613649676658,-0.03424574538384297,E4:pooled,E4
sensor:P7,A,B,rmse,14913,43,2.885013522046819,2.4252215728117634,3.3258156275244337,E4:pooled,E4
sensor:P7,A,B,mae,14913,43,3.3310298603672663,2.729006821982795,3.8778309922946455,E4:pooled,E4
sensor:P7,A,R,rmse,14913,43,1.3670549815680886,0.9018735669097296,1.8108462537104293,E4:pooled,E4
sensor:P7,A,R,mae,14913,43,0.6783935042698488,0.05539252388058636,1.2488366026843436,E4:pooled,E4
sensor:P7,R,B,rmse,14913,43,1.5179585404787304,1.350708366472609,1.7044225874144252,E4:pooled,E4
sensor:P7,R,B,mae,14913,43,2.6526363560974175,2.1764076031312083,3.165632739575043,E4:pooled,E4
sensor:P7,H,A,rmse,14913,43,125.32873610285637,90.43456436824641,158.55840593107612,E4:pooled,E4
sensor:P7,H,A,mae,14913,43,68.91974003651845,40.88442358349936,97.03091575126668,E4:pooled,E4
sensor:P7,P-sim,P-cs,rmse,14913,43,0.617669863497639,0.10460835784569973,1.2266987236463112,E4:pooled,E4
sensor:P7,P-sim,P-cs,mae,14913,43,1.641356155618361,1.0848593126113273,2.2359245997739627,E4:pooled,E4
sensor:P7,H,C,rmse,14913,43,2.5754153263643076,-0.40649535716424906,5.748605613801084,E4:pooled,E4
sensor:P7,H,C,mae,14913,43,4.839309483009707,1.9089721704821367,8.128488002151053,E4:pooled,E4
sensor:P7,H,P-sim,rmse,14913,43,-6.637922739309019,-11.216627782008946,-3.191174175488699,E4:pooled,E4
sensor:P7,H,P-sim,mae,14913,43,-13.37019796890224,-16.730245957113365,-10.165125262862889,E4:pooled,E4
sensor:P7,H,S,rmse,14913,43,-3.849651474208315,-8.162311487316371,-0.20680720684378323,E4:pooled,E4
sensor:P7,H,S,mae,14913,43,-10.452972517495468,-15.191499169967509,-5.852174348725872,E4:pooled,E4
sensor:P8,H,D,rmse,14906,43,-0.9249383797296389,-1.9471410618161709,-0.1125710697234897,E4:pooled,E4
sensor:P8,H,D,mae,14906,43,-2.101609700274352,-3.310442242236202,-0.939910352211223,E4:pooled,E4
sensor:P8,A,B,rmse,14906,43,1.3290194122293713,0.8320132605806357,1.7746647208959758,E4:pooled,E4
sensor:P8,A,B,mae,14906,43,0.24686904289262657,-0.3778738557791407,0.7900348989854371,E4:pooled,E4
sensor:P8,A,R,rmse,14906,43,1.0539858574928473,0.566336474638689,1.485359393260866,E4:pooled,E4
sensor:P8,A,R,mae,14906,43,0.12486231199682152,-0.5301828089170364,0.711687145731824,E4:pooled,E4
sensor:P8,R,B,rmse,14906,43,0.2750335547365239,0.2245283750367399,0.3227254565822299,E4:pooled,E4
sensor:P8,R,B,mae,14906,43,0.12200673089580505,0.016549818142113894,0.22470126858849535,E4:pooled,E4
sensor:P8,H,A,rmse,14906,43,124.90128770090186,89.76673387677683,158.41740982928286,E4:pooled,E4
sensor:P8,H,A,mae,14906,43,69.23067326608925,40.855982807205855,97.68970950610523,E4:pooled,E4
sensor:P8,P-sim,P-cs,rmse,14906,43,0.10275079778902807,-0.26013780250707264,0.54298126839532,E4:pooled,E4
sensor:P8,P-sim,P-cs,mae,14906,43,0.9352215870480904,0.5140013167925034,1.3015697817277996,E4:pooled,E4
sensor:P8,H,C,rmse,14906,43,1.801570739508989,-1.1006589024753182,4.925313452226791,E4:pooled,E4
sensor:P8,H,C,mae,14906,43,4.135936369261827,1.22632321460735,7.350271128484207,E4:pooled,E4
sensor:P8,H,P-sim,rmse,14906,43,-6.93508937661143,-11.654312912390127,-3.4472443407934037,E4:pooled,E4
sensor:P8,H,P-sim,mae,14906,43,-14.106646786468481,-17.528022377189473,-10.827037483694468,E4:pooled,E4
sensor:P8,H,S,rmse,14906,43,-6.246746086361227,-11.13346066434321,-2.602213931353223,E4:pooled,E4
sensor:P8,H,S,mae,14906,43,-14.12421133042509,-19.021103477664173,-9.378609392837499,E4:pooled,E4
sensor:Pinc,H,D,rmse,14930,43,22.497687914485624,7.495271528624917,38.8497934579498,E4:pooled,E4
sensor:Pinc,H,D,mae,14930,43,20.682229806636954,7.175001765206129,34.962029158474294,E4:pooled,E4
sensor:Pinc,A,B,rmse,14930,43,-39.09903978887209,-64.34377092286825,-12.718765818130198,E4:pooled,E4
sensor:Pinc,A,B,mae,14930,43,-0.19263214105541238,-24.8902777530077,22.4383150793814,E4:pooled,E4
sensor:Pinc,A,R,rmse,14930,43,-9.268093312877454,-11.01076650203807,-7.396699402868643,E4:pooled,E4
sensor:Pinc,A,R,mae,14930,43,-5.689249424095038,-8.571558134270914,-2.815267964721022,E4:pooled,E4
sensor:Pinc,R,B,rmse,14930,43,-29.830946475994637,-53.4552153286638,-5.285150100236982,E4:pooled,E4
sensor:Pinc,R,B,mae,14930,43,5.496617283039626,-16.730190230734223,25.93605782676657,E4:pooled,E4
sensor:Pinc,H,A,rmse,14930,43,167.71003993963382,124.60488774917567,207.57186505541725,E4:pooled,E4
sensor:Pinc,H,A,mae,14930,43,96.03701920549038,60.75768200561236,131.65533235856867,E4:pooled,E4
sensor:Pinc,P-sim,P-cs,rmse,14930,43,27.878121236853673,15.234215495099399,42.77388941056994,E4:pooled,E4
sensor:Pinc,P-sim,P-cs,mae,14930,43,25.006999756593615,12.29542234503016,38.748060674680204,E4:pooled,E4
sensor:Pinc,H,C,rmse,14930,43,17.359382902719403,3.355003539823323,32.96485590848126,E4:pooled,E4
sensor:Pinc,H,C,mae,14930,43,19.757406798402144,6.991378390484902,33.258017303601136,E4:pooled,E4
sensor:Pinc,H,P-sim,rmse,14930,43,-12.381134760718709,-17.926188823020443,-7.846048378825516,E4:pooled,E4
sensor:Pinc,H,P-sim,mae,14930,43,-15.147729356548439,-19.753802811944215,-11.092875905192393,E4:pooled,E4
sky:sunny,H,D,rmse,39678,12,9.34712029641382,5.01353660329507,13.861824912241653,E4:pooled,E4
sky:sunny,H,D,mae,39678,12,2.4945254664973433,0.9981600328497986,3.965603911601651,E4:pooled,E4
sky:sunny,A,B,rmse,39678,12,16.497846241631443,11.241483686261896,23.376319022561507,E4:pooled,E4
sky:sunny,A,B,mae,39678,12,9.123620515679075,7.8843076456783345,10.705855264120165,E4:pooled,E4
sky:sunny,A,R,rmse,39678,12,0.5944366682606415,-0.25749443536094796,1.6160995684560426,E4:pooled,E4
sky:sunny,A,R,mae,39678,12,0.889357938862819,0.1251799566947911,1.6725470818695507,E4:pooled,E4
sky:sunny,R,B,rmse,39678,12,15.903409573370801,11.13403606762816,21.88917032360041,E4:pooled,E4
sky:sunny,R,B,mae,39678,12,8.234262576816256,7.1205829030693994,9.547721147250618,E4:pooled,E4
sky:sunny,H,A,rmse,39678,12,-11.51646744337166,-22.778567384429028,-0.8347484626230344,E4:pooled,E4
sky:sunny,H,A,mae,39678,12,-14.541090380292463,-20.94606468784002,-7.811066333773319,E4:pooled,E4
sky:sunny,P-sim,P-cs,rmse,39678,12,17.651200283644876,12.21755904830968,23.791756639381752,E4:pooled,E4
sky:sunny,P-sim,P-cs,mae,39678,12,9.150883702894834,7.868799913059839,10.756106487321814,E4:pooled,E4
sky:sunny,H,C,rmse,39678,12,15.763760805465289,9.996942958552784,21.250540051441163,E4:pooled,E4
sky:sunny,H,C,mae,39678,12,9.502210295472821,4.592734159023123,14.338226126937107,E4:pooled,E4
sky:sunny,H,P-sim,rmse,39678,12,-15.984559702591184,-23.342968708049266,-8.247579648124008,E4:pooled,E4
sky:sunny,H,P-sim,mae,39678,12,-15.909119008588458,-21.366618252765704,-10.283310619207464,E4:pooled,E4
sky:mixed,H,D,rmse,53341,16,4.820985500736754,2.6110110688270822,7.819758764161449,E4:pooled,E4
sky:mixed,H,D,mae,53341,16,3.0633891174633163,1.9229475691390383,4.432008458233171,E4:pooled,E4
sky:mixed,A,B,rmse,53341,16,3.5636608244794843,1.1672388490903003,6.108635194670897,E4:pooled,E4
sky:mixed,A,B,mae,53341,16,5.115867030628692,3.1857061953614574,6.861365359832948,E4:pooled,E4
sky:mixed,A,R,rmse,53341,16,0.20889863208407178,-0.04870030580681117,0.4593629677428495,E4:pooled,E4
sky:mixed,A,R,mae,53341,16,0.4466158777694318,-0.26266598717547823,1.1440563984334202,E4:pooled,E4
sky:mixed,R,B,rmse,53341,16,3.3547621923954125,1.0120663986190706,5.886496589637294,E4:pooled,E4
sky:mixed,R,B,mae,53341,16,4.66925115285926,2.9955936009847113,6.133714182162183,E4:pooled,E4
sky:mixed,H,A,rmse,53341,16,103.49753665047928,62.016268412599395,140.97697007359665,E4:pooled,E4
sky:mixed,H,A,mae,53341,16,50.64103263419996,26.19826607023575,78.53957784513379,E4:pooled,E4
sky:mixed,P-sim,P-cs,rmse,53341,16,4.713923792022541,1.9994524735220427,8.277338504515717,E4:pooled,E4
sky:mixed,P-sim,P-cs,mae,53341,16,4.578673935945659,3.1229669250684884,6.27433188769776,E4:pooled,E4
sky:mixed,H,C,rmse,53341,16,2.8240081914266995,-2.3872504178855127,8.119490511526593,E4:pooled,E4
sky:mixed,H,C,mae,53341,16,3.860726842766539,-0.9114113337134363,9.020684136807539,E4:pooled,E4
sky:mixed,H,P-sim,rmse,53341,16,-5.549152856382591,-11.903504739867275,-0.731231074854247,E4:pooled,E4
sky:mixed,H,P-sim,mae,53341,16,-11.32959174094313,-16.995525072830155,-6.328538431132929,E4:pooled,E4
sky:cloudy,H,D,rmse,17298,6,-1.196730219344289,-3.475809771615687,0.7737562361074453,E4:pooled,E4
sky:cloudy,H,D,mae,17298,6,-1.3452898559021946,-4.090684789415409,1.3321176777512709,E4:pooled,E4
sky:cloudy,A,B,rmse,17298,6,-7.543461944703097,-14.728567653571238,-3.143400142022017,E4:pooled,E4
sky:cloudy,A,B,mae,17298,6,-5.9780609498767205,-11.043803189601563,-1.5842396726202423,E4:pooled,E4
sky:cloudy,A,R,rmse,17298,6,0.13597189781893348,-1.4063624619677846,0.9592489944242857,E4:pooled,E4
sky:cloudy,A,R,mae,17298,6,-0.706147935836924,-2.682331786359356,0.8035456338882341,E4:pooled,E4
sky:cloudy,R,B,rmse,17298,6,-7.67943384252203,-13.44962786588085,-3.906433727426929,E4:pooled,E4
sky:cloudy,R,B,mae,17298,6,-5.2719130140397965,-8.56810448051283,-1.7817697328483542,E4:pooled,E4
sky:cloudy,H,A,rmse,17298,6,203.73253136383818,134.52147832217793,256.3345971172792,E4:pooled,E4
sky:cloudy,H,A,mae,17298,6,160.07195670163134,105.0428633949241,206.92923748806925,E4:pooled,E4
sky:cloudy,P-sim,P-cs,rmse,17298,6,0.021267218923412656,-0.8382824997479617,0.6030589706772105,E4:pooled,E4
sky:cloudy,P-sim,P-cs,mae,17298,6,-0.8590336099127853,-2.929860436565804,1.1591638624869176,E4:pooled,E4
sky:cloudy,H,C,rmse,17298,6,3.679371777410381,-6.107995657045734,11.628349827334704,E4:pooled,E4
sky:cloudy,H,C,mae,17298,6,2.3735502977400245,-4.954011968633125,9.760662601756174,E4:pooled,E4
sky:cloudy,H,P-sim,rmse,17298,6,-2.0985654635730953,-7.282886594474662,2.476332432783966,E4:pooled,E4
sky:cloudy,H,P-sim,mae,17298,6,-6.269412644084909,-8.915021953311602,-3.5343771877935133,E4:pooled,E4
sky:rainy,H,D,rmse,22509,9,-5.6452688451880135,-11.74214140708649,-2.2706514170091245,E4:pooled,E4
sky:rainy,H,D,mae,22509,9,-4.3573732527234625,-7.131150052716065,-1.3052877746919127,E4:pooled,E4
sky:rainy,A,B,rmse,22509,9,-17.726054657391387,-27.38490711757939,-10.793544610257644,E4:pooled,E4
sky:rainy,A,B,mae,22509,9,-15.819303484760724,-21.05955541325286,-9.958318484967993,E4:pooled,E4
sky:rainy,A,R,rmse,22509,9,-1.2217280580610463,-3.310661539195377,0.32716950978677045,E4:pooled,E4
sky:rainy,A,R,mae,22509,9,-3.4485889639830702,-5.088391034740995,-1.8079137728395414,E4:pooled,E4
sky:rainy,R,B,rmse,22509,9,-16.50432659933034,-24.085408064171816,-10.827221718016174,E4:pooled,E4
sky:rainy,R,B,mae,22509,9,-12.370714520777653,-16.039084514112457,-8.074857410879035,E4:pooled,E4
sky:rainy,H,A,rmse,22509,9,243.35134435493623,188.0997843774154,325.51958877877155,E4:pooled,E4
sky:rainy,H,A,mae,22509,9,216.6362114453645,169.3726111701075,283.7064835786361,E4:pooled,E4
sky:rainy,P-sim,P-cs,rmse,22509,9,-3.2723152367777004,-9.09373714368969,-1.5865672133469466,E4:pooled,E4
sky:rainy,P-sim,P-cs,mae,22509,9,-3.238411899209538,-4.883199203020006,-1.8811353559653115,E4:pooled,E4
sky:rainy,H,C,rmse,22509,9,-5.093651564900128,-11.454338966204446,3.8466521955717887,E4:pooled,E4
sky:rainy,H,C,mae,22509,9,3.4367616708232447,-4.968876206340287,12.182046525688563,E4:pooled,E4
sky:rainy,H,P-sim,rmse,22509,9,-13.298400273400077,-29.168148174347063,-5.558531703508344,E4:pooled,E4
sky:rainy,H,P-sim,mae,22509,9,-20.10411677710168,-27.379228076115663,-13.147569989340777,E4:pooled,E4
sky:cloudy+rainy,H,D,rmse,39807,15,-3.694779441069784,-6.933690628302526,-1.5359274082911472,E4:pooled,E4
sky:cloudy+rainy,H,D,mae,39807,15,-3.0484823893523583,-5.251885108563242,-0.9547794940824614,E4:pooled,E4
sky:cloudy+rainy,A,B,rmse,39807,15,-13.55498722390638,-19.964841457799448,-8.563472207823901,E4:pooled,E4
sky:cloudy+rainy,A,B,mae,39807,15,-11.54282413770062,-16.049402484350132,-7.173708203774991,E4:pooled,E4
sky:cloudy+rainy,A,R,rmse,39807,15,-0.6708618739974099,-1.9787973360996218,0.31813269500120744,E4:pooled,E4
sky:cloudy+rainy,A,R,mae,39807,15,-2.256870298801914,-3.677278626706945,-0.9250922366249712,E4:pooled,E4
sky:cloudy+rainy,R,B,rmse,39807,15,-12.88412534990897,-18.151799797933638,-8.769151721744187,E4:pooled,E4
sky:cloudy+rainy,R,B,mae,39807,15,-9.285953838898706,-12.538312216904608,-6.125126344697585,E4:pooled,E4
sky:cloudy+rainy,H,A,rmse,39807,15,226.74185900806444,181.6963877497975,280.21331228438913,E4:pooled,E4
sky:cloudy+rainy,H,A,mae,39807,15,192.05640190038264,153.29376732244467,238.4790479908503,E4:pooled,E4
sky:cloudy+rainy,P-sim,P-cs,rmse,39807,15,-1.7307635033269406,-3.6883055027132974,-0.6520204349537357,E4:pooled,E4
sky:cloudy+rainy,P-sim,P-cs,mae,39807,15,-2.2044609446474013,-3.569215447556261,-0.8829798754786728,E4:pooled,E4
sky:cloudy+rainy,H,C,rmse,39807,15,-1.2016115407133015,-7.2413765969091335,5.42753852431497,E4:pooled,E4
sky:cloudy+rainy,H,C,mae,39807,15,2.9747466902521467,-2.873721683087891,9.289117793088844,E4:pooled,E4
sky:cloudy+rainy,H,P-sim,rmse,39807,15,-8.286233522417916,-16.943908722370733,-3.214795851995833,E4:pooled,E4
sky:cloudy+rainy,H,P-sim,mae,39807,15,-14.092291919842303,-19.878575911219645,-9.08866686439483,E4:pooled,E4
shade:shaded,H,D,rmse,4032,43,14.056876469081846,7.64070198680764,20.496923064536144,E4:pooled,E4
shade:shaded,H,D,mae,4032,43,10.09072998924076,5.4893184798207315,14.481713288626068,E4:pooled,E4
shade:shaded,A,B,rmse,4032,43,26.66076014738357,22.734529108254822,30.349906644469286,E4:pooled,E4
shade:shaded,A,B,mae,4032,43,19.037578773908283,16.323315080039663,21.741711602989852,E4:pooled,E4
shade:shaded,A,R,rmse,4032,43,-0.40819149471801097,-3.2968413301948667,2.642566782534666,E4:pooled,E4
shade:shaded,A,R,mae,4032,43,-1.2831619918963213,-4.281538077904692,1.8412516831751176,E4:pooled,E4
shade:shaded,R,B,rmse,4032,43,27.06895164210158,20.79362827107174,33.16671169307486,E4:pooled,E4
shade:shaded,R,B,mae,4032,43,20.320740765804604,14.892299530032362,25.317385100059706,E4:pooled,E4
shade:shaded,H,A,rmse,4032,43,-0.5488645191776307,-4.683860886344939,3.9848039513757776,E4:pooled,E4
shade:shaded,H,A,mae,4032,43,0.6080328879393306,-2.7167394217142777,4.222991580064388,E4:pooled,E4
shade:shaded,P-sim,P-cs,rmse,4032,43,10.798602206027429,4.575899933714278,17.596046837639555,E4:pooled,E4
shade:shaded,P-sim,P-cs,mae,4032,43,6.471166998379925,2.490426741764685,10.70141448176729,E4:pooled,E4
shade:shaded,H,C,rmse,4032,43,51.857354628907274,37.420179027839716,65.85179449791784,E4:pooled,E4
shade:shaded,H,C,mae,4032,43,45.02953630803644,33.64445015170054,56.97450309355682,E4:pooled,E4
shade:shaded,H,P-sim,rmse,4032,43,2.3581322299505985,1.4875371736592131,3.1206698135642688,E4:pooled,E4
shade:shaded,H,P-sim,mae,4032,43,1.3135256315052466,0.28854106069677365,2.277040669355436,E4:pooled,E4
shade:unshaded,H,D,rmse,128526,43,2.7127272092169505,0.8327838183527397,4.866176207703335,E4:pooled,E4
shade:unshaded,H,D,mae,128526,43,0.7750043770456045,-0.4398513787404578,1.8264384036318997,E4:pooled,E4
shade:unshaded,A,B,rmse,128526,43,-3.4823345618709425,-6.979687751879784,-0.22378168397578568,E4:pooled,E4
shade:unshaded,A,B,mae,128526,43,0.7610850330318328,-2.258079795498567,3.531296375893069,E4:pooled,E4
shade:unshaded,A,R,rmse,128526,43,-0.17337215039788134,-0.7138947744163481,0.2767418086897187,E4:pooled,E4
shade:unshaded,A,R,mae,128526,43,-0.18308777736004345,-0.8884684099068089,0.4579383194026304,E4:pooled,E4
shade:unshaded,R,B,rmse,128526,43,-3.308962411473061,-6.452656463239081,-0.18670800489377562,E4:pooled,E4
shade:unshaded,R,B,mae,128526,43,0.9441728103918763,-1.5141271068127182,3.214309931853606,E4:pooled,E4
shade:unshaded,H,A,rmse,128526,43,133.8207151448427,97.92175706858905,168.466880697496,E4:pooled,E4
shade:unshaded,H,A,mae,128526,43,75.9583782917293,46.08845224321264,105.54280169480927,E4:pooled,E4
shade:unshaded,P-sim,P-cs,rmse,128526,43,4.205678570939497,2.234844146528478,6.812892536362557,E4:pooled,E4
shade:unshaded,P-sim,P-cs,mae,128526,43,3.8346786630330243,2.3024338638661277,5.388269245054582,E4:pooled,E4
shade:unshaded,H,C,rmse,128526,43,2.9524195123540977,-0.48661570722586267,6.645108005029023,E4:pooled,E4
shade:unshaded,H,C,mae,128526,43,3.9681322655817155,0.9275582141189732,7.284195261460293,E4:pooled,E4
shade:unshaded,H,P-sim,rmse,128526,43,-7.526935748589835,-12.201310146397443,-4.089761937225877,E4:pooled,E4
shade:unshaded,H,P-sim,mae,128526,43,-14.01822248586906,-17.490602412652645,-10.774369165928332,E4:pooled,E4
horizontals,H,D,rmse,117896,43,-0.5042218170950861,-1.440158429852206,0.28799744559521795,E4:pooled,E4
horizontals,H,D,mae,117896,43,-1.4229033140373062,-2.559603405710586,-0.3716579254041477,E4:pooled,E4
horizontals,A,B,rmse,117896,43,2.054101693307132,1.571605300356851,2.495938920390729,E4:pooled,E4
horizontals,A,B,mae,117896,43,1.5122080097578134,0.9735180014387044,1.9822385944615333,E4:pooled,E4
horizontals,A,R,rmse,117896,43,1.2655204589348443,0.7944940117074275,1.685669403929824,E4:pooled,E4
horizontals,A,R,mae,117896,43,0.4598301872127877,-0.15043703839945977,0.9740992739786554,E4:pooled,E4
horizontals,R,B,rmse,117896,43,0.7885812343722876,0.6905390765808754,0.8936762530550594,E4:pooled,E4
horizontals,R,B,mae,117896,43,1.0523778225450258,0.8066408117706807,1.3229215562932584,E4:pooled,E4
horizontals,H,A,rmse,117896,43,126.32571327892832,91.48681582575648,159.7237746629415,E4:pooled,E4
horizontals,H,A,mae,117896,43,70.70331844457966,42.40180202744012,98.83555441026755,E4:pooled,E4
horizontals,P-sim,P-cs,rmse,117896,43,0.33731046065027215,-0.06984590348844044,0.8440549128773868,E4:pooled,E4
horizontals,P-sim,P-cs,mae,117896,43,1.2401805556695606,0.7980240493841657,1.6304909463403843,E4:pooled,E4
horizontals,H,C,rmse,117896,43,1.4643925924725352,-1.411494357024226,4.632713100400016,E4:pooled,E4
horizontals,H,C,mae,117896,43,3.4471177022333706,0.4748118977828199,6.757162869909399,E4:pooled,E4
horizontals,H,P-sim,rmse,117896,43,-6.642518856973837,-11.290100390753208,-3.1463082440292656,E4:pooled,E4
horizontals,H,P-sim,mae,117896,43,-13.320129964004828,-16.752927413053985,-10.158336855206187,E4:pooled,E4
horizontals,H,S,rmse,117896,43,-5.065000225122276,-9.586810048187106,-1.5011109868942956,E4:pooled,E4
horizontals,H,S,mae,117896,43,-11.675472166118922,-16.27543857393124,-7.27462084131997,E4:pooled,E4
