group,model,n_rows,n_days,r2,mae,rmse,mbe,p90,p95,p99,max_abs,r2_lo,r2_hi,mae_lo,mae_hi,rmse_lo,rmse_hi,mbe_lo,mbe_hi,unit,experiment
overall,A,45342,15,0.33437074327794214,161.61131704355003,239.2300732767727,137.5073991878346,411.04085205120003,527.8317250566331,760.7531257326398,987.483728027,-0.37349965406774027,0.6984254150481419,106.61012316150844,224.08510421509598,166.44674518025903,304.98268957613294,81.25542667873366,202.4349748906942,E1,E1
overall,B,45342,15,0.37414919269410685,158.54155989373132,231.9716867742858,129.9681943919302,393.14181346666663,490.05057113333334,751.7369455866656,889.129777,-0.29631430101359857,0.7246240095965392,107.0360911868122,218.2738733817163,158.17625342658798,298.4530118273991,76.25435939386215,194.89849094571665,E1,E1
overall,R,45342,15,0.337786584954305,160.28014624819403,238.61544950142692,134.14012990484807,412.468198150695,519.9194153708635,762.6666551633582,968.5177493492411,-0.3725352061198103,0.7015192521208311,106.03949912366704,221.58264512499966,165.8295537328695,304.5375361986771,77.88869498137373,199.27777710259767,E1,E1
overall,P-cs,45342,15,0.8758056755328812,59.664007417444545,103.33571453836882,-13.257980855402572,144.35060725940502,230.24222980421607,404.7599012775965,1015.4633776046535,0.7818531278962974,0.9363697473171642,43.86058196721202,77.08331234160936,73.52083677000132,128.88897444231273,-24.72036480770398,-2.864237837692959,E1,E1
overall,P-sim,45342,15,0.8808258592081107,58.596299805031215,101.22565294344072,-11.352729202922704,140.41552182509295,217.05076119688962,401.61379885275034,956.7585735174978,0.7875291836950808,0.9426313850810143,41.642378673560266,76.93493343905264,70.078593485393,128.07608084573116,-22.61957897786721,-0.9890599159444845,E1,E1
overall,D,45342,15,0.8649690725670168,67.04702342833937,107.74973167733324,-0.3737238492525832,162.52275404244315,238.55353996761056,404.7808814512083,978.2598682616989,0.765105841085286,0.9296431470716043,49.49112460795196,86.10614902235241,77.95848681737297,133.50279341473413,-16.35305384366879,16.96549497254188,E1,E1
overall,H,45342,15,0.8656699209206755,68.40965956875357,107.46974224750853,-0.47388901235845254,164.57131066061015,231.85960581070697,400.1828447579161,878.8470852411717,0.7629433784293496,0.9315525325359487,50.41766384222036,87.94708138497407,76.48554755729585,134.05229707955556,-16.78160629665852,18.11797382242776,E1,E1
overall,C,45342,15,0.8620246075936887,69.90167662317275,108.91818382571502,-4.007784728774677,155.340238,229.8382006666665,418.3702865999995,1046.5522833333332,0.7619911942794103,0.9244362073531558,52.992536147360916,88.1064637428435,79.68589085128188,133.68819701026862,-18.60087796880741,10.943394118383445,E1,E1
overall,S-geo,45342,15,0.8882165337324902,57.10422173896384,98.03662645102129,7.7574753030192465,136.1400860133334,210.80696984333315,397.0919892589996,982.6753158333333,0.8006378350583222,0.9468827617652293,40.81630243319705,74.40241714166281,67.19416172446473,123.30100106972252,-0.15428873378501087,15.691861360649156,E1,E1
sensor:P0,A,5038,15,0.39746046578573035,155.38487140105124,228.74512638282923,128.3089738439225,383.60572265640025,484.09499165883256,742.06594104045,881.3700154623334,-0.26245439725382386,0.7422506330569355,101.71614671879327,217.5274621796015,153.7124946321888,295.4752376556055,71.76977366634455,194.65914568060106,E1,E1
sensor:P0,B,5038,15,0.3896989162463249,154.89713852219364,230.21369035237993,127.41224815419048,390.23002590000004,488.85623721666644,747.58720711,887.7881103333334,-0.28116797821768696,0.7391507032185384,101.49470265241735,216.83909136953886,154.42320878965745,297.80854322606547,71.11589713607366,193.9745336289093,E1,E1
sensor:P0,S,5038,15,0.8924739990544905,57.12553024549654,96.6308551982117,6.569203330053909,134.99041666666668,211.54770833333302,390.12137500000006,795.7833333333333,0.8044430664798624,0.9486733500220985,40.490986442383566,74.46097143226218,66.6816128459656,121.41387550138606,-1.9019216701368575,15.29309685998442,E1,E1
sensor:P0,R,5038,15,0.39197357664139265,154.7074521537929,229.784273772463,126.44112846427245,389.48435423534164,488.13064568490756,746.86560063615,887.0803982700434,-0.27650274608821923,0.7401811720037862,101.43298547019769,216.4863949943969,153.93593196303823,297.31354570954403,70.11520296060898,193.0576283381612,E1,E1
sensor:P0,P-cs,5038,15,0.8878160376613863,56.54445926545107,98.70166156265944,-15.81392709314229,137.9746024923743,215.63423630408968,395.593801941002,837.903708963833,0.7953602046958486,0.9478108356338137,39.195219514938,75.40184880520245,67.31792809405573,125.38360476818929,-26.681191334222817,-6.384052840586923,E1,E1
sensor:P0,P-sim,5038,15,0.8865980480209045,56.55196083110398,99.23602073190303,-17.236989913383223,140.5355956303228,218.55623474661596,397.7309576021558,845.2748849272589,0.7919442649284801,0.9476526335827772,39.02016861619088,75.6088005602333,67.56865264965602,126.14341020877585,-28.140727047612444,-7.6521325518148995,E1,E1
sensor:P0,D,5038,15,0.8760883099718629,65.23457068374142,103.73258875127478,-2.9296700869923007,159.5836228205044,226.8326577571616,392.67205320257864,797.4658670089041,0.7759918125935692,0.9401620008769661,46.86917095428448,85.14849399282896,71.82332532506102,130.38461289415937,-19.21190417009785,15.77792202136605,E1,E1
sensor:P0,H,5038,15,0.8725766142889823,67.10913642171329,105.192226208594,-7.001664129611779,160.405542372284,229.62317189164887,396.41968901202665,802.9152437957904,0.7699840282192951,0.9372224812714938,48.64659447737185,87.09006826364343,73.26826900442092,132.25865096353786,-23.959069721249424,12.968293116880014,E1,E1
sensor:P0,C,5038,15,0.8702564305627583,69.02688422564741,106.1456001828958,-6.704464247159271,151.11676266666663,223.64539483333317,402.96889333333337,765.1215633333334,0.7729550808981721,0.931182775131127,51.27765511688168,87.73099252895935,76.59318040462999,131.03618444684236,-22.46034080437934,9.704833717285439,E1,E1
sensor:P0,S-geo,5038,15,0.8925385126185691,56.68657492577973,96.6018625073035,5.3080349192956735,135.74459165000002,212.2595341733332,389.54084623433334,797.5978133333333,0.804809143944747,0.9488880013209076,39.72397915418207,74.14157603442992,66.60523215348015,121.49378636460195,-3.029629847301814,14.089917246836004,E1,E1
sensor:P1,A,5038,15,0.3851321746730966,153.28327663556365,226.6523794932574,129.10921763167866,383.1699104822335,481.72904846205,743.5729727782102,878.813366699,-0.28387354651370256,0.7339424847374936,101.09649521470948,213.93512722483936,152.2626874180825,292.8416620107879,75.77205163516872,192.3633689993967,E1,E1
sensor:P1,B,5038,15,0.37062881939650083,155.09275329744955,229.30991060231923,131.2561946319738,388.9613651000001,487.13815674999995,750.5772949600001,886.379777,-0.3147233192439848,0.7279903634470833,102.98448241278984,215.80822363847136,154.3401654904763,296.1458534927078,77.41484759980597,194.70532770228945,E1,E1
sensor:P1,S,5038,15,0.8852522612379892,58.26956935263016,97.9132501486033,10.413149807837248,140.18125000000003,211.48354166666647,382.13079166666677,830.775,0.7967012163519163,0.9434422435606656,42.87483423376037,75.4253129919546,68.28720498085659,123.01026370909537,1.9396917349736176,18.917666758717733,E1,E1
sensor:P1,R,5038,15,0.3783522346676471,152.78529974289475,227.8985632487096,127.56796219384002,386.92762377396264,485.2991351047044,748.4955975051874,884.260768051458,-0.2993540250773353,0.7321942345088522,100.99007431156821,213.4770839844478,152.82555442235082,294.648408971265,74.30723615526615,190.93286602921697,E1,E1
sensor:P1,P-cs,5038,15,0.8808796365903342,57.5547239366359,99.76136979447769,-11.969980615358951,137.91823690109464,213.20144429340178,395.80389433383993,897.4911989402874,0.786954896771784,0.9435812487831117,41.096766969941264,75.81159650145923,68.18078976435852,127.26890610102738,-23.630919232628475,-1.8150920014921152,E1,E1
sensor:P1,P-sim,5038,15,0.880121743066901,57.43171142106285,100.07822835565203,-15.058638887582637,135.27554415593437,213.76406986062983,393.76251898297687,907.6181363421684,0.7836357424028422,0.9449691842036029,40.58796225074366,76.02685269401537,67.8200717803547,127.94573097512021,-26.844559794556915,-4.349681836207111,E1,E1
sensor:P1,D,5038,15,0.8713993505041003,64.55097913753822,103.65517276859403,0.914276390791041,157.6201888186936,225.47814308190368,386.4978515332329,861.5515349283656,0.7690795228344802,0.93759915157309,46.36935271705103,84.25334041729717,71.30148008631052,130.86638160336238,-14.65239278186092,16.997864035136175,E1,E1
sensor:P1,H,5038,15,0.8692774903309026,65.93225773173805,104.5068090305183,-5.027591796007015,155.41076355958242,227.88718843630227,390.21510272334126,872.2159698323978,0.7658539525741526,0.9370357415892416,47.85996763784891,85.70256892353316,71.45882308589468,132.2474910406503,-21.107720499643687,12.042115436323227,E1,E1
sensor:P1,C,5038,15,0.8663279607776557,66.86775041760303,105.67924102383613,-2.8605177693759303,151.37754400000009,220.65917799999994,401.5494318666671,932.88716,0.7642712474713054,0.9307397094993147,49.08958655985201,85.7054435887092,75.58701782981134,131.77271378722358,-17.961967403152673,11.88999028392177,E1,E1
sensor:P1,S-geo,5038,15,0.8870124525523009,56.756446609325934,97.15936991893653,7.02797719058834,136.06541716333336,211.19620921666657,385.1187457660005,838.170482,0.798220219371643,0.9466229300870392,40.11051102744614,74.2271034570906,66.17246841298399,122.88439444961526,-0.9758331420052578,14.993323770441323,E1,E1
sensor:P3,A,5038,15,0.3883868871440058,153.80934718725618,227.61529614006113,129.4534368216071,384.97022827120026,482.65208536761645,744.1426182858402,878.84074707,-0.2794797174541102,0.7391613884553796,100.79362588595417,215.017579263454,152.74920967457496,293.9099385120993,74.89497533854565,193.6075787133962,E1,E1
sensor:P3,B,5038,15,0.37644780808861633,154.93250916597913,229.82615699566173,131.18909052895387,391.92335990000004,488.47915316666655,751.0207992300001,886.1547770000001,-0.3046957260925406,0.7339353754171435,101.96334375297658,216.47338010471734,154.093403729079,297.17196618829183,76.89167867101155,195.18354975178954,E1,E1
sensor:P3,S,5038,15,0.8890108864145945,57.41585515301102,96.96237431022558,10.346045704817303,135.11749999999998,207.52812499999914,383.5872916666669,818.9833333333331,0.800365402505978,0.947421569915453,41.33366521788884,74.44043863032432,66.5150752010661,122.30502706949653,2.187200900574488,18.39484846191411,E1,E1
sensor:P3,R,5038,15,0.3801119240035382,153.86643557080822,229.1499101318804,128.3986745444597,390.9014440649976,487.42009056359404,749.9574020453225,885.0834587930731,-0.2969805471170944,0.7362085569948457,101.04741250337148,215.1298836263961,153.4920236551724,296.41218880483996,73.77784788608244,192.52510032085468,E1,E1
sensor:P3,P-cs,5038,15,0.8849462373136348,56.326980347041705,98.72189044774126,-12.037084718378894,136.79313340798996,213.83528971981823,394.8525455438811,890.1365334499433,0.790993233215895,0.9469777629099273,39.71704611882128,74.50497960523303,67.01019852857384,126.01249635518622,-23.120109718893026,-2.2009809362643256,E1,E1
sensor:P3,P-sim,5038,15,0.8835872740336821,56.415626618144216,99.30320819746936,-15.098203446708075,136.09535592907625,212.52815877933634,393.24920621442914,900.3381611903709,0.7872195171879747,0.9465090267403276,39.51306926985491,74.93261258221067,67.45066476928724,126.80993517215747,-26.558974729769588,-4.990361831835581,E1,E1
sensor:P3,D,5038,15,0.8746974015479182,63.87388737844791,103.02511041586227,0.8471722877710933,155.84978706237462,225.31626690645365,387.10205690089555,839.0098682616991,0.7733250535324775,0.9401951151076412,45.83556549906181,83.56625641903517,70.73266424818304,130.16633626784895,-14.631369695091056,17.406902273793165,E1,E1
sensor:P3,H,5038,15,0.8717668939630366,65.48294165437679,104.22289464635048,-5.052662189132111,154.31695762922394,226.66467432562683,391.55425236120186,849.5322612745459,0.76786079402285,0.9380535096100944,47.5875824360203,85.24626130858793,71.68292265965721,131.54926028132135,-21.297796935817367,12.899556411036684,E1,E1
sensor:P3,C,5038,15,0.8696032388073374,67.38168347390557,105.09848417105492,-2.9276218723958776,147.59472133333333,216.01089399999995,405.2171737666668,910.3454933333335,0.7685760621846318,0.9332352317720698,50.074638624101134,85.93473219596648,74.62940042109618,130.878786906458,-17.642046789897336,11.762564840434422,E1,E1
sensor:P3,S-geo,5038,15,0.8895388724338558,56.32897187956918,96.73146964642866,8.30396588345963,134.39842792666667,207.91633815333316,384.00869432400003,822.5152223333331,0.8008325165611416,0.9482957082309065,39.801509809044184,73.6548124426294,66.01606827243113,122.23096640565497,0.20027365703422653,16.226045558211197,E1,E1
sensor:P4,A,5038,15,0.3555901027348227,155.64024243459374,228.5749714943454,136.7650436904351,386.7528981524335,483.00264770495,745.6596041263402,879.9696492513333,-0.35203106693342506,0.7191925702133316,102.60031999406506,216.96550166362053,153.78475870223252,295.28149292407653,84.07207826716817,199.45057604259162,E1,E1
sensor:P4,B,5038,15,0.3463181458462298,155.69072136657059,230.2135001978316,135.89532772769275,392.84066083333335,488.3865540666661,751.9053472700003,886.3881103333333,-0.37254373174266664,0.7166664231901279,103.71372584641895,216.6952499482028,154.68522731070206,297.5173238743975,83.17331345214816,198.91461098717687,E1,E1
sensor:P4,S,5038,15,0.8844141261754987,59.10176517165196,96.8054824265071,15.052282903556163,135.06125000000011,208.56145833333323,379.78116666666693,826.6083333333331,0.7945641907146634,0.9433273854133586,44.68605554800506,75.47977636480853,67.42420419101585,121.40995383948857,6.418604300599133,24.670029976095993,E1,E1
sensor:P4,R,5038,15,0.34859457901917523,155.2748246967684,229.81229378262796,135.15592008799428,392.1734726330609,487.70411744085294,751.2725945113647,885.7584253394934,-0.3684354072435171,0.7183041671484318,103.31652264880825,216.18078109778713,154.2725033901977,297.08040594808136,82.45264201131991,198.1439788939465,E1,E1
sensor:P4,P-cs,5038,15,0.8826347743704641,56.59167057184736,97.5477580249402,-7.330847519640038,134.49559245909805,209.06459295550528,390.0978869105561,892.8883776046532,0.78959475392723,0.9452352596898486,39.72823266309461,74.23304944725759,65.7242788991251,124.3457887840339,-19.41603130792913,3.6620098807035784,E1,E1
sensor:P4,P-sim,5038,15,0.882112158107623,56.09382000932101,97.76470226097489,-8.729561978144185,133.19878759502643,208.22167859844603,389.544137101163,902.3841184948647,0.7873050027631013,0.9455434704408241,38.8980381711702,74.29656951891785,65.53208554854179,125.0779391252453,-21.29839483983659,2.7281233492604535,E1,E1
sensor:P4,D,5038,15,0.8735645781425849,61.673766820607625,101.24695117073763,5.553409486509952,153.8933774919398,218.26604770169044,381.451702177981,852.3660668912651,0.771019177943984,0.9405173105768391,42.28110794076571,82.04683094732405,68.58774617374951,128.63845320588814,-9.367949935987102,21.051842110197775,E1,E1
sensor:P4,H,5038,15,0.8722500214917192,62.6498866005776,101.7719254585019,1.5261036262925196,153.575426426087,222.6833627338996,384.36123899140006,862.3743639096493,0.7666984676762121,0.940953158913481,43.15313830919519,83.30317117060247,68.51957794812654,129.6438011156121,-13.844911124551817,17.625147523621823,E1,E1
sensor:P4,C,5038,15,0.8692588966788259,66.08441402807647,102.95647055218639,1.7786153263429823,142.9285543333333,215.69404666666668,392.6166850000004,922.8204933333332,0.7673789596264423,0.9331908322156116,48.755413073149946,84.77196311955163,72.91565320505507,129.13419555722334,-13.56952244903239,17.137204516800896,E1,E1
sensor:P4,S-geo,5038,15,0.8850110263167636,58.47749114729044,96.55520098024601,14.041235536466043,134.8956427466667,208.16076687166628,381.1417045693334,828.660599333333,0.7949594094702819,0.9440541063429795,43.97640285083635,74.85100047191402,66.76015878657681,121.27938227979413,5.712516975350932,23.08901724872118,E1,E1
sensor:P5,A,5038,15,0.38622576149682175,154.16110680409835,227.0420439101408,127.23943404786928,383.89495930963335,479.8269576010832,743.0862204994567,879.1512898763333,-0.29013523031618427,0.7355204458825976,102.76108520550119,214.17836730597787,152.50600178130534,293.3445269961322,74.57464305014783,190.69342814859763,E1,E1
sensor:P5,B,5038,15,0.36899741280968035,157.26637348242633,230.20647226648646,132.51808387517474,390.13769906666676,487.0693316499997,750.6860139366669,886.6896853333333,-0.32751171957406233,0.726606661556696,105.9568216296552,217.54267663227597,155.12070310615724,297.2707385921783,79.07416390503793,196.90633962053795,E1,E1
sensor:P5,S,5038,15,0.8860336968963218,58.91900987279286,97.8340855513053,11.675039051038198,137.69583333333338,209.1391666666666,388.72833333333335,792.125,0.7971776845388011,0.9438584265851443,43.77041113033509,75.76853992838298,68.31241085323475,123.02675767149218,3.696440300981975,19.965147576842085,E1,E1
sensor:P5,R,5038,15,0.378187511213545,154.55394094410553,228.52392776622432,126.17503877229186,387.7342513515159,484.7566336004196,748.0196913831402,883.9967558191872,-0.3073065330618657,0.7323123966867126,103.44490775285247,214.20924470470288,153.35603591689338,295.4978671416677,73.56988234730073,189.93902918526965,E1,E1
sensor:P5,P-cs,5038,15,0.8825003573109541,58.25575988783975,99.33910266916335,-10.708091372158004,136.6786883547479,212.8527632759586,389.03590183406186,863.2782001166102,0.7895647816002446,0.9441867449225682,42.30825614236802,75.73188473425398,67.85829739933503,126.48330498625413,-21.743623511723992,-0.6263755379936575,E1,E1
sensor:P5,P-sim,5038,15,0.8809028155090259,58.49710652348923,100.01213698754952,-15.79381931138799,136.86318226810516,213.39985952362716,388.32464638039465,873.6505346075287,0.7856495985446212,0.9442017846559266,41.73339253603232,76.62927220805544,67.90914694251155,127.58575031641824,-27.131281651192616,-5.117525521929785,E1,E1
sensor:P5,D,5038,15,0.8724221940783395,65.33361576388636,103.51171978107297,2.1761656339919875,156.60181486280297,223.769707521674,393.75474869603465,791.765867008904,0.7713886577585127,0.9379886236556427,47.803611004396615,84.32337348179115,71.62057518092611,130.61979659180741,-12.81929539028355,18.538449987529912,E1,E1
sensor:P5,H,5038,15,0.8695452257413897,66.60236059348426,104.67234371048167,-6.031733573806997,155.62067741251562,226.51022257650266,394.5328671878086,803.8653576676935,0.766940069232184,0.9364852074256745,48.703070804555594,85.83673603751588,72.28678614371476,132.18470828505792,-21.699245761984084,11.13443144379932,E1,E1
sensor:P5,C,5038,15,0.8683178407618048,67.44916692122477,105.16359629572737,-1.5986285261749813,149.94880666666674,216.2843863333333,403.0854715333336,879.50482,0.768228049178082,0.9311633508221021,49.860216417462,85.8455960352873,75.1802171456973,130.99506895384638,-16.6108984030272,13.525322619754034,E1,E1
sensor:P5,S-geo,5038,15,0.8879129441987991,57.039683810248206,97.02411511594599,7.108734815210491,134.47341004333336,208.45526477999957,386.0865300866669,801.478029,0.8000127133680887,0.9464154606464897,40.70337486184401,73.98935197664908,66.15563436530783,122.50817725340539,-0.8421816636564498,14.986011525917169,E1,E1
sensor:P6,A,5038,15,0.3771893293496478,154.3590563421752,227.06110550001318,131.43348485801215,383.2181009930668,481.9495115148665,742.2111517333801,879.8246582029999,-0.3022356878552266,0.7324880895948893,101.2222351616837,215.21728917965572,152.56699434196057,293.2940904071049,77.76576734113047,195.07840485186344,E1,E1
sensor:P6,B,5038,15,0.3686509548335951,154.1263499415457,228.61224558352464,130.51101405508282,388.7457481333334,486.036762483333,748.2258056033334,886.192277,-0.3197947208234125,0.7284902014596752,101.4235792972734,214.7512811656363,153.27627532791942,295.80069065927137,76.8128811137717,194.3391714698575,E1,E1
sensor:P6,S,5038,15,0.88792719063846,57.355072248016526,96.31964093641713,9.66796923094626,135.03166666666664,207.4581249999999,382.9568333333335,805.6125,0.7984822477892115,0.946263642283573,42.03566715409798,74.03453273158844,66.35000093046567,121.29441860332663,1.7119088866214702,17.91504454651358,E1,E1
sensor:P6,R,5038,15,0.371730120586899,153.64921462425045,228.05407938667634,129.4659467441173,387.74950456835234,485.05709734832845,747.2170517110103,885.1815361724459,-0.3135552672689391,0.7303254992120883,101.02980700544948,214.0963050250236,152.80777211009047,295.16924310000064,75.76545407916397,193.2726750886446,E1,E1
sensor:P6,P-cs,5038,15,0.8833466290615526,56.70878850396698,98.26828397452327,-12.71516119224994,136.2183089332581,212.1614523442171,385.7089614975531,871.89254427132,0.7904108299707531,0.9450674397246308,39.41251164212423,74.80288042617637,66.6031095356897,124.990733786361,-23.69582720441438,-2.7406500930404905,E1,E1
sensor:P6,P-sim,5038,15,0.8825331663874155,56.45787461016786,98.61031741251288,-14.088750019391293,135.25386986247875,213.08732962316273,385.7321116248064,881.3427600555692,0.7874536231479577,0.9458164070993521,38.883667725395846,75.27414111467061,66.5437763827243,125.80760287814206,-25.343681916753756,-3.5869265027552664,E1,E1
sensor:P6,D,5038,15,0.8741557277989688,63.40210262543679,102.06608398662733,0.16909581390004944,153.9363759478282,221.68284284300194,387.93425893553814,831.3702335579319,0.7729501890573053,0.9398194121673068,44.866615345774456,83.35906394703193,70.13900304321189,129.06060963053847,-14.968834690773633,16.298467410811423,E1,E1
sensor:P6,H,5038,15,0.871821011063115,64.95011847705601,103.00851976805684,-3.8371354099133055,154.72205819346294,223.93708779582644,385.9342143686665,841.3288059162254,0.7684243669996551,0.9386671164039343,46.545081750429944,84.75610559369912,70.5240609918761,130.5074523825119,-19.170339213136963,13.194384536675567,E1,E1
sensor:P6,C,5038,15,0.8703624254500751,66.1196889276513,103.59294368844651,-3.6056983462669208,144.72291133333337,215.4289216666666,388.1378662333338,901.82466,0.7704992058617124,0.933564237187862,47.8367791811825,85.1520943857005,73.31873445217644,129.10816808004046,-18.340036664159687,11.322526024687088,E1,E1
sensor:P6,S-geo,5038,15,0.8882241217052668,56.70232988086025,96.1919593748302,8.172982249326571,133.96064108333331,206.0762426149995,383.93048334966693,809.033283,0.7991804481120701,0.9467831340463801,40.93394390701796,73.4441563953946,66.06037797569901,121.34301451445103,0.4733614005435692,16.160127795143147,E1,E1
sensor:P7,A,5038,15,0.38951327254210066,151.8523328859082,226.80589915284293,128.21452324132053,384.51663981106674,481.8231424968665,744.6650390630001,878.8991129556666,-0.2762778471517734,0.7401466180047853,99.0863124307587,212.50909986300206,151.8406175450112,293.0952725990211,74.42009278230285,191.72067552372127,E1,E1
sensor:P7,B,5038,15,0.37239107684722383,155.10510265424514,229.96449438856567,133.2033709110931,391.1048514333334,487.93709858333324,752.00945073,886.6589436666667,-0.31264666244383427,0.7311597823198784,102.28654764942296,216.28663222641597,154.40415504404427,297.1610840952404,79.21141370046877,197.4279881151931,E1,E1
sensor:P7,S,5038,15,0.8882860928957035,58.743793402028636,97.02191750613528,12.360326086956524,138.2229166666667,209.98374999999962,386.14158333333336,774.7583333333334,0.8003039418159467,0.9455631095260458,43.87217321802122,75.6748428654376,67.49306730346713,121.76964546559242,4.173535088363291,20.971262379765264,E1,E1
sensor:P7,R,5038,15,0.3822505372866236,151.9970407978799,228.15102340151265,126.92584295265189,388.5038809990161,485.56719854251116,749.263663534969,883.8471962088076,-0.2916864001347049,0.7375932519695476,99.27682732273252,212.41718568725716,152.69484960782637,295.1882897934042,73.296181669361,190.74718198529447,E1,E1
sensor:P7,P-cs,5038,15,0.8860992750996355,55.88835532801915,97.96692511225208,-10.022804336239679,135.07949736177974,213.2151937892728,389.425923783303,816.8787089638331,0.7936812284520217,0.9467543346692077,38.918236960555596,73.94709573818294,66.43875412084172,124.97065842263609,-20.545500460868606,-0.7126852303463265,E1,E1
sensor:P7,P-sim,5038,15,0.8848738170868072,55.99018271916284,98.4925282758094,-15.007887465592056,135.830803636576,213.03053555054498,386.267783298704,824.8240133791587,0.7903839132763743,0.9466158052776504,38.391573590004036,74.52691757203193,66.56896426005818,126.06608350982106,-25.91457028134145,-5.31245858969582,E1,E1
sensor:P7,D,5038,15,0.8759879994848531,63.512758251281674,102.22287464571077,2.8614526699103124,155.25413080030722,225.71508400514773,384.8613229698164,776.4408670089042,0.7757946591896296,0.9411946437480639,45.22520326593819,82.98898460433057,70.34226338147542,129.32235630754346,-11.752224515905352,18.528079293672445,E1,E1
sensor:P7,H,5038,15,0.8735227583592178,64.81049614242743,103.23392167685898,-5.1874047221955015,155.4449199633372,227.77053198575265,387.8339901697229,782.5589990015445,0.7708780357368941,0.9394179727107266,46.79791597332634,84.3785177793221,70.92685454399872,130.62200016582804,-20.627879539646155,11.935155301625517,E1,E1
sensor:P7,C,5038,15,0.869895936166734,67.61978683672494,104.70361202466938,-0.9133414902566562,148.45034500000003,218.6311451666666,393.573185,815.2464866666666,0.7707078813078206,0.9313253829609262,50.52485665825918,86.2298512371902,75.19752224214052,130.16248243486947,-15.327351342727564,13.771004482503717,E1,E1
sensor:P7,S-geo,5038,15,0.8902815295362482,56.59835442651587,96.15150920403347,7.5867760727643825,136.06448614,208.62099230666647,389.2919542950002,780.7071918333334,0.8023086034323819,0.9478552856591432,40.727293873503704,73.37306303001145,65.94562888444966,121.33077500229022,-0.600715075311324,15.816951700755906,E1,E1
sensor:P8,A,5038,15,0.39211429757162597,153.8289747647128,227.20634478333355,129.7932906681328,381.54232665990014,480.7188714602992,743.6468894856936,879.865722656,-0.2757936040102523,0.7410641609881303,100.74936131512399,215.64469793619304,152.29086588032354,293.714420054362,75.26975475750855,194.66514703771998,E1,E1
sensor:P8,B,5038,15,0.3849446409206858,153.09790917526507,228.5423001632146,128.51544134967293,387.8171323666667,486.4019623833334,749.8139242300002,886.017277,-0.29110676910341293,0.737735943132337,99.9864205937315,214.98392264151587,152.78054052240572,295.8268898189815,73.84263614480129,193.44115986151937,E1,E1
sensor:P8,S,5038,15,0.8903760491725339,57.30856994091283,96.48553638109907,7.672396525536361,136.21666666666667,210.42104166666635,386.4098750000001,783.9000000000001,0.802488766520673,0.9475232001836292,41.34241970709826,74.4851877059549,66.60351169058211,121.23559965024292,-0.535579486227694,16.323126384203043,E1,E1
sensor:P8,R,5038,15,0.38676107785451996,152.82777680208542,228.20457476657447,127.88945173413862,387.24177288583434,485.80004264262914,749.2785670904251,885.491438942228,-0.28734151032998845,0.738625147864064,99.91568276626698,214.60972709284397,152.43822835126238,295.4534279367875,73.2128845043337,192.81621923106658,E1,E1
sensor:P8,P-cs,5038,15,0.8855882369989215,56.307461232564954,98.5700165476483,-14.710733897659843,135.94625424424586,219.09122972859612,384.77171839364183,826.81754427132,0.7927107013518139,0.9467795170582964,38.61280371489125,75.06920478559842,66.95741994996337,125.20974861733161,-25.51453937031515,-5.043912529768658,E1,E1
sensor:P8,P-sim,5038,15,0.8844481814783868,56.37318391969369,99.05989946665507,-15.842824893515882,137.20681747458121,220.08613420121614,386.4348502884673,836.174573946718,0.7894590778830975,0.9466594508967062,38.5732806187512,75.60842471645607,67.32674855416893,126.15458427968215,-26.876456410564252,-5.843787895472262,E1,E1
sensor:P8,D,5038,15,0.875527155590854,64.04714998624756,102.81270783629252,-1.82647689150985,157.43658980387255,224.89541811572596,386.00555247700737,786.2952335579319,0.7748005751756007,0.9405564285904785,45.36231556426253,84.19508167552107,70.8358975033492,129.87403559366692,-17.23949263889108,15.410630591519766,E1,E1
sensor:P8,H,5038,15,0.8724800134944344,65.80091741689604,104.06354577528474,-5.564360614071607,157.69608876355832,227.17141534434666,390.52745531894107,796.1520236690487,0.7699196663689208,0.9380939870698481,47.30556175556322,85.96903156180441,71.93748066882046,131.39876352671166,-21.465393990378676,12.598629796415933,E1,E1
sensor:P8,C,5038,15,0.869522254956249,68.0439474907342,105.26347712777424,-5.601271051676821,149.701299,220.1743849999997,400.2779480000001,856.74966,0.7705420937714268,0.931358800269808,50.41485908407738,86.92781098759257,75.61924600803462,130.54861883625006,-20.924564276823922,10.180161517504546,E1,E1
sensor:P8,S-geo,5038,15,0.8905247343032988,56.836913120534376,96.42008155933841,6.811648447291027,136.6422165366667,210.8993689233332,387.297248907,784.9102240000001,0.8027555927250194,0.9475421884520226,40.48792166399772,73.90088132453731,66.32963525319732,121.17905513494821,-1.2483409233429186,15.10286847247089,E1,E1
sensor:Pinc,A,5038,15,0.0035474172763088063,222.1826449365906,318.0564457789759,197.24918788753348,540.5417183427334,662.0285852047982,875.4978919271135,987.483728027,-0.9342732332012307,0.47540872348437163,146.94965302614426,301.7625061963319,237.79011672191814,390.42295423544,119.91658440584261,282.4908749780516,E1,E1
sensor:Pinc,B,5038,15,0.38411917025101194,186.6651814379067,250.04848409443665,119.21297829353723,409.9907448333334,504.1047670833332,754.2395590533333,889.129777,-0.19372909241639957,0.6811355520075526,141.73319340303408,238.4720295135822,184.9874096322009,312.05204676246797,51.907698111645765,192.55191200330526,E1,E1
sensor:Pinc,R,5038,15,0.07395631066213404,212.85933090116092,306.6137460481975,179.24120364986638,519.9453751174512,642.3333661575917,856.1723375927196,968.5177493492411,-0.8002757107709393,0.5175277418168756,139.52152803679274,289.3828438293622,227.23023072070816,377.6320775756618,102.79205554171232,264.00492901047517,E1,E1
sensor:Pinc,P-cs,5038,15,0.8196412795024588,82.79786768363411,135.31453695765077,-24.01319695379553,223.11132803732593,287.9394911833333,529.4990949115256,1015.4633776046535,0.7289915944006344,0.8943077615453222,63.01755830142077,105.38308640878888,102.81555169569147,163.70288659900461,-55.157279430292725,-0.09826807775302304,E1,E1
sensor:Pinc,P-sim,5038,15,0.8650795650086147,73.55523159313533,117.03472776453845,14.682113089400982,161.24328357529134,236.80681621991408,451.10231640323633,956.7585735174978,0.7746614205064414,0.9254548716662737,56.91248318046463,91.30833207734348,87.64816422332544,142.47590087081744,-2.0546387461273232,31.880195766143803,E1,E1
sensor:Pinc,D,5038,15,0.8033102743374723,91.79438020786675,141.30799041339841,-11.128939947645538,243.3450595607615,304.94361800797685,511.71314927091936,978.2598682616989,0.702855354584717,0.8843777476394914,69.93464786447028,116.2538812692333,106.993016050332,171.00336374205426,-48.08790005359087,18.11572925073592,E1,E1
sensor:Pinc,H,5038,15,0.8257764961475798,92.34882108051265,132.9931445357125,31.91144769721971,204.73817888644268,274.974876808399,443.674788484524,878.8470852411717,0.7071112137351041,0.8967728332500968,70.25244284137418,114.46361984426147,104.23793066040979,157.57330788106515,4.847344395190916,62.683022365539564,E1,E1
sensor:Pinc,C,5038,15,0.8142859778705076,90.521767286987,137.30875547437614,-13.637134582008617,211.80848366666666,282.63935866666645,531.9354686666668,1046.5522833333332,0.7124299490379639,0.8924302924441643,70.69228516260934,111.89140192277961,103.7722362856908,166.52023497228836,-40.22943118951356,9.937468341423793,E1,E1
sensor:Pinc,S-geo,5038,15,0.8833692574000127,58.511229850550606,108.81340570596664,5.455922612771059,143.2771349833334,222.90028478833327,442.37846683200036,982.6753158333333,0.7953424641685285,0.9458847087177862,39.74552069092695,78.22145606696328,73.53703410408568,137.2628267865808,-2.546976514485517,13.155873390546596,E1,E1
sky:sunny,A,10116,3,0.9786324687421059,23.042663392636783,40.61590358043828,5.293785713826974,38.96792602549999,55.35421956408332,216.52271586091703,447.71006266266664,0.9598924672797527,0.9929749915846965,19.166582541003667,28.966272582627354,23.838754975403905,58.94634443347132,-15.547864216174336,18.452204443919538,E1,E1
sky:sunny,B,10116,3,0.9553162305162627,32.76041711180308,58.73457719261187,2.5204901844273095,63.853245500000014,131.66613124999998,274.62150500000024,416.89147066666663,0.8999657994544928,0.984604786705675,25.361735961926332,37.49266457495596,35.29010906131779,71.96540915891435,-28.837059203997683,17.811113531618155,E1,E1
sky:sunny,R,10116,3,0.9773234151599268,24.269291732280763,41.84155054088562,2.0516825907995755,44.13649491325367,62.025475229461414,212.66610206544962,428.81444323108457,0.9588320855197228,0.9929387127221129,18.597954998558887,31.048391861387795,23.900230291416083,59.72048657999139,-18.616017722895833,15.270428802607805,E1,E1
sky:sunny,P-cs,10116,3,0.9529877252929333,34.08798099620627,60.245495135748385,0.016553345970753496,74.6967686611665,136.50719974999998,269.9264182,411.0129174963934,0.8917157673600077,0.984643269868296,25.270022517508753,39.82920021284234,35.24597440946881,74.87419353902331,-31.324581413796835,17.627515923946966,E1,E1
sky:sunny,P-sim,10116,3,0.9764309637320777,24.50168725946348,42.6569556871143,2.6902623836704764,40.998150635,75.41962036508144,206.3857773881511,440.94457690079815,0.9577996660009831,0.9930674604896716,18.95906422197653,31.189826876608617,23.6813426694082,60.46469246539855,-18.172144503301844,18.201998885996097,E1,E1
sky:sunny,D,10116,3,0.9451257299516829,39.462146477202594,65.08835918487331,-13.52693625671554,82.90334378889663,138.74952563363976,296.5578331747422,408.0182897793816,0.8598514150901896,0.9859793420523019,22.1799962365338,53.59152377800598,33.67784877802144,85.18122954291061,-47.348337227167384,4.494391340531363,E1,E1
sky:sunny,H,10116,3,0.9667609428191921,34.51836967901008,50.657446418855685,-18.852841662105895,63.01722236774401,89.82496077642892,207.04545060400054,380.2546494325106,0.9469257057800358,0.9931858331021545,19.37006870754688,44.60206801316203,23.478293565664863,65.81946281642335,-41.94133423350322,-3.263723356591975,E1,E1
sky:sunny,C,10116,3,0.945824679467681,41.688681018221956,64.672506062567,-8.831594601258733,89.67989833333331,128.99567333333337,257.87234166666684,456.64347,0.8847523376291035,0.9830035591176028,27.371625113561326,51.4456013089388,37.07994996151368,77.24415179679586,-26.470305464565474,2.490191668312739,E1,E1
sky:sunny,S-geo,10116,3,0.9783135820796721,24.298185139313958,40.91785479715233,5.371708870400028,41.670348983333355,61.67957229166677,202.5399236116667,404.8777800666666,0.9590398618592919,0.9938048809201944,18.692939257619425,33.482988515500345,22.386436867630813,59.56958993557954,-9.876639213737526,15.684591468947662,E1,E1
sky:mixed,A,13419,4,0.7036322144290986,120.78970146134708,166.64950691688605,70.35508676910557,285.39514160140004,366.4530037437332,468.1421102703866,681.0908040363333,0.49373288887752387,0.8542817838086264,76.24766532638156,175.13461928072647,113.40299733814658,214.50773050553542,41.26542505087173,90.31691967453281,E1,E1
sky:mixed,B,13419,4,0.7063143312786254,121.52963348277318,165.89370728654316,67.95546895466627,287.3162858666667,365.26428163333327,452.49018836,668.4107846666666,0.5062521357088965,0.8434600783879516,80.43931815009839,171.68156251885,117.53918336343173,210.45134105357914,42.63121271365121,85.13728623873416,E1,E1
sky:mixed,R,13419,4,0.7055718879333979,119.7319974190401,166.10326626127323,67.60082574052959,286.86890439689563,368.24227571704535,466.97151079654554,666.2635307890666,0.49246586530893977,0.8540652047972132,76.34080689752729,172.69074073457475,113.48750644583495,213.51421164857325,38.61587152733677,87.23328389666527,E1,E1
sky:mixed,P-cs,13419,4,0.8217193272335781,82.46880963251942,129.25301059051532,-32.12120521024574,196.87488157091374,274.61408126409333,482.5166355986026,1015.4633776046535,0.6428203717527878,0.9238991007272268,57.525076408014456,119.69205972023379,83.59929058181294,176.52624861564044,-57.80476023288782,-11.12608646897329,E1,E1
sky:mixed,P-sim,13419,4,0.8276675517265982,81.85679992831966,127.07849546639521,-32.55013251075802,194.79108992126496,265.5692573223325,449.8149341232452,956.7585735174978,0.6416519231505384,0.9282655692094569,56.76927043175677,120.99465369899238,82.01677987696132,176.81474972323213,-54.6553812283479,-14.546544790720336,E1,E1
sky:mixed,D,13419,4,0.8214364615294403,85.73488701150586,129.3555083892815,-32.176640218641566,199.37579312730554,263.75111647877293,460.3969535102471,978.2598682616989,0.6602478477822249,0.9206596627214548,61.030678291506995,119.98477355094089,85.37554989374898,172.16586934015464,-54.465916906039304,-13.986852909803057,E1,E1
sky:mixed,H,13419,4,0.8242581742020598,87.25637372834676,128.3293818842097,-35.639811459539175,202.91814989154352,262.73211462555315,408.4796609850528,878.8470852411717,0.6552080397409665,0.9242103151659601,62.36192700076091,122.96970065795826,84.30317600808276,173.43810384963078,-55.63262651422344,-21.428537793969838,E1,E1
sky:mixed,C,13419,4,0.8035735598618141,90.77542931219415,135.67146306225325,-39.29348456832352,208.53482666666685,280.6211949999999,469.61918846666657,1046.5522833333332,0.6384429373433904,0.9064759896174912,64.04251107962274,123.53881705764778,90.86388471038063,177.6046680531408,-54.28853427733555,-27.025225753112707,E1,E1
sky:mixed,S-geo,13419,4,0.8447794388059584,75.02386495000371,120.6044021227086,-3.6505816626002905,177.93770752666686,245.28295246999983,451.4765797466662,982.6753158333333,0.6767894053805937,0.9352323707679965,52.12477029089465,109.34478825964068,76.34593786649441,167.92244369403974,-16.073692301630764,12.69327043632165,E1,E1
sky:cloudy,A,11565,4,-1.722300742859601,251.3628086439422,323.1927453346383,237.7904958117371,538.9260913088001,731.5597021482,871.926019043,987.483728027,-3.7300982457734735,-0.39781631945554685,183.00259153070314,317.8262277480117,223.01784036603206,413.6257839782383,170.30982234899213,295.6614716608664,E1,E1
sky:cloudy,B,11565,4,-1.5760650655116946,243.5826282189364,314.3923477713697,227.57455755324975,523.1019258,737.1608649333332,871.4643726666667,889.129777,-3.036568630473208,-0.1956474330409814,168.4696611949353,316.30835673762385,201.48656714130522,411.5643599504765,153.65975842341095,293.0508617096917,E1,E1
sky:cloudy,R,11565,4,-1.715377974940723,249.1869256976703,322.78154671942286,234.45305181787793,537.0112721008524,736.7768928784443,873.9794910199237,968.5177493492411,-3.66949658920686,-0.3721726784456112,180.56273274127614,315.99052245872673,220.88216721827908,414.12068212678287,165.88854118672722,293.3193667756432,E1,E1
sky:cloudy,P-cs,11565,4,0.6649474675238206,64.2383255603265,113.38353819505794,-14.680093011742915,155.7245790371606,261.66323784354705,485.13421901355684,867.4784406656813,0.5888272195355682,0.800816427075243,34.43350455190714,88.6535488252059,51.73096247401582,147.6164876432725,-23.168345903224647,-3.2588341300090367,E1,E1
sky:cloudy,P-sim,11565,4,0.6606968491497265,66.72649182527239,114.10048728215148,-12.061594062485772,155.89248454927375,253.0650703490993,487.4753464005458,837.1524770832182,0.5913409363402902,0.80026437230877,38.31339924122171,89.37748871045962,51.80260132301205,147.4334693559607,-21.983739502805964,0.502956953651676,E1,E1
sky:cloudy,D,11565,4,0.6196095796475067,73.63915348122362,120.81151721178573,19.43712582697647,202.05636903726037,291.9615992179221,434.3117767703349,816.4178789796001,0.5043179394139183,0.8333525047863741,33.65543464563702,110.90018288572658,47.31765295818472,163.73403973866942,3.8518099103569075,32.07985960928583,E1,E1
sky:cloudy,H,11565,4,0.6023475289782111,77.51733315723654,123.52230736622298,23.52674363859131,203.49222148654266,297.77712897407565,435.015836389347,765.2875414025636,0.4895639206665734,0.7917198995285352,38.938382955233585,112.98471124848936,52.8990275897385,165.49705180425735,10.64711389620788,33.79442049615563,E1,E1
sky:cloudy,C,11565,4,0.6197937038521784,80.1563370414469,120.78227486527902,17.368200085804872,178.24563400000005,269.59131066666646,473.43648320000085,802.8784733333332,0.5352105386530216,0.7344638661825924,45.731314904938344,110.80079253688031,59.729050831849555,156.94620736928331,6.3488297414786485,25.672345515821696,E1,E1
sky:cloudy,S-geo,11565,4,0.669290927755092,67.21614433756449,112.64621594032842,14.992581935091517,174.06591837333337,271.35881989333296,445.28591761600063,855.5869591666667,0.6055781069411073,0.8661051365973325,33.292348020207946,94.26028965349907,42.413660695722335,146.18792291356147,4.200563580449815,28.80873147334042,E1,E1
sky:rainy,A,10242,4,-2.9710545599216003,250.61441794881097,312.0947413146364,242.83993011876169,518.0459309899334,632.2635744223332,731.70580590851,914.1535074866666,-9.030862108149744,-2.1837308963515465,187.02879663548924,317.1134044371733,219.7916706511312,388.61511320531713,182.50625260291997,304.8331470158323,E1,E1
sky:rainy,B,10242,4,-2.5530004326393145,235.24192366151453,295.2100607727166,226.88209289271938,480.11480253333343,626.6905899999998,711.1011321633334,748.8866046666667,-6.3605980400046604,-1.9998433022033457,164.39292309644443,309.1121721873054,187.81918533544672,380.0791933613969,160.01442287674075,296.9280680021479,E1,E1
sky:rainy,R,10242,4,-2.9359135660123803,247.35244746750698,310.7107650401478,238.5121972438163,506.85742752902223,634.9994623297523,737.0411807160898,894.4162591792217,-8.638136439648692,-2.1891870876087483,182.15115621198908,315.45456638312805,215.4460990367479,388.9479696521386,176.4118897442841,302.4111118024366,E1,E1
sky:rainy,P-cs,10242,4,0.7030559636096597,49.881489650477874,85.34357431823886,-0.048925326733965636,107.21657218092406,150.83584694051927,354.9637746107035,714.2777240008393,0.5474079321818901,0.7243440306138674,28.671926601729083,70.61767939093488,41.36645299148926,118.59720970523881,-3.684797054843146,2.7536890860730954,E1,E1
sky:rainy,P-sim,10242,4,0.6858151330278476,52.615317442452316,87.78618086806628,3.3501681021653873,112.86209333030422,161.7817520643118,349.5606693390558,723.6547651583362,0.46596631747257755,0.7107487441198552,34.51046211835157,71.69987141557164,49.82557357841391,119.827488644553,-1.6270171239627431,9.286348554907782,E1,E1
sky:rainy,D,10242,4,0.6408295283395362,62.36416751675783,93.86071030658479,31.915746466031237,139.57802697267962,169.6113904230978,356.2921817296642,683.3362669384446,0.41713455111607267,0.6705587814101013,35.995021684285454,86.75246272697733,47.6834236702829,128.0960327918316,19.74014156016448,43.22466675007705,E1,E1
sky:rainy,H,10242,4,0.6008128230694203,66.90702201419964,98.95137080473219,36.65222714809157,147.95649206738346,193.20993626914083,356.2431110717674,695.816690916068,0.2390991458087075,0.6459415814923342,43.48038871652298,89.2469858146329,60.53494271878295,130.84942889066204,26.786622699692895,44.383892076303724,E1,E1
sky:rainy,C,10242,4,0.6820502262442587,58.839640738420094,88.31058956392098,22.85056348801327,104.60807116666666,152.93958599999988,316.2196531000001,765.1215633333334,0.4662019076787771,0.7106780010834701,38.97409121681479,76.7124774370536,49.97447791975495,119.1794313819854,17.70148678238496,28.991755165824262,E1,E1
sky:rainy,S-geo,10242,4,0.6938207025307588,54.61035229357208,86.66054882362967,16.89095718684162,112.4849745833333,157.1818903333334,358.7818528730001,713.1687117666665,0.5092164249561975,0.7180367531848195,35.55704810339265,73.56788215999443,46.50878361442245,118.8554143380022,4.8892828858323005,27.105098363397612,E1,E1
sky:cloudy+rainy,A,21807,8,-2.006473958394458,251.011315201491,318.02862877350293,240.16204192869705,529.6077278645333,666.4536100260668,840.0659143067596,987.483728027,-3.6259051556197477,-1.1464393921150189,198.4946336839142,303.14774378876496,238.70120369316837,382.83354613429685,190.55940869689928,287.38644155703577,E1,E1
sky:cloudy+rainy,B,21807,8,-1.7748631521854632,239.66528534384517,305.53310839733007,227.24933065119296,494.42488953333344,653.5280955333334,806.2072288733333,889.129777,-3.0137640445292546,-0.8934211676011026,181.82354113513307,296.5879020428179,216.6445395935213,375.98056928172264,172.12725657240125,280.4519503962818,E1,E1
sky:cloudy+rainy,R,21807,8,-1.9902530030445997,248.32533418882755,317.16953180987633,236.3594932106629,523.4900961886236,666.2781829738698,842.030974127039,968.5177493492411,-3.558729037094432,-1.1367107522909314,194.9259602244183,301.1038688067348,236.04845014943146,383.12098623052754,185.72797229518343,284.8656293565528,E1,E1
sky:cloudy+rainy,P-cs,21807,8,0.6956521963431981,57.495412120207746,101.18650125873154,-7.808335345403591,130.66222355100103,224.2937119358466,451.82433486347026,867.4784406656813,0.632147829133229,0.7693281728966025,37.60590827931825,76.59261586891874,63.437461108466124,128.96622210294794,-15.625655744240845,-0.4658042310574641,E1,E1
sky:cloudy+rainy,P-sim,21807,8,0.6871772247042415,60.09895717911091,102.58566447561793,-4.823217940581927,133.25922397023717,218.00675739819314,457.89435555447994,837.1524770832182,0.6280410078257015,0.7502303525798156,42.00270353581734,77.72934757001424,66.68269976364832,129.7409410044465,-13.468297097937416,4.143686204279159,E1,E1
sky:cloudy+rainy,D,21807,8,0.6469200366863185,68.34367926431811,108.9868322738605,25.297905970288202,160.22169545638778,247.07136901953263,417.3005386185367,816.4178789796001,0.5526573874952149,0.7615896032471323,41.95780351804774,93.32801125199822,64.59725013525735,141.73718177717427,13.55772933852535,35.76411150851642,E1,E1
sky:cloudy+rainy,H,21807,8,0.6227755376089998,72.53403390805124,112.65161380364894,29.69133308713085,171.17710474876185,243.0839011835645,425.09224157577,765.2875414025636,0.5305351169446763,0.7157866132216353,48.26477834754791,96.49645830790865,71.37855950264793,144.28482286608383,20.00761043289386,38.23859256422465,E1,E1
sky:cloudy+rainy,C,21807,8,0.6611469072885462,70.14461587229934,106.76851944147305,19.943078150894912,142.78823066666672,220.0070206666667,432.1112955999993,802.8784733333332,0.5836756934899135,0.7292876200364651,49.0968101929843,92.23081354423232,70.77269278019438,135.93479195526535,13.523047646406312,25.508086336594573,E1,E1
sky:cloudy+rainy,S-geo,21807,8,0.695116927106611,61.29563614686562,101.27544263976931,15.884183683540389,133.05231432000002,231.17947216666684,421.5423338153333,855.5869591666667,0.6406367113962779,0.7726364115210572,41.196492166463464,80.05904831172249,63.79333256458395,128.77623726220983,7.498973381388893,25.780507832038154,E1,E1
shade:shaded,A,1495,15,0.2206460523857675,19.449478689001783,26.0127274848299,7.543371237057526,39.93780390386667,48.605290501933325,79.46844353231329,188.6604184473333,-0.1720632318545635,0.42841137790450323,14.461342707743917,24.94451461836887,19.660137444245727,31.78603196337696,-0.11263792264760439,16.08869324648125,E1,E1
shade:shaded,B,1495,15,-1.9718569001837092,37.60449921761427,50.79634547219695,35.99984813712375,89.45656293333334,104.94871499999998,142.50951553999997,179.90179166666667,-4.8199850302962215,-0.45934788471406873,26.977145638931837,48.53802367003004,36.97876777319106,62.44218529448757,24.67743852031737,47.32748619450262,E1,E1
shade:shaded,R,1495,15,0.26288393338878946,18.264747474365098,25.29801583863661,-7.897828629183577,37.09780288198874,48.91297085730965,79.25913282002105,196.5195937948583,0.06426001090643804,0.37118172875884575,14.61187210256938,22.0094263069993,20.512451750084168,29.872222818710345,-15.987859842590247,1.073686021170152,E1,E1
shade:shaded,P-cs,1495,15,-0.027145962828642123,18.56177110463544,29.86308037687125,4.6174382961898885,42.28909133034325,61.46625281046348,123.63842278666652,179.90179166666667,-1.78068854379674,0.6464293184797345,12.291323667796496,27.72399839851222,18.4861475236201,43.266997290349416,-5.7111706647294085,16.823159574995657,E1,E1
shade:shaded,P-sim,1495,15,0.035155117158981786,18.901918720492223,28.94324829851894,-12.284994193224382,44.35914158069548,63.417098267605596,92.10675838843208,214.6844493437305,-0.3543793688933855,0.30930856663807993,13.537689182225467,24.17479690601435,21.69324434045203,35.30708540754941,-20.237847314905842,-3.4035984748601704,E1,E1
shade:shaded,D,1495,15,-0.10172291868361527,21.378589439171865,30.92820486488287,15.131132136427334,43.45203983790045,60.04906815522957,121.05507693931976,176.56338296816747,-1.9042965278835804,0.5722679261821609,14.976559304318691,30.426564940194716,20.427324916751676,43.44703488074502,5.8566414781859,25.92175588061146,E1,E1
shade:shaded,H,1495,15,0.20984166489243117,17.342399454306584,26.19241747641188,-8.337172575787072,38.641045786717605,56.81552250839786,86.2626211618206,207.1477236485101,-0.08704252187048177,0.4181780846603203,13.022567348917264,21.49120132807025,19.688137910939968,32.15286066326522,-16.083958343251243,-0.11945706742188887,E1,E1
shade:shaded,C,1495,15,-3.9171895127742307,55.51633940401337,65.3396787332034,54.33547343879599,97.82073933333334,116.57145333333331,193.65910793333327,232.24203666666665,-10.978788582330392,-1.23735394490597,43.42719541602623,72.89467352979457,48.00827446265699,86.46771506939263,41.643297126630586,71.66018404338263,E1,E1
shade:shaded,S-geo,1495,15,0.5132205461879458,16.00682912530658,20.558178896600285,9.733695051505018,30.77017008000001,38.14911666333332,57.84425162599995,131.3381558333333,0.21464524162770013,0.6729201252744101,13.35014839325975,18.765218098156524,16.90033501637877,24.18593859557938,4.366970649627064,14.395969416129443,E1,E1
shade:unshaded,A,43755,15,0.30650809707413706,166.7101098951444,243.46663188077477,142.14684671676173,416.0039062502,532.6693420413,762.4764452308866,987.483728027,-0.4250174564546244,0.6814991784176687,109.59435060644331,231.16930594107743,169.597176956736,310.4939562478251,83.84753188578611,209.88521034159515,E1,E1
shade:unshaded,B,43755,15,0.3487645369288144,162.89958499402502,235.93250098577647,133.35306083311391,399.89136406666665,496.0080711999999,753.1785081133334,889.129777,-0.3434930080540253,0.7089835494460025,109.44492430048233,224.6651401542158,160.6142835739931,303.48442242477466,77.68377052759587,200.85291980683914,E1,E1
shade:unshaded,R,43755,15,0.3100353802205348,165.39178180017268,242.84667473364118,139.21465637150277,417.1902461728996,527.7274573445321,764.8489355706677,968.5177493492411,-0.42336465788780525,0.683465050844367,108.90768328919798,229.44684562170102,168.6778521789728,310.0415295229197,80.90973725672448,206.96703916066107,E1,E1
shade:unshaded,P-cs,43755,15,0.8709441642857394,61.1353716810797,105.02859942850543,-13.913712187938074,147.62611610874913,235.7443536106414,412.5620573603858,1015.4633776046535,0.773304367535316,0.9341306320747587,44.622610674054464,79.1615325446261,74.7753647580536,130.92569437375667,-26.00986192940645,-2.998356735864408,E1,E1
shade:unshaded,P-sim,43755,15,0.8761509106237908,60.018896770643245,102.88810282608988,-11.355990415473128,143.4503270974096,221.5233751529687,407.2579204634355,956.7585735174978,0.7781340464583815,0.9404007643154934,42.477016751281525,78.8872319717609,71.13898680306903,130.11463883139916,-22.942254187527265,-0.5170222441679335,E1,E1
shade:unshaded,D,43755,15,0.8596742404912279,68.68591877664691,109.51849097815217,-0.9416980902916164,166.16734662745654,242.9168358969732,407.96388770795306,978.2598682616989,0.7564217027044026,0.9267339544315081,50.54764419451385,88.4686989443033,79.01363400750138,135.69543122072838,-17.70937419978226,17.180717971189832,E1,E1
shade:unshaded,H,43755,15,0.8602885376419018,70.241479479362,109.27851120722445,-0.23193477064145834,168.0660850280192,235.22899504160335,402.7989596052136,878.8470852411717,0.7550357673811181,0.9285214983044586,51.68672753095645,90.35740066122247,77.7426633228913,136.36232417033267,-17.279235121968757,19.110174893384325,E1,E1
shade:unshaded,C,43755,15,0.8580074481628485,70.42290990518185,110.1670023767758,-6.118206240157728,158.15977200000003,233.2457773333331,422.4397057999998,1046.5522833333332,0.7546731705184985,0.9229363751568923,52.75881277580323,89.41108765394706,80.2386953487241,135.6698280263803,-21.04189418543068,9.218312772597272,E1,E1
shade:unshaded,S-geo,43755,15,0.8836974645407819,58.566129077086785,99.7041744180066,7.662946351621499,140.00760488666666,214.73097443999995,401.26330623333314,982.6753158333333,0.7928566813880952,0.94487992881561,41.65650776327069,76.49180257509798,68.2576491286433,125.23860137553726,-0.4953504359517813,15.91233118946907,E1,E1
horizontals,A,40304,15,0.3842069936638225,154.03990105691992,227.46410401933082,130.03967560037228,384.3482446288002,482.3066819253166,744.0427139486135,881.3700154623334,-0.29172376967839947,0.7364841265807618,101.31431615502203,215.26805458477259,152.88744257957492,293.7672791156234,75.959846959135,193.95560246630203,E1,E1
horizontals,B,40304,15,0.3725222347813488,155.0261072007094,229.61204421432268,131.3125964042293,390.2916177333334,487.55981714999996,750.7608764533334,887.7881103333334,-0.31666572564296896,0.7309093849243802,102.58508512591581,216.31239418231098,154.21822674710853,296.88810507919595,77.04707985628278,195.57810981046487,E1,E1
horizontals,S,40304,15,0.8880210331126157,58.02989567331757,96.99821063027525,10.469551580092746,136.7258333333334,209.52708333333325,386.5520000000005,830.775,0.7988100257589006,0.9459437346080702,42.619093639330295,75.01223040982755,67.208643813566,121.83811621985427,2.347931078961585,18.784686836895702,E1,E1
horizontals,R,40304,15,0.37750535975187416,153.7077481665732,228.698492944642,128.50249568672078,388.6877055839166,486.3263903764234,749.096146965178,887.0803982700434,-0.30600358229652463,0.7333121372686576,101.29198766194047,214.83953463825617,153.2771027838982,295.8999587972946,74.425160246655,192.7832026903615,E1,E1
horizontals,P-cs,40304,15,0.8842642878015203,56.77227488417086,98.61186869511054,-11.913578843103455,136.52957223330222,213.67666043302896,391.74012566988614,897.4911989402874,0.7911666729681545,0.9457266354972824,40.05862085798497,74.82068027135259,66.98175409560079,125.77136607241495,-22.877505551827745,-2.1872520281741625,E1,E1
horizontals,P-sim,40304,15,0.8831809911084237,56.72643333151821,99.07230176840143,-14.607084489463167,136.60752798357908,214.17727945609158,391.36714967127386,907.6181363421684,0.78763056057306,0.9460566624685043,39.33751977866301,75.53748249072797,67.1523754854318,126.67106607529685,-25.813721213478832,-4.358855991516065,E1,E1
horizontals,D,40304,15,0.8742554208711909,63.953603830898444,102.78745906855728,0.9706781630465363,156.24822611270244,224.68086299254628,389.0208618635731,861.5515349283656,0.7728547967567325,0.9400886366853078,45.8692636502373,83.4926023199368,70.92831706099304,129.81020828011867,-14.434183077070447,17.4111836013672,E1,E1
horizontals,H,40304,15,0.8716691232784745,65.41726437978367,103.83913821099463,-4.522056101055725,155.53419761495593,226.71210977444824,390.4719386395559,872.2159698323978,0.7685608410987745,0.9382746867686261,47.11032655611335,85.36588483246658,71.48555019037548,131.26628563860194,-20.337154363505416,13.034124465852049,E1,E1
horizontals,C,40304,15,0.8692079861610155,67.32416529019596,104.83012602605478,-2.8041159971204346,148.35820600000014,218.77846699999986,399.8362100000001,932.88716,0.7687617883710676,0.9322466328651742,49.714967085119376,85.95098526500774,75.01535006418719,130.49237715443095,-17.721652621189552,12.362867235370922,E1,E1
horizontals,S-geo,40304,15,0.8889269891312579,56.92834572501549,96.60503601763115,8.04516938930027,135.29807305666702,209.38277123666657,387.3391033940002,838.170482,0.8005397467531358,0.9470739195739765,40.888084161517284,73.89577944379653,66.31227208053565,121.7367013393026,0.0836811545877997,16.07126510522786,E1,E1
overall,A,1495,15,0.2206460523857675,19.449478689001783,26.0127274848299,7.543371237057526,39.93780390386667,48.605290501933325,79.46844353231329,188.6604184473333,-0.1720632318545635,0.42841137790450323,14.461342707743917,24.94451461836887,19.660137444245727,31.78603196337696,-0.11263792264760439,16.08869324648125,E3,E3
overall,B,1495,15,-1.9718569001837092,37.60449921761427,50.79634547219695,35.99984813712375,89.45656293333334,104.94871499999998,142.50951553999997,179.90179166666667,-4.8199850302962215,-0.45934788471406873,26.977145638931837,48.53802367003004,36.97876777319106,62.44218529448757,24.67743852031737,47.32748619450262,E3,E3
overall,R,1495,15,0.26288393338878946,18.264747474365098,25.29801583863661,-7.897828629183577,37.09780288198874,48.91297085730965,79.25913282002105,196.5195937948583,0.06426001090643804,0.37118172875884575,14.61187210256938,22.0094263069993,20.512451750084168,29.872222818710345,-15.987859842590247,1.073686021170152,E3,E3
overall,P-cs,1495,15,-0.027136664566467905,18.56099753658994,29.862945208458417,4.620532083527319,42.28771457902963,61.459126865178554,123.63842278666652,179.90179166666667,-1.7807827918556842,0.6464502870484189,12.290932034266438,27.723636657845265,18.485468779074026,43.267299886364256,-5.707844825035158,16.826738954179067,E3,E3
overall,P-sim,1495,15,0.034907513156009595,18.904544805394806,28.946961851106213,-12.290086960626404,44.366295941635165,63.427141886632924,92.11652317935973,214.69301087439754,-0.3547605770441409,0.309166695423065,13.539594893289177,24.17911964660022,21.69652353695888,35.31116019504107,-20.243183943209058,-3.407724787100499,E3,E3
overall,D,1495,15,-0.25390462393392577,23.557564342377628,32.995200622759356,18.560929263214266,47.53321679302053,65.6084818720812,123.38275489859144,177.92660325391094,-2.2729696467598175,0.498140159870755,16.59487001091814,33.111359235973225,22.197631513070892,45.79277025561003,9.244686222418144,29.361533987690425,E3,E3
overall,H,1495,15,0.18472813582357706,17.65150836258989,26.605397306031772,-8.83381108991739,39.236098824160834,57.904441579446456,87.54201332954976,206.78154703205658,-0.12777400653831272,0.40424045586982216,13.254067242435383,21.93363111721838,19.958310854358285,32.626820137447055,-16.626839234573364,-0.5428389087723149,E3,E3
overall,C,1495,15,-5.668206781586549,66.28172852463767,76.08920576336493,65.48167951638796,111.64233666666671,131.23006633333333,199.8564746666666,237.83946666666668,-14.28447214508504,-2.270193258193234,52.276770319685575,85.37721969717228,58.17017051396337,97.74885588287475,51.37127351429375,84.67097135464354,E3,E3
overall,S-geo,1495,15,0.5132205461879458,16.00682912530658,20.558178896600285,9.733695051505018,30.77017008000001,38.14911666333332,57.84425162599995,131.3381558333333,0.21464524162770013,0.6729201252744101,13.35014839325975,18.765218098156524,16.90033501637877,24.18593859557938,4.366970649627064,14.395969416129443,E3,E3
sensor:P0,A,52,7,0.2381918345534184,10.538979090115383,14.103068048177414,-2.9826687102948695,26.326621449333324,30.13738232888332,33.40903964229,33.47506561299999,-0.1819270506034437,0.5318914302927154,5.623132343614253,16.67701848340151,7.753523467165072,19.348610071934377,-11.053718683039463,5.679948190229156,E3,E3
sensor:P0,B,52,7,0.41572067997205153,9.520637320512817,12.350969445210042,-5.600282256410254,20.32360046666666,20.599890683333328,28.371770956666694,36.22034166666666,-0.04428294600819102,0.7123745839732026,4.567544527777777,14.715887717391302,6.858676693023504,16.45786151858884,-12.667748172558511,1.3317449115646272,E3,E3
sensor:P0,S,52,7,0.3002517830880914,10.122195512820513,13.516420364053461,3.3827724358974374,21.4825,28.452916666666646,39.12670833333333,40.84583333333333,-0.8657372590824993,0.7647778280715172,5.588033369348404,16.133441351540586,7.081732978299702,20.79245915537458,-3.8141283936651544,13.70274331860269,E3,E3
sensor:P0,R,52,7,-1.702865280855681,23.32256782847402,26.56458218346088,-22.93055818978693,42.84638193495626,49.42891194167246,51.540482793903166,51.73429175574233,-3.7300588024540895,-0.5700886048090033,15.532281574087559,30.992730659139717,17.952081404788096,34.03506776421865,-30.977280649945612,-14.390424941891501,E3,E3
sensor:P0,P-cs,52,7,0.017453619748239335,14.2425200871366,16.016488998403716,-13.124068354675853,21.8116699893178,22.88956192894171,34.42892661006595,45.59698210566174,-1.2639685531056626,0.5023150023142914,9.633061889463152,17.903160997915933,10.977453372809475,19.21388674019254,-17.507618541109537,-6.560981008262514,E3,E3
sensor:P0,P-sim,52,7,-0.09319775791023188,13.805812875853992,16.894298210934586,-11.195000278326999,25.77356836435216,33.75472045691988,38.97675982080617,42.0883135167071,-1.2208779585928504,0.3700929359319937,8.527965745765906,18.254850673481037,10.969563161790727,20.791325890202113,-17.097018088707888,-2.245726366646783,E3,E3
sensor:P0,D,52,7,0.7019811087891186,6.368212459324706,8.820895702108997,-1.7325949144301196,13.001382642888322,16.80852363537885,25.728133828112817,31.28413840073744,0.35235215772073036,0.8415739777705096,3.5632335277463327,10.021097935432568,5.4084925721858355,12.235605296249446,-6.266431283898242,4.01009337176091,E3,E3
sensor:P0,H,52,7,-0.003792077847368347,13.101426334578209,16.18872596679769,-10.24348942907043,25.063929857340018,35.356347230110245,38.25445557988732,38.96521835589287,-0.705586795901654,0.366269745637507,8.59590735269188,17.929835268557742,10.574005720641711,20.851130492362454,-16.34059250578854,-2.10575482206657,E3,E3
sensor:P0,C,52,7,-12.955433582826295,58.70474051282052,60.361838192689085,58.70474051282052,80.71711606666666,84.47300833333334,85.821425,86.27405,-32.610290236930936,-7.755416849790615,52.66651019791668,68.11076854629628,54.035538840310586,69.63400349161039,52.66651019791668,68.11076854629628,E3,E3
sensor:P0,S-geo,52,7,0.37291109215302176,10.24143664807692,12.795443668647886,-3.98055444679487,22.307293613333325,26.649719213333334,28.462910803333333,29.215434333333334,0.07242835812076576,0.5552538197087702,6.1591911956521725,15.182692219047615,7.66373896572715,17.13220753109014,-10.703708225423725,4.352086887962964,E3,E3
sensor:P1,A,193,8,-0.22010744321161524,24.311635638350605,29.480702743144718,16.930632053297064,46.82451777106667,56.40483795179998,78.13957543979997,85.67152201366667,-3.6544275424412276,0.39791290883855324,15.85877866821007,33.93954269528818,19.48786283867358,38.37553368530772,1.518107809158582,31.33406222809328,E3,E3
sensor:P1,B,193,8,-5.597382549314527,55.89408427633851,68.55270989828661,55.19066931260795,110.72530213333333,134.12660773333334,163.8888678533332,179.90179166666667,-25.59021544282976,-1.449711002225837,37.98731800515448,70.9551286363109,47.52766337738128,84.04421705707425,36.31567280128972,70.83693109433894,E3,E3
sensor:P1,S,193,8,-3.8202654492633137,35.918350604490506,58.59685012274734,33.72076856649396,103.39000000000004,154.53666666666652,205.0519999999998,221.92916666666667,-31.185586296327305,0.7122571702979846,14.423740740740746,70.99292091836735,17.760092996399,95.72703337313077,9.512827415856218,69.73832503070672,E3,E3
sensor:P1,R,193,8,0.17318305519564492,18.306916154873196,24.268530380789294,2.7428300704264275,36.6919765267576,54.14672345071617,68.74626165464173,80.18695066198367,-1.5001849448710673,0.4844824002380003,10.933467553221039,25.828610531504886,15.06660295065803,31.15068941116675,-12.780935962448744,17.02429350202454,E3,E3
sensor:P1,P-cs,193,8,-1.3547211361113365,22.504437570873844,40.955151286146545,11.545921703728837,59.868228400000085,107.40012486666654,161.94928275999985,179.90179166666667,-14.680362685863193,0.8569907669403283,7.220728816039222,45.14797438602637,10.57677964860462,66.98761307184463,-9.585776722680691,39.63382462350904,E3,E3
sensor:P1,P-sim,193,8,-0.040289647425684416,19.214268770432493,27.22174314291008,-9.823723740008651,42.286072376849575,54.75827091925777,90.99268393719484,93.28066733058824,-1.1145840225925698,0.38941154587073573,9.36941015639553,29.33643141934685,14.403278056268888,37.611651185568476,-26.57446347358291,5.443878881457026,E3,E3
sensor:P1,D,193,8,-1.7729487865769387,29.774760315036097,44.44364990148826,26.75157479209513,69.34113792495896,109.36428136034256,160.08443223880474,177.92660325391094,-16.52321754417968,0.7242763772094513,13.115641711887529,52.670436121542025,16.01280613484645,70.01547420138864,6.581066396033893,51.190612985864306,E3,E3
sensor:P1,H,193,8,0.140697873645239,18.335509528426968,24.74068596127732,-4.960246557889717,37.118158612189774,47.79702435124116,84.70320373032065,85.53464682557441,-0.8023561898251255,0.44918065625133374,11.141809565381466,26.205396798470726,13.704924309232313,33.732790593149055,-21.539862247951838,9.143365681463305,E3,E3
sensor:P1,C,193,8,-9.828611754626973,70.57741110017272,87.82642094316813,70.57741110017272,139.37564200000006,190.9515446666665,224.0248999999999,237.83946666666668,-59.040761323289495,-1.2827033967449324,44.44117700882667,110.48135953037715,49.785575121364516,127.8618462737146,44.44117700882667,110.48135953037715,E3,E3
sensor:P1,S-geo,193,8,0.3971522542680552,16.363853263557857,20.72252222677573,14.060223899136444,28.505993586666666,40.078340466666596,57.49873799999998,89.67363606666669,-1.3610367429989294,0.7596991732355864,12.088891072751776,21.10119957268812,15.872332795548594,25.74427238129482,7.5695321854264135,20.234040369760976,E3,E3
sensor:P3,A,256,15,0.27171130675737576,15.348456914233074,19.643041715022413,7.292431260162761,34.74239934283334,38.70311857841667,45.211263376916655,70.52986857066666,-0.27313716241798136,0.4924766542307912,11.208079157118023,20.293929608727886,14.80966892041556,24.542534533043753,0.8021119256321916,15.337387697874778,E3,E3
sensor:P3,B,256,15,-1.1785597229305043,26.571102204427085,33.97360947224032,25.752336358072917,55.11317816666667,68.46987383333334,90.14605958333331,99.33430666666666,-3.2482681859295726,-0.2708034484570804,21.194891519633074,32.5895977259367,26.791107412098103,41.34071847237131,19.81507268203582,32.13713022347604,E3,E3
sensor:P3,S,256,15,-0.8809807347133043,25.19274088541667,31.56814980975325,20.348893229166666,51.331250000000004,62.74583333333334,87.06208333333329,96.22916666666666,-2.9692784924685225,0.06873320090104289,18.955591036712825,32.750494768004,23.43424970163435,40.700055974522144,10.249275440971502,30.936841856925415,E3,E3
sensor:P3,R,256,15,0.25220376751932616,16.13644995490705,19.904377123216882,-9.507459962490186,30.732883742505003,40.94098108182916,50.44052872671532,58.19488015324667,-0.033257285854855864,0.4218332630551863,11.917657470638341,19.937123453014365,15.315322743149332,23.456950175965833,-15.863125528535475,-1.6486961931977682,E3,E3
sensor:P3,P-cs,256,15,0.15414645445206854,15.634932255886584,21.169204688661424,1.6974154447974237,40.01645388219903,44.94108816719812,57.34883431666667,61.25872666666667,-0.6620389442315199,0.5823320047771604,10.933013796390608,20.609699316845283,15.596104452196807,25.93995900212388,-7.0535829814988205,10.594101950616833,E3,E3
sensor:P3,P-sim,256,15,0.025614565554302415,15.735947029611872,22.720733453026096,-10.377416464378772,38.64800769138938,47.84409513974836,68.70728461042043,71.38580721851062,-0.6012764140598742,0.4716065325438782,9.595247363874298,21.277599151802196,14.718318308797143,28.684041510322885,-17.697135456598694,-2.0960034360737856,E3,E3
sensor:P3,D,256,15,-0.19958213084739218,20.17261385414604,25.20994795418794,15.765714829578087,43.63729174057838,51.66691480387372,64.21481874036182,68.28216652419727,-1.4987338865864595,0.3816381995617519,15.453664776414811,25.24791985996136,19.341231464088064,30.37413076794186,7.810516329355247,23.634259485435752,E3,E3
sensor:P3,H,256,15,0.21827368367675848,14.603218038006721,20.350932854804807,-7.294011563049006,34.57912278624948,42.30435189775446,61.865846269973325,67.35717328779558,-0.2736264183854508,0.5624362364746646,9.709216913128563,19.330736342974564,13.506476709230272,25.709548635115972,-14.117899439417151,0.4353578813138103,E3,E3
sensor:P3,C,256,15,-8.126575405576814,62.90923517447917,69.53618792696547,62.349814713541676,100.07697833333333,121.94784166666668,132.03889016666665,137.01861,-18.1583259559414,-4.2921014482162345,51.46795518839685,75.98046798272715,57.57385703347791,82.49623438285617,50.44595904455654,75.90108537490417,E3,E3
sensor:P3,S-geo,256,15,0.4081129187757263,14.62948519713542,17.708280216720148,9.032524129166669,28.909161633333333,34.62512211666669,45.34855642666656,56.21538796666667,-0.1160402171975484,0.6435756108631919,12.040992302552606,17.592231088641785,14.212846675629917,21.309434885916946,2.833904554754806,14.831961167553915,E3,E3
sensor:P4,A,29,7,-1.6881951116242049,14.901213433287358,16.85051692879415,13.380272253655171,25.572062479466666,29.384385325266656,34.09231033307999,34.96334940566666,-12.396201188064163,-0.212090033476926,10.072329904885061,20.03867231238667,11.948536948370416,22.087629362293548,5.989186028529353,19.882954303135804,E3,E3
sensor:P4,B,29,7,-0.5352070073190536,11.373648678160919,12.734042849586798,6.315567137931036,19.08680913333333,22.451785799999993,23.928983586666664,24.110888666666668,-5.581892924251383,0.06923027353962687,8.821853815119045,15.04990954049999,9.916165763144855,16.373082863481354,-2.008581650063131,12.962429114074904,E3,E3
sensor:P4,S,29,7,-5.1717440380724335,18.180890804597702,25.532114771367368,15.611637931034483,48.62833333333333,55.29666666666666,60.676999999999985,62.029166666666654,-44.4449277242898,0.5081919398567045,5.97679976851852,34.1445,7.91337409273945,39.43638848400128,1.067297794117647,33.30407877604165,E3,E3
sensor:P4,R,29,7,-0.4959112920951503,9.555428406868415,12.570013819809219,-6.846652338128829,22.909953469562932,27.158147029099997,28.641986145848957,28.773694274489998,-2.6240921612344157,0.16154097739708637,5.081538639400528,16.6649932588813,6.457769363027578,18.959127171618068,-14.499083448712122,-0.23446199822467925,E3,E3
sensor:P4,P-cs,29,7,-1.1021466500972692,12.711575654803713,14.900963122768658,-5.8896711236636845,23.65351904500366,25.879546951038613,28.482443109097616,29.116975439127646,-7.067859908955389,0.1433314677638578,6.962816002137075,18.165917010870576,8.541771510384509,19.545051383534567,-15.720730687872635,5.22876560459555,E3,E3
sensor:P4,P-sim,29,7,-0.9153866591566429,12.346484601089491,14.223650225385095,-1.7532528153211024,20.847560018489542,24.685809781475037,25.73296230857241,25.8062442184802,-7.751075215002966,0.3267910335156986,7.234342473309964,16.909524336426472,8.653908683142994,17.97040199246698,-12.005117860271238,10.001229421791132,E3,E3
sensor:P4,D,29,7,-0.8303528821031945,11.546741523603167,13.904335827094004,5.667640950301003,21.19310105174303,27.111954041723312,31.845609660005856,33.37594285352259,-9.964362671127061,0.4149743478560436,6.724076000604191,18.189020756771022,7.712098847994881,20.13980106409985,-3.3338119431929347,15.8627268329934,E3,E3
sensor:P4,H,29,7,-0.479845224898267,10.679595268247617,12.502330710462045,0.41894250655122345,18.930146042284292,20.43847372047312,23.659561331592837,24.60410124675138,-5.997074691238219,0.3830065242712471,6.091895707480939,15.174264290903144,7.638378898959252,16.14213238644953,-8.543869171016684,10.791068692812209,E3,E3
sensor:P4,C,29,7,-64.11996718708082,75.37000824137931,82.93539576207485,75.37000824137931,126.82583333333335,127.93546,128.78576666666666,129.0016,-377.4625578497994,-21.333918817108778,47.12124432438492,102.37102,55.68090098529558,105.58349308428443,47.12124432438492,102.37102,E3,E3
sensor:P4,S-geo,29,7,-0.4455444133365887,10.306556111494254,12.356587666099097,7.488444913793105,20.66593629333333,21.249015346666667,21.89492632266667,22.00843826666667,-7.6385932034790285,0.5400306904230734,5.818153960393939,15.772223225757575,7.406456032413395,16.790052378727914,0.36297327072951724,15.401786876,E3,E3
sensor:P5,A,407,15,0.24605589967081654,22.62360050723751,32.513133058188785,1.7741429378157245,47.40855468740004,60.62968203256666,123.33212781814663,188.6604184473333,-0.036886752189993585,0.37155497157052836,15.871362817403792,29.390642252753153,22.14735240434944,42.060167628847736,-9.421257812573245,13.239937550410067,E3,E3
sensor:P5,B,407,15,-1.318543690946155,43.60522205978706,57.01601891784077,41.76946708845208,97.55469693333335,124.38067423333331,150.3693792,152.819193,-5.4891664501998605,-0.003849729277684116,29.927755001797653,57.350907589131246,39.765613714899594,71.06091962512279,27.637225137873,55.681741173429614,E3,E3
sensor:P5,S,407,15,-0.5180597973557655,32.2986076986077,46.13533593715922,25.15184275184275,65.7916666666667,99.61833333333328,172.46966666666665,196.825,-4.27363867624094,0.5490450129804948,21.35540097999052,48.62560971475436,27.139422951052214,67.4937859965959,11.05469849085932,43.760194105320394,E3,E3
sensor:P5,R,407,15,0.20631258639842842,22.834033053349362,33.35907458918092,-11.628965128865248,46.163002580129685,68.35148512615397,129.5092141108643,196.5195937948583,0.013011990475718393,0.31861021744720824,16.88769196725825,28.97325277398875,22.269066801763383,43.400175421837965,-22.766162660038507,0.21228876364679655,E3,E3
sensor:P5,P-cs,407,15,0.1594827983622079,21.560984258965394,34.329110512855934,4.150918664029568,49.049035948630795,71.88705961477362,134.69558327784918,164.5911060123854,-1.5435812135798415,0.688699274505101,13.934663509655863,32.482961689166366,19.583713889475447,49.22562232741725,-8.391131073614007,18.663030225200103,E3,E3
sensor:P5,P-sim,407,15,-0.07287740584981073,24.739050249930198,38.7850448051775,-19.158881907419495,61.55581614207737,87.58762724650596,156.2202132281393,214.69301087439754,-0.5290179970217451,0.2378986664604612,16.445662687342175,33.242264518200145,24.9590419560327,51.12937645270004,-30.163265782325055,-8.195634683814465,E3,E3
sensor:P5,D,407,15,0.035318337930046684,26.807895117113468,36.77741998364642,18.569488226524605,52.15644870368926,74.12392464869733,134.28081249847534,149.7098901784296,-1.911907732869469,0.5768156550254775,19.212248887651924,37.26447900197023,24.842895666557823,50.84186137478385,6.605505844138462,31.408601858924367,E3,E3
sensor:P5,H,407,15,0.0645599396765757,22.993873902212446,36.21572886822514,-15.37852086645109,56.20376044757567,82.29403643616752,150.08830691330277,206.78154703205658,-0.30195222047751585,0.33830091690452785,15.55701752529737,30.6587801972327,22.650554618148217,48.121995536149974,-26.1238164784577,-4.371642920274371,E3,E3
sensor:P5,C,407,15,-3.1377447365055327,65.55700566502865,76.16774448118571,63.40435012530713,108.53699066666667,132.7791203333333,203.1058833333333,218.89177,-11.368784995082002,-0.8111004951924509,51.635893785098546,85.16067181431426,57.477763389803,99.65592025065023,48.88801572314881,83.44295479739866,E3,E3
sensor:P5,S-geo,407,15,0.5540161430542541,18.838230701310405,25.006264313377105,8.748895444963145,36.626234566666675,52.317196499999966,87.06173894333331,131.3381558333333,0.17112568878090742,0.6822781500811357,14.805231889728963,22.91821548525953,18.768209241488382,30.6989704129577,1.8448839279524314,15.239696762174649,E3,E3
sensor:P6,A,42,10,-2.2052200128016737,14.081439735738094,15.986053284589554,14.081439735738094,21.597458902866663,31.181159452283293,37.411230736179995,38.028572083,-6.499046603005765,-1.087011913335718,10.80557754400602,18.648311862368804,12.054069380869109,21.323429784619456,10.80557754400602,18.648311862368804,E3,E3
sensor:P6,B,42,10,-0.6107582456741032,8.819946246031744,11.33254663648723,7.7988248333333345,17.861371166666668,20.551579999999987,28.47954653999999,29.273801,-2.613279576956857,0.11626667826961339,5.653796459909574,12.839665042033698,7.356709883138598,15.413904844398548,4.223861662015308,12.304752165568834,E3,E3
sensor:P6,S,42,10,-6.92829817090105,20.864682539682537,25.142144657845556,16.89464285714286,41.77041666666666,42.90458333333333,45.51704166666666,46.62916666666666,-26.444173454428096,-0.5984367525786175,11.26330078125,30.097665623067407,12.512476210320067,32.828195639104365,3.0206553249678265,29.58079387755101,E3,E3
sensor:P6,R,42,10,-0.2409836328905528,8.700113886311705,9.947074260580191,-6.358794500487453,14.970967732033863,16.034770865906665,17.622637063506847,17.704180643786,-2.538648204314264,0.27382843840494475,5.99136035689059,11.618215708829633,7.368351776449339,12.347242042096088,-9.769172805714808,-1.7649963913447526,E3,E3
sensor:P6,P-cs,42,10,-0.39770552314094876,8.827098033143134,10.556505395683434,-1.6523855565792855,17.39322684347432,19.527680893955914,21.403240925425134,21.73815665798748,-3.8654938654823128,0.6059961371167212,5.520766576796181,12.227019396794198,6.282763187519803,13.696791089347622,-9.031524791162292,4.774451580474813,E3,E3
sensor:P6,P-sim,42,10,-0.6023486489718335,10.118272245661425,11.302924915338581,2.2760214081547323,16.88329550617585,17.417629102133333,17.82963300114374,17.95260000598612,-4.07226855336341,0.42896500669072146,7.083520671291787,12.735920312525584,8.249833976979215,13.530566087019862,-5.803516952102207,9.0724567499834,E3,E3
sensor:P6,D,42,10,-1.1363256446151793,11.401064264037295,13.051068234056178,8.863426034191551,19.31286333007328,19.909217816277756,20.373434518178417,20.63584512108128,-5.399899669288344,0.12652313247144195,7.967567588012646,14.674782973421985,9.692544442710961,15.656983774509476,2.515637702934072,14.401128936193775,E3,E3
sensor:P6,H,42,10,-0.28151799181938686,9.0442639914076,10.108220040285763,3.2754091131556504,14.211062885475442,14.62225742087964,16.59357708366551,16.660541016097785,-2.987220604425493,0.4166921125605782,6.842411555424904,11.136421080442377,8.267558733185329,11.722008380278615,-3.3528131825583443,8.868152667148925,E3,E3
sensor:P6,C,42,10,-60.50535013662011,65.10497904761904,70.02752559781436,65.10497904761904,85.32988333333333,91.05108083333332,126.03158813333334,126.44666666666667,-203.31500883412536,-23.057431109524018,51.23891521464803,78.2282726970045,56.88542983096967,81.98785359591876,51.23891521464803,78.2282726970045,E3,E3
sensor:P6,S-geo,42,10,-0.47654279380145304,9.51816200873016,10.850140264975655,5.467842069047618,17.33071503333333,18.13164901333333,19.90424914733333,20.34235926666667,-3.3085204800971075,0.3938200800495435,6.620151364821429,12.048902943100751,8.05905339521508,12.95746922458984,-1.134087259129064,11.19435862694182,E3,E3
sensor:P7,A,408,15,0.2956828450248721,18.60015824823039,23.976844048133874,6.156587001704249,40.22692365003334,46.90697503423332,63.08745722940002,89.10819753033334,-0.1095549658133636,0.501344855837533,13.709997384683398,24.14137801945428,18.315609910975187,29.55570976881728,-1.6874612845130972,15.28453595460075,E3,E3
sensor:P7,B,408,15,-2.804357088075732,43.75854983415033,55.72480050635614,43.253254353758166,97.34340436666668,107.03953193333334,139.85970941000002,151.87010466666666,-5.442660390440687,-1.3121382020231374,32.534418610111224,54.630478471819345,42.42124105548198,67.44501950708259,31.62026308357486,54.38493097366077,E3,E3
sensor:P7,S,408,15,-1.415620934183011,32.06443014705882,44.404018767470426,28.267514297385627,66.03500000000001,97.49062499999991,154.17025000000004,173.79583333333335,-4.681559894685221,0.2176045660300597,21.746333712945685,46.18987321116452,26.99109600790005,62.50043484473102,15.50112151571869,43.70743250512518,E3,E3
sensor:P7,R,408,15,0.30392743728777205,18.690799124576788,23.836096935312142,-7.998345561828099,37.825644982937376,46.54444713073387,72.1090511800481,96.33063218105634,0.1139241920858595,0.4118790369698371,15.157917103655661,22.26187710751201,20.0092324868919,27.31399430630804,-16.048821277168177,1.3269222165789438,E3,E3
sensor:P7,P-cs,408,15,-0.133005211571674,20.05823385727083,30.41051948389342,8.128338013400768,47.506325106511134,69.16742426666661,107.29561328000001,126.81150433333333,-1.5018363183360568,0.599328703587582,13.22768734782327,28.798236591759224,18.910301659847864,41.57323150369471,-2.7148972627958137,20.323618806538107,E3,E3
sensor:P7,P-sim,408,15,0.01941914098482045,19.5915277781854,28.29108418321833,-14.328088701638794,50.45400580325043,63.63690989753377,85.8572218714417,102.57217899683059,-0.4259519141784635,0.34579342502871263,13.507610261660728,25.61498712688656,21.017700922583565,34.11096969757214,-22.334102187253226,-5.773830472572533,E3,E3
sensor:P7,D,408,15,-0.44653506636910056,25.935610356309542,34.361520115092866,22.15384473272449,53.06261518640613,72.21968283493621,109.30728734709129,127.20481890732522,-2.0262615003939035,0.3723831011947541,18.74688914460243,34.834275025462475,23.958640496795333,45.360518263477864,12.518526044903671,32.734400251954774,E3,E3
sensor:P7,H,408,15,0.20290930869783363,18.060827367084737,25.507139296266608,-10.70883469010145,44.506907308484486,58.08208898804048,78.86514467926881,90.53953041992517,-0.14880016706170776,0.4474000001922008,13.223422388547938,22.894050693788074,19.166748437560532,30.656063329758215,-18.433523543642394,-2.3953949754909303,E3,E3
sensor:P7,C,408,15,-6.260627330603188,67.57341662990196,76.98302249246416,67.14025284395426,112.5768976666667,134.86994599999994,189.5933689666667,203.7873833333333,-13.539131887756866,-2.853740821067185,54.06681901671408,84.83116872411084,60.098441703668435,96.41602368114913,53.369175287130304,84.46922182920652,E3,E3
sensor:P7,S-geo,408,15,0.47142586961999366,16.713811139460784,20.771164117614987,11.178903619689542,31.689566280000005,39.417905411666624,56.677883709333344,101.97839213333334,0.0885078006981032,0.6728782685619504,14.092012287038806,19.66206832087147,17.22688971164615,24.471063008144693,5.298096976228181,16.374634327526532,E3,E3
sensor:P8,A,15,6,-4.5078805009606375,19.859011077799998,22.927142095299995,19.859011077799998,37.2054069518,40.18351325959999,45.18296119672,46.432823181,-72.31433426153467,-3.0651962579732306,11.373320661285716,29.74032022147917,11.733828050942082,32.456168565410124,11.373320661285716,29.74032022147917,E3,E3
sensor:P8,B,15,6,-1.46061380486565,10.86046762222222,15.32425591542436,9.025822466666666,28.4989186,31.11104419999999,34.540564839999995,35.397945,-9.973064087128519,-0.9225835859890239,3.189152233333333,20.509502645833333,3.758644831066151,24.06268072179908,-0.6793212999999995,19.412050104166667,E3,E3
sensor:P8,S,15,6,-2.9457606867380344,15.695833333333335,19.40541963840495,15.169166666666671,34.24583333333333,37.88791666666666,39.81758333333333,40.3,-63.73555358552477,0.35982864695566086,8.235416666666667,25.218981481481485,9.357647366518528,28.004767578666737,6.59675925925926,24.934868421052634,E3,E3
sensor:P8,R,15,6,-0.46935729608196186,9.909858191017156,11.841899606458378,-1.0416542790269328,16.663531375744,19.83302893361559,25.084774305983913,26.397710649076,-46.24775239790424,-0.3966197423445894,5.5305338977075795,15.461769413093,6.7238651054876515,16.725770543660182,-9.795402280973484,9.06669997563123,E3,E3
sensor:P8,P-cs,15,6,0.37941188561442707,6.29601256106064,7.6958996267971855,-0.6992844433627481,11.31018530625574,13.361614481519657,16.496830873452,17.28063497143509,-36.14070083034554,0.7641952662826073,4.961148749081091,8.801615818708456,5.711823542106629,10.582730686704682,-7.259382750376074,4.2035136925671726,E3,E3
sensor:P8,P-sim,15,6,-0.01315395328092328,8.363404483573792,9.833211710226395,6.248985038941724,14.977227275881383,17.67920427130701,20.09007788080771,20.692796283182886,-21.3795515670516,0.7628531982565013,4.871387313206575,12.499623759821114,5.487541232262,13.55713536179324,0.2760364932333049,11.318140520342032,E3,E3
sensor:P8,D,15,6,-0.6712799559661993,10.736798791729685,12.629386966323928,9.587472498159062,19.696501443452473,20.008996622637245,20.316657203319497,20.39357234849006,-24.22217906984293,0.08670835861851767,5.305972833227926,15.1185325326041,6.1539875367440136,16.17069150970387,2.523644772849002,14.617326252927587,E3,E3
sensor:P8,H,15,6,-0.04258057645625568,8.951222813318612,9.974990317893226,7.7047757818418985,14.128610954067248,15.354395516313502,17.223210757851362,17.69041456823583,-18.68609904144885,0.5020045451553375,5.4096659235416675,12.050085091873434,6.06533428576429,12.530150430801042,2.439263540268464,11.671347968399973,E3,E3
sensor:P8,C,15,6,-53.63977402516873,67.8453832,72.21245589057838,67.8453832,85.16839533333334,85.517314,85.62603613333334,85.65321666666668,-3082.0915127958237,-16.823584292269906,43.20619848888889,82.73242324074074,50.86992717471098,82.78038241811744,43.20619848888889,82.73242324074074,E3,E3
sensor:P8,S-geo,15,6,-0.7742859865631959,11.56326912666667,13.012761775310189,11.01511254,16.733241973333335,20.58777078666666,25.904606637333327,27.2338156,-46.58866629442274,0.39178099634525065,7.939777023809526,15.423262122807023,8.931592174690385,16.655778894024746,6.2672422416666675,15.163144975793635,E3,E3
sensor:Pinc,A,93,12,-3.5512438730285707,19.24174497601434,21.528373342200375,19.211475060623656,34.7138124086,38.736784922066654,46.303409566613325,49.885007730666665,-7.060068858657699,-2.4344589338956175,15.331484499011012,24.610176007618367,16.832025921232887,27.363240896525564,15.292601797760502,24.59043345450682,E3,E3
sensor:Pinc,B,93,12,-3.5874188733109458,17.955897645161293,21.61376181250729,16.913979021505376,33.91911513333333,39.22988446666665,50.04976934666667,50.90589466666667,-9.459513722025934,-1.843659459598636,13.446649328888537,23.00578518798449,16.38259699564472,26.436068551851914,11.386017892494554,22.53516591564598,E3,E3
sensor:Pinc,R,93,12,0.004786820476807785,7.724735110950404,10.067096276750453,-2.502799250211902,17.41793119642686,19.609436184779263,24.50389754989386,28.85638895582467,-0.8234206093655745,0.317076319295827,4.953542605665306,10.979439302459603,6.641153013351686,13.23208831435239,-6.598910714821616,2.771153690879344,E3,E3
sensor:Pinc,P-cs,93,12,-0.3175331506968224,9.347173731425729,11.58315687908015,1.8510741238080841,19.79959664856587,22.02229675667398,28.3442712528241,28.96216149363459,-2.8235314296863043,0.3630627072965902,6.816915040698171,11.867309807970871,8.971614874421302,14.213752897482612,-4.10227673511846,7.023532143290546,E3,E3
sensor:Pinc,P-sim,93,12,-0.18297825676754265,9.000350129274233,10.97575852909823,2.8612805219915636,17.546121462072882,18.846806515604523,22.880839152440977,26.849804891988168,-2.3257576601143226,0.48649062389241415,6.113991469815621,12.187558123189998,7.9270275887486665,13.692744392242776,-2.716878535806793,8.244388775319349,E3,E3
sensor:Pinc,D,93,12,-2.4034002985034513,16.230099282976763,18.61669908356409,14.651820701022336,29.56519086920584,31.54554920170155,35.946041861275866,39.6130197169135,-8.162493495209597,-0.7072972191484975,11.984786845963033,19.86597098657811,14.58981857210275,21.835942326864725,9.313655284417639,19.413647653274314,E3,E3
sensor:Pinc,H,93,12,-0.1470150160113417,9.45584665987718,10.80763612721608,5.523471083174847,16.18437385364944,17.062268830484566,18.989075968129775,22.785643324157903,-1.890982157155743,0.3310704175384481,7.139272729544805,11.94538710199337,8.599288560133786,12.965111067747022,0.5918564302214735,9.95755813360062,E3,E3
sensor:Pinc,C,93,12,-49.32091738163734,65.83717949462365,71.58473764689337,65.83717949462365,112.86192266666666,117.87994066666667,122.74081919999999,125.93167666666666,-150.31686763856624,-21.63596450630148,51.638287971832966,80.03544786985438,57.965833038979824,85.45675643575177,51.638287971832966,80.03544786985438,E3,E3
sensor:Pinc,S-geo,93,12,-0.8723825611255482,12.212754166308246,13.808403093618747,10.74278992688172,19.85937412,22.219548119999995,26.149555373333335,26.32748383333334,-3.90543071156232,0.053677002917848486,9.108811974456898,14.865502547756035,10.911689597115195,16.032618550210742,6.227151256261932,14.245984181015308,E3,E3
sky:sunny,A,291,3,-0.13876576200198043,12.490297581857961,16.196444567871236,9.317624907282934,22.020891062666664,24.495630137166668,33.35854919410001,89.10819753033334,-1.648989673625021,0.6444158238098425,6.465257638270831,20.931683853977592,8.444051841515794,22.86749250540696,-0.11597164785416543,19.434067088761903,E3,E3
sky:sunny,B,291,3,-11.484812574938445,38.500593632302405,53.62823476229038,36.225785932416954,94.09987199999999,122.61952833333332,151.61338550000025,179.90179166666667,-27.519414118655774,-3.9741482902009535,23.316766325,60.144250837535004,29.677238275327472,75.03237829910813,17.249038483333337,60.144250837535004,E3,E3
sky:sunny,R,291,3,-0.12323396053993685,12.328088783085478,16.085612456454328,-6.719864180883919,17.505293862617332,28.6790203492805,51.28623016128803,96.33063218105634,-1.3479957226028954,0.08610602795963807,8.29440171811558,17.514967086174718,14.003185566780209,20.09786977885044,-17.429964901066285,5.362683865346434,E3,E3
sky:sunny,P-cs,291,3,-11.375006077568884,38.08977602467836,53.391878229708404,35.399220585352744,94.09987199999999,122.61952833333332,151.61338550000025,179.90179166666667,-27.519414118655774,-3.6108576141093147,22.283265499069252,60.144250837535004,28.163863632651232,75.03237829910813,15.381798962126714,60.144250837535004,E3,E3
sky:sunny,P-sim,291,3,-0.10938679497919179,12.049593038219461,15.986153709202139,8.486760873583926,22.020891062666664,24.510157614326538,35.77761477915069,89.10819753033334,-1.648989673625021,0.7623038196961225,5.667645242763878,20.931683853977592,6.9038409763502475,22.86749250540696,-1.6320707263939416,19.434067088761903,E3,E3
sky:sunny,D,291,3,-13.380993888377168,44.84402302430453,57.556839609912004,43.82293367876101,98.21530977809024,123.00903690295834,150.67465209993284,177.92660325391094,-30.57011236848398,-5.522123822032203,27.89841752002695,67.4106378284803,33.49622746185458,78.94351807851655,24.667831097859185,67.4106378284803,E3,E3
sky:sunny,H,291,3,-0.07399017098523886,11.745258770368451,15.729055388340054,7.726753398819504,21.787323381165336,24.695744670458197,37.57031674167297,89.03709393865886,-1.5444148683654637,0.7882742374240957,5.295220512856252,20.378449460623322,6.515781776745964,22.41157484295317,-2.773156274499932,18.882027713755097,E3,E3
sky:sunny,C,291,3,-58.47261848436112,108.72328778465064,117.04719717118041,108.72328778465064,181.61328,200.30203333333333,219.3578830000001,237.83946666666668,-122.25630786891048,-29.789254268286456,71.5780264083333,152.48003955182068,72.77814172077042,155.98505483396946,71.5780264083333,152.48003955182068,E3,E3
sky:sunny,S-geo,291,3,0.06674772117928884,12.184168175601378,14.662297187760762,9.785792940320734,17.027094166666657,19.847516966666674,28.41198828333348,101.97839213333334,-0.33044115164120313,0.15816194427380614,11.396990650833336,13.840672478623192,12.354688854987947,16.206015409261237,6.119785033333337,13.289513951086958,E3,E3
sky:mixed,A,381,4,0.3359428495091227,18.555728659370953,22.96095133128495,5.571614678104111,38.401830292,40.29883194,46.64310104359999,65.58201650033334,-0.38672073693585296,0.6000285637541066,10.466604163266059,28.49466706055878,14.012293910096743,32.02582086558009,-6.075560209130402,23.509909520969092,E3,E3
sky:mixed,B,381,4,-1.5271667751199014,32.48800294138233,44.7923760835075,32.06137129308836,84.78683333333333,96.91274999999999,114.79815579999985,152.819193,-4.708458703993325,0.06896882531393433,16.553601679775277,55.81764481001727,23.4662407878849,65.51082140266855,15.640418207865165,55.73496281519861,E3,E3
sky:mixed,R,381,4,0.29559144511795976,20.543086361597243,23.648274624790847,-10.283069542155287,34.89504319885667,42.504513487433336,49.59166126122072,73.50731737216333,-0.3130083331173179,0.4251519175049422,18.372777873232828,23.56561713112918,21.350603608562274,26.17948097970778,-22.681777132799343,8.856685619297155,E3,E3
sky:mixed,P-cs,381,4,0.40610256543172396,15.5854025300828,21.71415201734871,-0.13425388620996673,33.92492408831821,44.456040311345944,68.95977853461328,103.81746666666666,-0.14737279071741027,0.7383037075167139,10.207627389199573,20.935021780176065,13.704695817056223,27.453685412482823,-15.214679395043941,11.080476485051054,E3,E3
sky:mixed,P-sim,381,4,0.05937924038386533,20.52771024504799,27.32715555928129,-15.081382662788217,45.308004968103766,58.624869472003105,71.17471323615791,78.18861579439692,-1.2831342645996116,0.46528442608800336,13.490829089240965,28.974199319441244,20.039187669671573,35.787822571490175,-25.935262593268423,-7.09961727437538,E3,E3
sky:mixed,D,381,4,0.2990886874210361,18.02107034013127,23.589497191446807,13.63099423387374,37.45257900316269,47.404561672795495,60.6412806419469,103.37525577446618,-0.0731625458366556,0.5355315821038239,10.872698926314026,24.289100446828176,15.219167944432,29.005182222642325,0.5147976015486629,23.90785801528156,E3,E3
sky:mixed,H,381,4,0.24037596328273525,18.98940097042454,24.55763265007353,-11.716146913312015,40.52693821594096,50.86024081337479,64.7695604792279,76.39539698490299,-0.7678359117843891,0.5347807284802948,14.516602910660707,24.945203464693233,18.54063687426845,31.80065193810325,-22.667039922167007,-1.4986645673929162,E3,E3
sky:mixed,C,381,4,-3.148063826572062,51.728900247594055,57.38651671288208,50.70410437182852,83.59905,86.44905,103.79201666666667,133.37123666666668,-6.28476194803967,-1.5563729214432787,38.65481116304347,63.94023218443316,46.73130336371938,66.79194594449714,36.53281535507245,63.94023218443316,E3,E3
sky:mixed,S-geo,381,4,0.48666816786527534,14.838147708048995,20.187672344779006,5.633586567891514,35.611904,43.176835499999996,57.61173804,58.81558233333334,0.008679424252061474,0.6773218370834907,11.207715488494081,19.4697060952381,14.190828813184625,26.07547739247582,-8.808314176124885,17.060458101921473,E3,E3
sky:cloudy,A,428,4,0.4102721222220458,14.498420402799843,18.648821939665634,5.663541619142523,31.938578008433335,35.87172348049999,60.072224177066694,70.52986857066666,-0.8386309481102194,0.5537729875174675,11.746689329429488,17.100057053986365,12.814675833335142,22.83262347957286,-2.3803258757769115,13.788096714753147,E3,E3
sky:cloudy,B,428,4,-2.8537459671234475,37.390944339563866,47.67241079312972,36.413934892523365,87.99978696666668,97.54972423333334,104.92530933333335,110.93294666666668,-10.365867662579387,-0.7695660974668133,29.017156122448988,44.745108530232564,37.196593864500606,56.155680637665384,27.923691446064147,44.25124273586162,E3,E3
sky:cloudy,R,428,4,0.4152327121514674,13.248235308707914,18.570222535427426,-9.545695344399668,25.99492070795057,41.49638642170498,65.7111788417398,68.5836564955327,-0.2899021725229918,0.7141966309466369,7.245547861826763,18.923503440304636,9.741153645512455,24.867385218167136,-16.839962325776156,-2.2956554784245853,E3,E3
sky:cloudy,P-cs,428,4,0.6811216978695404,10.32918464944902,13.713176241845163,-3.1161408646784,19.11613165003943,26.74494104174365,42.316717993628,51.765307224442935,-0.47016060124096115,0.8825710280120752,4.835759821596995,15.522968123054577,8.395656374498278,18.30899312044166,-11.197542095485693,4.608847736204685,E3,E3
sky:cloudy,P-sim,428,4,-0.31782538486202716,19.846517168177495,27.877543849726237,-18.5759379067354,48.19963798262252,61.565901426893944,88.78502650487506,93.28066733058824,-0.6281300035477949,0.1828558593274734,8.966659338198573,29.98380224828738,12.491957233906387,38.073916216151076,-29.596228849559715,-5.86575667003627,E3,E3
sky:cloudy,D,428,4,0.3862461283647136,14.158970278884498,19.02491370279766,12.53182719876065,31.285178003283303,39.58245349340168,53.264267709615346,73.48419011453137,-2.7308467453185825,0.8565717421019371,7.388765199833842,21.59307057461757,10.870466565134617,26.692229980112952,4.333522514202503,20.319644739415246,E3,E3
sky:cloudy,H,428,4,0.007731958885554335,16.628463547060527,24.190234311795916,-13.84290075570558,42.42556888846773,54.23637976415392,81.40151002654066,85.53464682557441,-0.23261775132167153,0.38866746814924513,8.074966161594535,25.503638721259673,10.804878979232367,33.64305692878241,-24.706055194041866,-1.40365819279661,E3,E3
sky:cloudy,C,428,4,-7.31762601896364,64.46323246728971,70.03663438741474,64.46323246728971,102.15000866666666,111.01600499999999,139.38903786666697,151.90131666666667,-42.172405379567984,-1.590749386756346,45.37508625007992,90.33617376861703,49.467264777722015,94.09709788234792,45.37508625007992,90.33617376861703,E3,E3
sky:cloudy,S-geo,428,4,0.2569401446788835,17.0173928038162,20.93328915444936,16.06701868060748,31.046881520000007,37.464275358333325,55.91024516133334,73.38974233333333,-3.040760600258592,0.8023394949743963,9.795532464087009,23.798114981523806,13.470012318927244,27.77875092505041,7.849767530332684,23.114564785333325,E3,E3
sky:rainy,A,395,4,0.12357720728466048,30.80313289143882,38.50230036375547,10.175013027926584,52.399318440533335,64.49475527476666,123.80930062390665,188.6604184473333,-1.546883421416465,0.3840284009580961,22.0997446723587,38.80170591345849,30.334726351829215,44.415248814533356,-10.499940984655147,33.176289980454904,E3,E3
sky:rainy,B,395,4,-0.9210060444600088,42.11088679831223,57.002540474116365,39.18360167594937,102.61118333333334,134.21196433333333,151.09417539999998,163.32835166666666,-8.120545306849987,0.5802329953947736,16.00895694044188,68.7452380492426,24.34074161941531,81.89548634250684,9.829686154658978,68.56312379630077,E3,E3
sky:rainy,R,395,4,0.22047178215985452,25.876362082031427,36.31163182182283,-4.679408154501278,56.50281836995467,72.20530512577383,130.07926062775664,196.5195937948583,-0.5379315163491245,0.37445715879145725,20.48570724477446,30.92349479730633,32.78928924261197,40.4443895041557,-25.970984461574083,18.981984832122567,E3,E3
sky:rainy,P-cs,395,4,0.6354662120749954,15.963638228088168,24.831259019638768,-5.0851106449011425,35.44542919866097,47.187133354853096,108.8662378421572,164.5911060123854,0.14604886162705255,0.8947322593677496,9.483790286417676,26.614689750558764,12.012411754032398,34.61626938593233,-21.934617178068663,7.117610066386949,E3,E3
sky:rainy,P-sim,395,4,0.16005195064138722,21.368344198987646,37.69259680248566,-18.093213168972994,62.10466891329813,89.38120850290147,157.93433061477305,214.69301087439754,-0.7757452916651202,0.5449359778038563,8.964843443089336,35.69064077641881,21.6586664228809,49.0130334954063,-34.58087821823311,-3.7681822241160514,E3,E3
sky:rainy,D,395,4,0.5560203542531951,23.399698513492044,27.403837029332706,11.238189123570685,36.682537548838376,38.22781532723612,91.98507046935114,142.55728099500328,-0.1691001177231679,0.6718519157077188,19.86078572560677,26.505550675992527,22.503190967496,31.225799959532115,-7.419274787548823,23.897929001453093,E3,E3
sky:rainy,H,395,4,0.24263550398027423,21.82073552410383,35.79169921582822,-12.826378028023054,57.65535273735985,83.99834757628356,151.45970757912184,206.78154703205658,-0.5347514461152556,0.5530020541401404,12.847210530661217,33.09827351299988,21.40042291647461,45.87119417602655,-30.775011552575787,3.4765414128364585,E3,E3
sky:rainy,C,395,4,-0.9675700788786881,51.02210862953586,57.68925768445977,48.982549037974685,83.26071666666667,94.22646999999998,115.84766,116.67557666666667,-2.158411432691319,-0.6663818535743602,38.774843140522854,64.10295763350784,43.42149261251548,69.77724543932786,38.29082915359475,62.002398711169285,E3,E3
sky:rainy,S-geo,395,4,0.6610498394844632,18.855286598565403,23.94405866511545,6.787665515696203,33.05076833333342,43.101033849999986,87.75562982333332,131.3381558333333,0.5004050594616579,0.7240723807127751,15.935788416666664,23.170659626408124,17.86864681640144,30.967508231266006,-7.366834883381359,14.527769202309456,E3,E3
sky:cloudy+rainy,A,823,8,0.2064139204869001,22.32388994473471,29.872307043381703,7.828828625788578,46.46032104480001,56.35373616553331,93.37779915878653,188.6604184473333,-0.37411976120820367,0.4327161535211523,15.930804555374573,30.457035268131108,21.51813970476855,37.48603665897455,-3.2212162659006083,20.634203863719847,E3,E3
sky:cloudy+rainy,B,823,8,-1.4379679166134673,39.656287317942486,52.358324088932235,37.74324033535844,91.05953433333335,107.04713206666665,141.74807476666666,163.32835166666666,-5.071610636736966,0.014710743802895943,26.128344894176532,54.56252426808239,35.189686992946456,68.20236040190473,23.446570707589846,52.97339832220511,E3,E3
sky:cloudy+rainy,R,823,8,0.27772094049509055,19.309122399185174,28.498647914553523,-7.210114007814171,42.03827334889055,61.672313850560585,99.7909568999185,196.5195937948583,-0.019437127775008424,0.41154589653049267,13.243172879837138,25.18023175808723,21.229558284758514,34.614932749338266,-18.60418717361156,6.009385271802852,E3,E3
sky:cloudy+rainy,P-cs,823,8,0.6498495676191327,13.03344851769017,19.84262283400574,-4.061150661990651,31.082486010500254,37.22055826354484,66.01592827207045,164.5911060123854,0.33535735853570264,0.8366015634209312,8.365366927233074,19.020191340991207,12.22928183290312,26.879009917166282,-13.180391362045075,3.25129432309489,E3,E3
sky:cloudy+rainy,P-sim,823,8,0.034164671847734085,20.576920178104604,32.95514959631222,-18.344253494322096,53.39376982922675,75.17069557471835,111.02507794796706,214.69301087439754,-0.5065135118377395,0.3508708710491164,12.557432648163305,28.700449488097053,22.57807881291003,41.149978436603,-27.829485503447344,-9.126401523490742,E3,E3
sky:cloudy+rainy,D,823,8,0.5120679195878952,18.594070707402093,23.423480660632254,11.910943796938007,35.74750011133499,38.41921421553889,64.83834928941376,142.55728099500328,0.007846964886355353,0.7018030895223457,13.176506220247736,23.670351410598318,17.719898114233306,28.283665785325745,2.2367027594428066,19.85111695662693,E3,E3
sky:cloudy+rainy,H,823,8,0.1825798124557323,19.12050173774352,30.317572411534112,-13.355019252139847,46.934905736093164,68.8501478510975,105.05827618612435,206.78154703205658,-0.23831022151322076,0.42216602193368485,12.839936733200751,25.748363163903743,20.57000472516433,38.12642811167913,-23.181836495517015,-3.6209643787120265,E3,E3
sky:cloudy+rainy,C,823,8,-2.6890716835612585,58.01214629971647,64.4065877734742,57.033256823815314,99.33895200000003,107.01562733333331,119.70474906666662,151.90131666666667,-7.6361264816781445,-1.063308462996952,45.78204816887906,73.22474670450197,50.70891593789883,79.18269848935279,44.95988797301885,72.27459160256677,E3,E3
sky:cloudy+rainy,S-geo,823,8,0.5526279262421291,17.899492498744433,22.428807282448737,11.613380162818958,31.31482238666671,41.202463633333316,64.70348031999998,131.3381558333333,0.08457425657144232,0.7363183200310031,13.58993862289755,21.85755137647132,17.09299766346729,27.125790991899514,4.011411395386376,17.876627947198013,E3,E3
shade:shaded,A,1495,15,0.2206460523857675,19.449478689001783,26.0127274848299,7.543371237057526,39.93780390386667,48.605290501933325,79.46844353231329,188.6604184473333,-0.1720632318545635,0.42841137790450323,14.461342707743917,24.94451461836887,19.660137444245727,31.78603196337696,-0.11263792264760439,16.08869324648125,E3,E3
shade:shaded,B,1495,15,-1.9718569001837092,37.60449921761427,50.79634547219695,35.99984813712375,89.45656293333334,104.94871499999998,142.50951553999997,179.90179166666667,-4.8199850302962215,-0.45934788471406873,26.977145638931837,48.53802367003004,36.97876777319106,62.44218529448757,24.67743852031737,47.32748619450262,E3,E3
shade:shaded,R,1495,15,0.26288393338878946,18.264747474365098,25.29801583863661,-7.897828629183577,37.09780288198874,48.91297085730965,79.25913282002105,196.5195937948583,0.06426001090643804,0.37118172875884575,14.61187210256938,22.0094263069993,20.512451750084168,29.872222818710345,-15.987859842590247,1.073686021170152,E3,E3
shade:shaded,P-cs,1495,15,-0.027136664566467905,18.56099753658994,29.862945208458417,4.620532083527319,42.28771457902963,61.459126865178554,123.63842278666652,179.90179166666667,-1.7807827918556842,0.6464502870484189,12.290932034266438,27.723636657845265,18.485468779074026,43.267299886364256,-5.707844825035158,16.826738954179067,E3,E3
shade:shaded,P-sim,1495,15,0.034907513156009595,18.904544805394806,28.946961851106213,-12.290086960626404,44.366295941635165,63.427141886632924,92.11652317935973,214.69301087439754,-0.3547605770441409,0.309166695423065,13.539594893289177,24.17911964660022,21.69652353695888,35.31116019504107,-20.243183943209058,-3.407724787100499,E3,E3
shade:shaded,D,1495,15,-0.25390462393392577,23.557564342377628,32.995200622759356,18.560929263214266,47.53321679302053,65.6084818720812,123.38275489859144,177.92660325391094,-2.2729696467598175,0.498140159870755,16.59487001091814,33.111359235973225,22.197631513070892,45.79277025561003,9.244686222418144,29.361533987690425,E3,E3
shade:shaded,H,1495,15,0.18472813582357706,17.65150836258989,26.605397306031772,-8.83381108991739,39.236098824160834,57.904441579446456,87.54201332954976,206.78154703205658,-0.12777400653831272,0.40424045586982216,13.254067242435383,21.93363111721838,19.958310854358285,32.626820137447055,-16.626839234573364,-0.5428389087723149,E3,E3
shade:shaded,C,1495,15,-5.668206781586549,66.28172852463767,76.08920576336493,65.48167951638796,111.64233666666671,131.23006633333333,199.8564746666666,237.83946666666668,-14.28447214508504,-2.270193258193234,52.276770319685575,85.37721969717228,58.17017051396337,97.74885588287475,51.37127351429375,84.67097135464354,E3,E3
shade:shaded,S-geo,1495,15,0.5132205461879458,16.00682912530658,20.558178896600285,9.733695051505018,30.77017008000001,38.14911666333332,57.84425162599995,131.3381558333333,0.21464524162770013,0.6729201252744101,13.35014839325975,18.765218098156524,16.90033501637877,24.18593859557938,4.366970649627064,14.395969416129443,E3,E3
horizontals,A,1402,15,0.22776866614351132,19.463258457409655,26.283146140189693,6.769381468447218,40.23001658116669,50.08659718873338,80.15053766350333,188.6604184473333,-0.1577291202567752,0.4285948996123838,14.273343808819197,25.078571711533087,19.740640237108153,32.13928640253435,-1.2573912053174068,15.628817330834528,E3,E3
horizontals,B,1402,15,-2.041107764894769,38.907865798383256,52.15783368180112,37.26588653067047,91.06286766666668,106.80341473333338,142.90681991,179.90179166666667,-4.976109186265425,-0.4926981352776479,27.675788033543018,50.511791664008,37.83815355873642,64.28017377483339,25.29913576745438,49.00640069901132,E3,E3
horizontals,S,1402,15,-1.1122785218147757,29.796546600095102,43.4689581839883,25.00222895863053,59.16750000000004,93.35520833333347,167.56133333333332,221.92916666666667,-5.129553473958366,0.40978460330037986,19.48222054930842,45.54222399295939,24.885728319371776,63.90615886554952,12.126349346052757,41.912257476123116,E3,E3
horizontals,R,1402,15,0.24463057398812416,18.963906639698596,25.99461211428027,-8.255701476718787,38.39808768415934,50.840297288012295,80.1770802594096,196.5195937948583,0.03840494423315856,0.3531819112193383,15.256167223463853,22.84173255302499,21.02831732896406,30.64192872791378,-16.609308353705547,1.0292499215790945,E3,E3
horizontals,P-cs,1402,15,-0.05309478814327373,19.17218556360868,30.692860945304428,4.804240778430236,43.28931023333334,63.738751566666686,125.80899814666668,179.90179166666667,-1.8687592556042387,0.641306068692514,12.595801226093592,28.972321110760028,18.893067020290115,44.13574134913968,-5.914033729424581,17.6090158135602,E3,E3
horizontals,P-sim,1402,15,0.010102301559059668,19.561527761799383,29.75766136872385,-13.295134874951277,46.3195591965258,65.40447594312091,92.59451718157548,214.69301087439754,-0.4017554228348228,0.29503599616900844,13.879597367356126,25.154661720807365,22.320845100032496,36.32121652772053,-21.507477605802695,-4.163532937038289,E3,E3
horizontals,D,1402,15,-0.2720392731142698,24.04362300894274,33.73291718354516,18.820235323331136,48.73409474576929,67.14429532663361,123.87875489859148,177.92660325391094,-2.347219972336744,0.5009339963064311,16.808039406238244,33.97427327944812,22.464177093993143,46.88249439659644,9.03406995319184,30.248751331581023,E3,E3
horizontals,H,1402,15,0.16488886246587742,18.19515781933189,27.332274767146735,-9.786184301113948,40.51776712185142,59.26229880672986,88.58746084344028,206.78154703205658,-0.1601486056941862,0.3915767611442813,13.515663937302719,22.67915062851708,20.495258056460916,33.56822848153952,-17.916087804651116,-1.1883175047989,E3,E3
horizontals,C,1402,15,-5.521330566001134,66.31121715501664,76.3786095085831,65.45809784878745,111.33572666666669,132.11562066666667,200.7982236666667,237.83946666666668,-14.107534793353546,-2.196790898394705,52.160154874212886,85.82004025293087,58.02238181771643,98.49657503362144,51.09773818743926,85.01796512775745,E3,E3
horizontals,S-geo,1402,15,0.5103423253732745,16.25850456837851,20.929069636340543,9.666757944935807,31.627489443333342,40.13780347333335,58.539045729,131.3381558333333,0.2101150129305037,0.6723588259766927,13.49888432865157,19.131277042882942,17.11984084347931,24.738836891495193,4.1255462675976595,14.47156051552025,E3,E3
overall,A,5038,15,0.39746046578573035,155.38487140105124,228.74512638282923,128.3089738439225,383.60572265640025,484.09499165883256,742.06594104045,881.3700154623334,-0.26245439725382386,0.7422506330569355,101.71614671879327,217.5274621796015,153.7124946321888,295.4752376556055,71.76977366634455,194.65914568060106,E2:P0,E2
overall,B,5038,15,0.3896989162463249,154.89713852219364,230.21369035237993,127.41224815419048,390.23002590000004,488.85623721666644,747.58720711,887.7881103333334,-0.28116797821768696,0.7391507032185384,101.49470265241735,216.83909136953886,154.42320878965745,297.80854322606547,71.11589713607366,193.9745336289093,E2:P0,E2
overall,S,5038,15,0.8924739990544905,57.12553024549654,96.6308551982117,6.569203330053909,134.99041666666668,211.54770833333302,390.12137500000006,795.7833333333333,0.8044430664798624,0.9486733500220985,40.490986442383566,74.46097143226218,66.6816128459656,121.41387550138606,-1.9019216701368575,15.29309685998442,E2:P0,E2
overall,R,5038,15,0.39197357664139265,154.7074521537929,229.784273772463,126.44112846427245,389.48435423534164,488.13064568490756,746.86560063615,887.0803982700434,-0.27650274608821923,0.7401811720037862,101.43298547019769,216.4863949943969,153.93593196303823,297.31354570954403,70.11520296060898,193.0576283381612,E2:P0,E2
overall,P-cs,5038,15,0.8877482213779706,56.56239897861031,98.73149010694029,-15.902160904135046,138.0616791213301,215.8703360070466,395.85812316000545,838.0084030721287,0.7952143273071667,0.9477807741358775,39.20347717222898,75.42014873782898,67.34980085742016,125.42684854420077,-26.776939693111913,-6.468948976800353,E2:P0,E2
overall,P-sim,5038,15,0.8863133518250029,56.624129719036645,99.36050892437517,-17.62658120981565,141.1675470109865,218.99466372490488,398.0869631462377,846.1922017728424,0.7914692005903962,0.9474552611281835,39.028264173645994,75.66979955818131,67.65053909898299,126.27059547876776,-28.610212861690343,-7.944149108684255,E2:P0,E2
overall,D,5038,15,0.8755341347555641,65.49331660017181,103.96429368102963,-3.259562775061314,160.78052788805908,226.45532097700826,392.3119012472208,796.3719565614279,0.7752369176265129,0.9396562015314895,47.07148800254643,85.35676768786296,72.12699513821448,130.65519239619346,-19.662801680717653,15.78068460418631,E2:P0,E2
overall,H,5038,15,0.8720095869109784,67.45621938452406,105.42601635139306,-7.480576340105781,161.2637800863651,229.89394657228374,397.1540273525089,803.4910916553613,0.769378792552406,0.9365931663317747,49.061800362601474,87.40233695330484,73.6403387039929,132.40048147793004,-24.528510461496523,12.7298621647136,E2:P0,E2
overall,S-geo,5038,15,0.8925385126185691,56.68657492577973,96.6018625073035,5.3080349192956735,135.74459165000002,212.2595341733332,389.54084623433334,797.5978133333333,0.804809143944747,0.9488880013209076,39.72397915418207,74.14157603442992,66.60523215348015,121.49378636460195,-3.029629847301814,14.089917246836004,E2:P0,E2
overall,A,5038,15,0.3851321746730966,153.28327663556365,226.6523794932574,129.10921763167866,383.1699104822335,481.72904846205,743.5729727782102,878.813366699,-0.28387354651370256,0.7339424847374936,101.09649521470948,213.93512722483936,152.2626874180825,292.8416620107879,75.77205163516872,192.3633689993967,E2:P1,E2
overall,B,5038,15,0.37062881939650083,155.09275329744955,229.30991060231923,131.2561946319738,388.9613651000001,487.13815674999995,750.5772949600001,886.379777,-0.3147233192439848,0.7279903634470833,102.98448241278984,215.80822363847136,154.3401654904763,296.1458534927078,77.41484759980597,194.70532770228945,E2:P1,E2
overall,S,5038,15,0.8852522612379892,58.26956935263016,97.9132501486033,10.413149807837248,140.18125000000003,211.48354166666647,382.13079166666677,830.775,0.7967012163519163,0.9434422435606656,42.87483423376037,75.4253129919546,68.28720498085659,123.01026370909537,1.9396917349736176,18.917666758717733,E2:P1,E2
overall,R,5038,15,0.3783522346676471,152.78529974289475,227.8985632487096,127.56796219384002,386.92762377396264,485.2991351047044,748.4955975051874,884.260768051458,-0.2993540250773353,0.7321942345088522,100.99007431156821,213.4770839844478,152.82555442235082,294.648408971265,74.30723615526615,190.93286602921697,E2:P1,E2
overall,P-cs,5038,15,0.8806587557862383,57.61166694999182,99.85381900109782,-12.290818683654031,138.00208922092213,213.12189718792644,395.1629964353838,898.7681091389682,0.7865691701809938,0.9435118593003733,41.13173820056512,75.9031824548398,68.27425791631167,127.3778934537435,-23.98860107967665,-2.0750899602588135,E2:P1,E2
overall,P-sim,5038,15,0.8796316804029161,57.560193163154636,100.28257976607382,-15.68082437642808,136.06315521039295,212.5586142122918,395.7858690143665,909.8962966085962,0.7826977519337026,0.9446085555837387,40.69730283461873,76.13367229532645,67.96480825321485,128.20854040415136,-27.578255439916312,-4.824754007226386,E2:P1,E2
overall,D,5038,15,0.8714117456328553,64.49048861887242,103.65017726437875,0.9135172006620409,156.71718300063645,225.38733194793593,384.4185477822165,867.4772189712681,0.7692475493121663,0.9376300944545807,46.34926987973225,84.17875972235443,71.34508370943797,130.8177064278345,-14.679310960007406,17.03477595483384,E2:P1,E2
overall,H,5038,15,0.8690962188751628,65.94941690854307,104.57924314538982,-5.369323162980471,155.24486722515795,227.53793531923856,390.33084616722243,876.201758247407,0.7655682770635113,0.9369919309402869,47.842256993199065,85.7666664791255,71.56259463013626,132.35383164672606,-21.476725500653824,11.594851464188086,E2:P1,E2
overall,S-geo,5038,15,0.8870124525523009,56.756446609325934,97.15936991893653,7.02797719058834,136.06541716333336,211.19620921666657,385.1187457660005,838.170482,0.798220219371643,0.9466229300870392,40.11051102744614,74.2271034570906,66.17246841298399,122.88439444961526,-0.9758331420052578,14.993323770441323,E2:P1,E2
overall,A,5038,15,0.3883868871440058,153.80934718725618,227.61529614006113,129.4534368216071,384.97022827120026,482.65208536761645,744.1426182858402,878.84074707,-0.2794797174541102,0.7391613884553796,100.79362588595417,215.017579263454,152.74920967457496,293.9099385120993,74.89497533854565,193.6075787133962,E2:P3,E2
overall,B,5038,15,0.37644780808861633,154.93250916597913,229.82615699566173,131.18909052895387,391.92335990000004,488.47915316666655,751.0207992300001,886.1547770000001,-0.3046957260925406,0.7339353754171435,101.96334375297658,216.47338010471734,154.093403729079,297.17196618829183,76.89167867101155,195.18354975178954,E2:P3,E2
overall,S,5038,15,0.8890108864145945,57.41585515301102,96.96237431022558,10.346045704817303,135.11749999999998,207.52812499999914,383.5872916666669,818.9833333333331,0.800365402505978,0.947421569915453,41.33366521788884,74.44043863032432,66.5150752010661,122.30502706949653,2.187200900574488,18.39484846191411,E2:P3,E2
overall,R,5038,15,0.3801119240035382,153.86643557080822,229.1499101318804,128.3986745444597,390.9014440649976,487.42009056359404,749.9574020453225,885.0834587930731,-0.2969805471170944,0.7362085569948457,101.04741250337148,215.1298836263961,153.4920236551724,296.41218880483996,73.77784788608244,192.52510032085468,E2:P3,E2
overall,P-cs,5038,15,0.8849578524574514,56.3243727632208,98.7169071344175,-12.023274908836243,136.7549161421357,213.795096728059,394.80629996108826,890.0415829470801,0.7910132903052618,0.9469788432502406,39.71636534407803,74.50272417398396,67.0084515682852,126.0029346890306,-23.106673131929966,-2.197499085504163,E2:P3,E2
overall,P-sim,5038,15,0.8833572429913001,56.47542907762542,99.40127113307437,-15.429064826164277,136.23830678043606,212.04684826472018,393.44530236818,901.4608054254807,0.7866738337085569,0.9463725915167801,39.55562684078115,75.00353065230473,67.49885944945635,126.92860686235488,-26.920286566944398,-5.309728144407481,E2:P3,E2
overall,D,5038,15,0.8746983645465135,63.805331179247574,103.0247145213299,1.109902926178929,156.4481080391281,225.39063016973455,384.9928232649382,841.1305003002157,0.7730402589493446,0.9402661081434895,45.658305454697846,83.55297436162112,70.6801158782635,130.2181960112678,-14.319460299444955,17.61063997515258,E2:P3,E2
overall,H,5038,15,0.8716077082667784,65.4597097774068,104.28756456232053,-5.565248024625995,154.90192335435225,226.36389364967735,392.41182606979686,847.5778426585958,0.7674154250754897,0.9380922797663982,47.506267373851934,85.3550206932615,71.81147841743717,131.6547709917988,-21.770018038401528,12.315352200345718,E2:P3,E2
overall,S-geo,5038,15,0.8895388724338558,56.32897187956918,96.73146964642866,8.30396588345963,134.39842792666667,207.91633815333316,384.00869432400003,822.5152223333331,0.8008325165611416,0.9482957082309065,39.801509809044184,73.6548124426294,66.01606827243113,122.23096640565497,0.20027365703422653,16.226045558211197,E2:P3,E2
overall,A,5038,15,0.3555901027348227,155.64024243459374,228.5749714943454,136.7650436904351,386.7528981524335,483.00264770495,745.6596041263402,879.9696492513333,-0.35203106693342506,0.7191925702133316,102.60031999406506,216.96550166362053,153.78475870223252,295.28149292407653,84.07207826716817,199.45057604259162,E2:P4,E2
overall,B,5038,15,0.3463181458462298,155.69072136657059,230.2135001978316,135.89532772769275,392.84066083333335,488.3865540666661,751.9053472700003,886.3881103333333,-0.37254373174266664,0.7166664231901279,103.71372584641895,216.6952499482028,154.68522731070206,297.5173238743975,83.17331345214816,198.91461098717687,E2:P4,E2
overall,S,5038,15,0.8844141261754987,59.10176517165196,96.8054824265071,15.052282903556163,135.06125000000011,208.56145833333323,379.78116666666693,826.6083333333331,0.7945641907146634,0.9433273854133586,44.68605554800506,75.47977636480853,67.42420419101585,121.40995383948857,6.418604300599133,24.670029976095993,E2:P4,E2
overall,R,5038,15,0.34859457901917523,155.2748246967684,229.81229378262796,135.15592008799428,392.1734726330609,487.70411744085294,751.2725945113647,885.7584253394934,-0.3684354072435171,0.7183041671484318,103.31652264880825,216.18078109778713,154.2725033901977,297.08040594808136,82.45264201131991,198.1439788939465,E2:P4,E2
overall,P-cs,5038,15,0.8827915240801858,56.55073564246195,97.48259523288186,-7.06386058480347,134.80891365664365,208.36236116259326,389.3198947349082,891.7964248904148,0.7898617337617028,0.9452787527933528,39.7008167610765,74.21784180773614,65.64798796530356,124.27724734036994,-19.05564505016509,3.8125848535919364,E2:P4,E2
overall,P-sim,5038,15,0.8820982981896747,56.09592736829066,97.77044912556016,-8.772155345739838,133.22388769033586,208.0808224097032,389.6191035813843,902.3624875579942,0.7872966820972909,0.9455406102879449,38.89737383542287,74.308076175248,65.52021853055638,125.06682907386853,-21.312265596766306,2.65966941344634,E2:P4,E2
overall,D,5038,15,0.8729671454215853,61.86291404586791,101.48587533533424,6.208223055899272,154.90735988509633,219.1685676546023,380.6468057309602,854.856379400119,0.7704990246883373,0.9400213963179146,42.384984449376546,82.23294227518669,68.83634226563268,128.92103881688064,-8.793747198770152,21.647703448318254,E2:P4,E2
overall,H,5038,15,0.872177187549794,62.66092327873247,101.80093287745879,2.066816887618684,153.90410050790064,222.01965135456908,385.6671491348619,861.885840244365,0.7668277184975653,0.9407971133702716,43.11740317343275,83.30788175766932,68.51705526987264,129.7221560354446,-13.249947152569288,18.163123974398545,E2:P4,E2
overall,S-geo,5038,15,0.8850110263167636,58.47749114729044,96.55520098024601,14.041235536466043,134.8956427466667,208.16076687166628,381.1417045693334,828.660599333333,0.7949594094702819,0.9440541063429795,43.97640285083635,74.85100047191402,66.76015878657681,121.27938227979413,5.712516975350932,23.08901724872118,E2:P4,E2
overall,A,5038,15,0.38622576149682175,154.16110680409835,227.0420439101408,127.23943404786928,383.89495930963335,479.8269576010832,743.0862204994567,879.1512898763333,-0.29013523031618427,0.7355204458825976,102.76108520550119,214.17836730597787,152.50600178130534,293.3445269961322,74.57464305014783,190.69342814859763,E2:P5,E2
overall,B,5038,15,0.36899741280968035,157.26637348242633,230.20647226648646,132.51808387517474,390.13769906666676,487.0693316499997,750.6860139366669,886.6896853333333,-0.32751171957406233,0.726606661556696,105.9568216296552,217.54267663227597,155.12070310615724,297.2707385921783,79.07416390503793,196.90633962053795,E2:P5,E2
overall,S,5038,15,0.8860336968963218,58.91900987279286,97.8340855513053,11.675039051038198,137.69583333333338,209.1391666666666,388.72833333333335,792.125,0.7971776845388011,0.9438584265851443,43.77041113033509,75.76853992838298,68.31241085323475,123.02675767149218,3.696440300981975,19.965147576842085,E2:P5,E2
overall,R,5038,15,0.378187511213545,154.55394094410553,228.52392776622432,126.17503877229186,387.7342513515159,484.7566336004196,748.0196913831402,883.9967558191872,-0.3073065330618657,0.7323123966867126,103.44490775285247,214.20924470470288,153.35603591689338,295.4978671416677,73.56988234730073,189.93902918526965,E2:P5,E2
overall,P-cs,5038,15,0.8825834428990034,58.23698411979145,99.30397444598223,-10.584106223746137,136.73819003064054,212.6894800285453,388.825605014826,862.6667651377738,0.7897611464919698,0.944208174096857,42.291906925994404,75.71376196087678,67.81799582618756,126.44696399011606,-21.59033659110621,-0.5311719362358924,E2:P5,E2
overall,P-sim,5038,15,0.8807207452691994,58.54753092636319,100.08855474587698,-16.060993128940428,137.13834232786377,213.68771322703896,388.8675528137069,874.4630966677696,0.7853391867499908,0.9441112494482903,41.74083853778132,76.72971939917572,67.98065272715994,127.6894172268613,-27.372806637667033,-5.3624244393153875,E2:P5,E2
overall,D,5038,15,0.872372149364155,65.36750947531633,103.53201996763391,2.7599596978299337,156.50500691360546,223.60344606602695,395.75434769783345,794.9584728818799,0.7713603713838101,0.9380276956689749,47.80942152518966,84.31824161879761,71.66577799552522,130.67825872667686,-12.27379284197023,18.99494224258514,E2:P5,E2
overall,H,5038,15,0.8693382052294709,66.63157723132996,104.75536379264572,-6.7903279044894695,155.46940490148305,224.98299576326522,392.24087576913536,805.6526321580665,0.7668769305093539,0.9364015181186203,48.746420057800194,85.8230443320274,72.3933397984702,132.25251255613958,-22.44070963003578,10.266181834446405,E2:P5,E2
overall,S-geo,5038,15,0.8879129441987991,57.039683810248206,97.02411511594599,7.108734815210491,134.47341004333336,208.45526477999957,386.0865300866669,801.478029,0.8000127133680887,0.9464154606464897,40.70337486184401,73.98935197664908,66.15563436530783,122.50817725340539,-0.8421816636564498,14.986011525917169,E2:P5,E2
overall,A,5038,15,0.3771893293496478,154.3590563421752,227.06110550001318,131.43348485801215,383.2181009930668,481.9495115148665,742.2111517333801,879.8246582029999,-0.3022356878552266,0.7324880895948893,101.2222351616837,215.21728917965572,152.56699434196057,293.2940904071049,77.76576734113047,195.07840485186344,E2:P6,E2
overall,B,5038,15,0.3686509548335951,154.1263499415457,228.61224558352464,130.51101405508282,388.7457481333334,486.036762483333,748.2258056033334,886.192277,-0.3197947208234125,0.7284902014596752,101.4235792972734,214.7512811656363,153.27627532791942,295.80069065927137,76.8128811137717,194.3391714698575,E2:P6,E2
overall,S,5038,15,0.88792719063846,57.355072248016526,96.31964093641713,9.66796923094626,135.03166666666664,207.4581249999999,382.9568333333335,805.6125,0.7984822477892115,0.946263642283573,42.03566715409798,74.03453273158844,66.35000093046567,121.29441860332663,1.7119088866214702,17.91504454651358,E2:P6,E2
overall,R,5038,15,0.371730120586899,153.64921462425045,228.05407938667634,129.4659467441173,387.74950456835234,485.05709734832845,747.2170517110103,885.1815361724459,-0.3135552672689391,0.7303254992120883,101.02980700544948,214.0963050250236,152.80777211009047,295.16924310000064,75.76545407916397,193.2726750886446,E2:P6,E2
overall,P-cs,5038,15,0.8833588509027482,56.70515170063397,98.26313602718507,-12.711515699623186,136.1252966353147,211.99307236332052,385.6534060225473,871.782077072877,0.790409283637356,0.9450863237450264,39.40263715597679,74.80837935658049,66.59135271439813,124.97571398103737,-23.66215774805041,-2.7364267585708624,E2:P6,E2
overall,P-sim,5038,15,0.8823302893438332,56.51250722106326,98.69543564761494,-14.382797980730743,135.58514266415258,213.34889523470184,386.4350713793821,882.2427874978587,0.7870740697192788,0.9456998128034856,38.96223239953387,75.35797290024198,66.60937604004044,125.9105128531724,-25.67393895054961,-3.858627821907829,E2:P6,E2
overall,D,5038,15,0.8736377547036165,63.619516759106325,102.27591950698083,0.0934305315080779,155.38182542070206,221.4694450992366,386.1724431893609,834.0580798571066,0.7719477498193302,0.9395258271690875,45.021423546615154,83.66343700910866,70.33200847810824,129.37575948170476,-15.171664218061613,16.29548803255969,E2:P6,E2
overall,H,5038,15,0.8716473302544341,65.09177962703004,103.07828372423785,-3.9496549909919487,154.72518758745986,223.79587029770587,384.7883409478503,841.2793122971084,0.7684003950413195,0.938552449091682,46.66442627851391,84.92351053277862,70.65729303592347,130.5468989875876,-19.430857628398012,13.099095534741151,E2:P6,E2
overall,S-geo,5038,15,0.8882241217052668,56.70232988086025,96.1919593748302,8.172982249326571,133.96064108333331,206.0762426149995,383.93048334966693,809.033283,0.7991804481120701,0.9467831340463801,40.93394390701796,73.4441563953946,66.06037797569901,121.34301451445103,0.4733614005435692,16.160127795143147,E2:P6,E2
overall,A,5038,15,0.38951327254210066,151.8523328859082,226.80589915284293,128.21452324132053,384.51663981106674,481.8231424968665,744.6650390630001,878.8991129556666,-0.2762778471517734,0.7401466180047853,99.0863124307587,212.50909986300206,151.8406175450112,293.0952725990211,74.42009278230285,191.72067552372127,E2:P7,E2
overall,B,5038,15,0.37239107684722383,155.10510265424514,229.96449438856567,133.2033709110931,391.1048514333334,487.93709858333324,752.00945073,886.6589436666667,-0.31264666244383427,0.7311597823198784,102.28654764942296,216.28663222641597,154.40415504404427,297.1610840952404,79.21141370046877,197.4279881151931,E2:P7,E2
overall,S,5038,15,0.8882860928957035,58.743793402028636,97.02191750613528,12.360326086956524,138.2229166666667,209.98374999999962,386.14158333333336,774.7583333333334,0.8003039418159467,0.9455631095260458,43.87217321802122,75.6748428654376,67.49306730346713,121.76964546559242,4.173535088363291,20.971262379765264,E2:P7,E2
overall,R,5038,15,0.3822505372866236,151.9970407978799,228.15102340151265,126.92584295265189,388.5038809990161,485.56719854251116,749.263663534969,883.8471962088076,-0.2916864001347049,0.7375932519695476,99.27682732273252,212.41718568725716,152.69484960782637,295.1882897934042,73.296181669361,190.74718198529447,E2:P7,E2
overall,P-cs,5038,15,0.8861823269366624,55.86873261203643,97.93120182419385,-9.887773573596682,135.2605059440749,212.8674730890592,389.16772918331725,816.643145768151,0.7938715505309772,0.94680205301361,38.913142727880576,73.92020552430452,66.40817880493425,124.90528840411544,-20.392882661639494,-0.613296578707143,E2:P7,E2
overall,P-sim,5038,15,0.8847016196236102,56.03698006202393,98.56615977246065,-15.260539546684406,135.7190536562981,213.30096801585015,386.0570808117657,825.5820990938543,0.7900559462697726,0.9465134783122169,38.429454047696275,74.56741999584627,66.63725199094924,126.15380737016739,-26.184736671903327,-5.5665205148440995,E2:P7,E2
overall,D,5038,15,0.8759790450130716,63.400536759532926,102.22656515678892,3.47265783079237,155.27489295664336,225.69397688394648,385.55616532942435,777.8563068196197,0.7755464835015695,0.9410300173967211,44.969385518756,82.97295850565644,70.29318364929551,129.31768458999713,-10.868088498520482,19.057423221062425,E2:P7,E2
overall,H,5038,15,0.8732658353607434,64.77968157753398,103.33872200449281,-5.805129860132144,156.0489757395763,227.8106524414726,389.56111450364045,785.8306326588399,0.7702014231661862,0.9392449493007836,46.773587954299515,84.4158298001097,70.93647895300155,130.78018991433103,-21.339516774739685,11.204329659405685,E2:P7,E2
overall,S-geo,5038,15,0.8902815295362482,56.59835442651587,96.15150920403347,7.5867760727643825,136.06448614,208.62099230666647,389.2919542950002,780.7071918333334,0.8023086034323819,0.9478552856591432,40.727293873503704,73.37306303001145,65.94562888444966,121.33077500229022,-0.600715075311324,15.816951700755906,E2:P7,E2
overall,A,5038,15,0.39211429757162597,153.8289747647128,227.20634478333355,129.7932906681328,381.54232665990014,480.7188714602992,743.6468894856936,879.865722656,-0.2757936040102523,0.7410641609881303,100.74936131512399,215.64469793619304,152.29086588032354,293.714420054362,75.26975475750855,194.66514703771998,E2:P8,E2
overall,B,5038,15,0.3849446409206858,153.09790917526507,228.5423001632146,128.51544134967293,387.8171323666667,486.4019623833334,749.8139242300002,886.017277,-0.29110676910341293,0.737735943132337,99.9864205937315,214.98392264151587,152.78054052240572,295.8268898189815,73.84263614480129,193.44115986151937,E2:P8,E2
overall,S,5038,15,0.8903760491725339,57.30856994091283,96.48553638109907,7.672396525536361,136.21666666666667,210.42104166666635,386.4098750000001,783.9000000000001,0.802488766520673,0.9475232001836292,41.34241970709826,74.4851877059549,66.60351169058211,121.23559965024292,-0.535579486227694,16.323126384203043,E2:P8,E2
overall,R,5038,15,0.38676107785451996,152.82777680208542,228.20457476657447,127.88945173413862,387.24177288583434,485.80004264262914,749.2785670904251,885.491438942228,-0.28734151032998845,0.738625147864064,99.91568276626698,214.60972709284397,152.43822835126238,295.4534279367875,73.2128845043337,192.81621923106658,E2:P8,E2
overall,P-cs,5038,15,0.8855049713400787,56.33168640766012,98.60587826501686,-14.836273551843057,136.26111971715468,219.509365328986,384.62808940850573,827.2703975525857,0.7925603247086108,0.9467425874554941,38.61618034294925,75.10660358213885,66.99331504088205,125.26438085888012,-25.64484885413638,-5.171907530437429,E2:P8,E2
overall,P-sim,5038,15,0.8841417229755766,56.457203936794976,99.19117237666481,-16.25388399394627,137.70049007771684,219.89890544903983,387.1806044814478,837.5779343849772,0.7888924958428405,0.946417480563459,38.615504307056526,75.70668156070263,67.4414943627791,126.3469071748775,-27.3027392736395,-6.18867824525519,E2:P8,E2
overall,D,5038,15,0.8751873217559129,64.17999284567831,102.95296100479777,-2.105178573917578,158.48706114744314,225.43903911833178,386.72158890865035,789.2976011970395,0.7742218681025022,0.9403178097050968,45.48627460527049,84.3077824795769,70.98158528424682,130.08077141708378,-17.60195421642644,15.242447907225387,E2:P8,E2
overall,H,5038,15,0.8722700445558929,65.98473335726516,104.1491838226165,-5.813871153199349,157.21137156435822,226.38103082667445,390.6169281452101,795.6233058454163,0.7695426569990818,0.9378026077310118,47.5039003762866,86.15535844957644,72.02028293648824,131.4021043182919,-21.718469972433688,12.334075972435658,E2:P8,E2
overall,S-geo,5038,15,0.8905247343032988,56.836913120534376,96.42008155933841,6.811648447291027,136.6422165366667,210.8993689233332,387.297248907,784.9102240000001,0.8027555927250194,0.9475421884520226,40.48792166399772,73.90088132453731,66.32963525319732,121.17905513494821,-1.2483409233429186,15.10286847247089,E2:P8,E2
overall,A,5038,15,0.0035474172763088063,222.1826449365906,318.0564457789759,197.24918788753348,540.5417183427334,662.0285852047982,875.4978919271135,987.483728027,-0.9342732332012307,0.47540872348437163,146.94965302614426,301.7625061963319,237.79011672191814,390.42295423544,119.91658440584261,282.4908749780516,E2:Pinc,E2
overall,B,5038,15,0.38411917025101194,186.6651814379067,250.04848409443665,119.21297829353723,409.9907448333334,504.1047670833332,754.2395590533333,889.129777,-0.19372909241639957,0.6811355520075526,141.73319340303408,238.4720295135822,184.9874096322009,312.05204676246797,51.907698111645765,192.55191200330526,E2:Pinc,E2
overall,R,5038,15,0.07395631066213404,212.85933090116092,306.6137460481975,179.24120364986638,519.9453751174512,642.3333661575917,856.1723375927196,968.5177493492411,-0.8002757107709393,0.5175277418168756,139.52152803679274,289.3828438293622,227.23023072070816,377.6320775756618,102.79205554171232,264.00492901047517,E2:Pinc,E2
overall,P-cs,5038,15,0.8195840410244164,82.79806273358146,135.33600690300844,-24.020829745748774,222.91280956666685,287.9394911833333,529.4143184501344,1015.7183407139871,0.7288397533070522,0.8942631346678006,63.03989645730159,105.42805654573432,102.82411753299729,163.73482361984924,-55.18211518178474,-0.12531641133754698,E2:Pinc,E2
overall,P-sim,5038,15,0.8631016344579002,74.70886793871279,117.88946977947809,18.0615096016716,164.3842542917568,237.98401705062543,453.3293910786413,946.0849974567408,0.7728687781652887,0.9237908870876985,57.81730631193777,92.58549350898456,88.98678228253073,143.0091869042418,1.3129645257368907,35.85471801334335,E2:Pinc,E2
overall,D,5038,15,0.8024692367762383,92.06653051087753,141.6097818609281,-11.733555091004282,244.78058395853174,307.1359170901635,512.9046565337521,984.246711827718,0.7010551881874102,0.884419438990099,69.99072988365153,116.6452081699248,107.06227016253276,171.42517548501908,-48.50021040989881,17.389279003624193,E2:Pinc,E2
overall,H,5038,15,0.8150548488306193,96.29115944708869,137.024226040088,38.47465317374683,209.99356871365885,284.374544577707,446.6937168492772,835.9048497437157,0.6853699293432195,0.890165970977913,73.9343009223563,118.8425634835113,107.70118193048111,162.20380500984515,11.249560364285852,68.80092480925079,E2:Pinc,E2
overall,S-geo,5038,15,0.8833692574000127,58.511229850550606,108.81340570596664,5.455922612771059,143.2771349833334,222.90028478833327,442.37846683200036,982.6753158333333,0.7953424641685285,0.9458847087177862,39.74552069092695,78.22145606696328,73.53703410408568,137.2628267865808,-2.546976514485517,13.155873390546596,E2:Pinc,E2
overall,A,20152,15,0.38732678631856465,153.27651587820662,227.0291995318593,128.5041529356189,384.4366634117333,481.7252593995501,744.5540482173203,879.1512898763333,-0.28407524542389434,0.7372134732745083,100.92944902992298,214.10153999943637,152.46381623882806,293.2237486102286,74.80630191445313,192.19818120842675,E2:shaded,E2
overall,B,20152,15,0.3721331907696971,155.59918465002502,229.82699259040888,132.04168498679886,390.8404776333336,487.7021679500003,751.4533578800003,886.6896853333333,-0.3168231771256414,0.7305208225217252,103.33083885282826,216.6136826079868,154.577692371615,296.99977235030866,78.03317231324252,196.2871315059859,E2:shaded,E2
overall,S,20152,15,0.8871541166567499,58.33705694511567,97.43391011188905,11.198640162662318,137.83458333333346,209.93125000000003,386.59020833333454,830.775,0.7987662589390184,0.9451399103668593,43.00513896767533,75.40094362235617,67.71514750609488,122.41884039959217,3.051985559223239,19.369520350796662,E2:shaded,E2
overall,R,20152,15,0.37973562420532025,153.30067926392212,228.43134170092281,127.26687961581086,388.6631924447018,485.51360422573646,749.0997475820982,885.0834587930731,-0.3003370943614499,0.7342497011509251,101.07495488183248,213.98044094742264,153.0869429447336,295.50373507738493,73.62220918145398,191.03699711536757,E2:shaded,E2
overall,P-cs,20152,15,0.883605471277279,57.01043911126011,98.95404559035029,-11.196493347458272,136.93966639253563,213.22092143559163,392.8264887725219,898.7681091389682,0.7902959695874425,0.9455453437732219,40.54196947032389,74.85651768497681,67.31046753086873,126.31604013105107,-22.25406286695754,-1.3591632960091413,E2:shaded,E2
overall,P-sim,20152,15,0.8821118854168207,57.155033307291795,99.5869157455167,-15.607855469554297,136.14070035005358,213.03676507959477,393.44127087414006,909.8962966085962,0.7859954672838587,0.9455418747373557,40.17976655720268,75.65950792764843,67.58117565132015,127.27490560467075,-26.96889407413741,-5.298035173644399,E2:shaded,E2
overall,D,20152,15,0.8736235542813713,64.26596650824231,103.10989384083423,2.064009413865818,156.23784538351816,225.34685198699066,388.72484893202926,867.4772189712681,0.7721506931537432,0.9393883766021524,46.311383205838204,83.69835450167851,71.03982430928906,130.27950893590358,-13.059024278145461,18.135750164545055,E2:shaded,E2
overall,H,20152,15,0.8708340427263841,65.70509637370344,104.24165665420678,-5.882507238057019,155.33225181288006,226.33842460559643,391.85082374899895,876.201758247407,0.767401499359073,0.9376641158462711,47.69479757259098,85.40302280331974,71.74276321738823,131.7695435629752,-21.89476373064383,11.320277971892507,E2:shaded,E2
overall,S-geo,20152,15,0.8886927319770636,56.68086418141479,96.76739122665286,7.506863490505711,135.4152754466667,209.32212114000012,387.0541338196669,838.170482,0.8000685770197533,0.9473961702403111,40.267635495403475,73.60697532629712,66.03229396213543,122.3095822152785,-0.4906580833895512,15.45413399673775,E2:shaded,E2
sensor:P1,A,5038,15,0.3851321746730966,153.28327663556365,226.6523794932574,129.10921763167866,383.1699104822335,481.72904846205,743.5729727782102,878.813366699,-0.28387354651370256,0.7339424847374936,101.09649521470948,213.93512722483936,152.2626874180825,292.8416620107879,75.77205163516872,192.3633689993967,E2:shaded,E2
sensor:P1,B,5038,15,0.37062881939650083,155.09275329744955,229.30991060231923,131.2561946319738,388.9613651000001,487.13815674999995,750.5772949600001,886.379777,-0.3147233192439848,0.7279903634470833,102.98448241278984,215.80822363847136,154.3401654904763,296.1458534927078,77.41484759980597,194.70532770228945,E2:shaded,E2
sensor:P1,S,5038,15,0.8852522612379892,58.26956935263016,97.9132501486033,10.413149807837248,140.18125000000003,211.48354166666647,382.13079166666677,830.775,0.7967012163519163,0.9434422435606656,42.87483423376037,75.4253129919546,68.28720498085659,123.01026370909537,1.9396917349736176,18.917666758717733,E2:shaded,E2
sensor:P1,R,5038,15,0.3783522346676471,152.78529974289475,227.8985632487096,127.56796219384002,386.92762377396264,485.2991351047044,748.4955975051874,884.260768051458,-0.2993540250773353,0.7321942345088522,100.99007431156821,213.4770839844478,152.82555442235082,294.648408971265,74.30723615526615,190.93286602921697,E2:shaded,E2
sensor:P1,P-cs,5038,15,0.8806587557862383,57.61166694999182,99.85381900109782,-12.290818683654031,138.00208922092213,213.12189718792644,395.1629964353838,898.7681091389682,0.7865691701809938,0.9435118593003733,41.13173820056512,75.9031824548398,68.27425791631167,127.3778934537435,-23.98860107967665,-2.0750899602588135,E2:shaded,E2
sensor:P1,P-sim,5038,15,0.8796316804029161,57.560193163154636,100.28257976607382,-15.68082437642808,136.06315521039295,212.5586142122918,395.7858690143665,909.8962966085962,0.7826977519337026,0.9446085555837387,40.69730283461873,76.13367229532645,67.96480825321485,128.20854040415136,-27.578255439916312,-4.824754007226386,E2:shaded,E2
sensor:P1,D,5038,15,0.8714117456328553,64.49048861887242,103.65017726437875,0.9135172006620409,156.71718300063645,225.38733194793593,384.4185477822165,867.4772189712681,0.7692475493121663,0.9376300944545807,46.34926987973225,84.17875972235443,71.34508370943797,130.8177064278345,-14.679310960007406,17.03477595483384,E2:shaded,E2
sensor:P1,H,5038,15,0.8690962188751628,65.94941690854307,104.57924314538982,-5.369323162980471,155.24486722515795,227.53793531923856,390.33084616722243,876.201758247407,0.7655682770635113,0.9369919309402869,47.842256993199065,85.7666664791255,71.56259463013626,132.35383164672606,-21.476725500653824,11.594851464188086,E2:shaded,E2
sensor:P1,S-geo,5038,15,0.8870124525523009,56.756446609325934,97.15936991893653,7.02797719058834,136.06541716333336,211.19620921666657,385.1187457660005,838.170482,0.798220219371643,0.9466229300870392,40.11051102744614,74.2271034570906,66.17246841298399,122.88439444961526,-0.9758331420052578,14.993323770441323,E2:shaded,E2
sensor:P3,A,5038,15,0.3883868871440058,153.80934718725618,227.61529614006113,129.4534368216071,384.97022827120026,482.65208536761645,744.1426182858402,878.84074707,-0.2794797174541102,0.7391613884553796,100.79362588595417,215.017579263454,152.74920967457496,293.9099385120993,74.89497533854565,193.6075787133962,E2:shaded,E2
sensor:P3,B,5038,15,0.37644780808861633,154.93250916597913,229.82615699566173,131.18909052895387,391.92335990000004,488.47915316666655,751.0207992300001,886.1547770000001,-0.3046957260925406,0.7339353754171435,101.96334375297658,216.47338010471734,154.093403729079,297.17196618829183,76.89167867101155,195.18354975178954,E2:shaded,E2
sensor:P3,S,5038,15,0.8890108864145945,57.41585515301102,96.96237431022558,10.346045704817303,135.11749999999998,207.52812499999914,383.5872916666669,818.9833333333331,0.800365402505978,0.947421569915453,41.33366521788884,74.44043863032432,66.5150752010661,122.30502706949653,2.187200900574488,18.39484846191411,E2:shaded,E2
sensor:P3,R,5038,15,0.3801119240035382,153.86643557080822,229.1499101318804,128.3986745444597,390.9014440649976,487.42009056359404,749.9574020453225,885.0834587930731,-0.2969805471170944,0.7362085569948457,101.04741250337148,215.1298836263961,153.4920236551724,296.41218880483996,73.77784788608244,192.52510032085468,E2:shaded,E2
sensor:P3,P-cs,5038,15,0.8849578524574514,56.3243727632208,98.7169071344175,-12.023274908836243,136.7549161421357,213.795096728059,394.80629996108826,890.0415829470801,0.7910132903052618,0.9469788432502406,39.71636534407803,74.50272417398396,67.0084515682852,126.0029346890306,-23.106673131929966,-2.197499085504163,E2:shaded,E2
sensor:P3,P-sim,5038,15,0.8833572429913001,56.47542907762542,99.40127113307437,-15.429064826164277,136.23830678043606,212.04684826472018,393.44530236818,901.4608054254807,0.7866738337085569,0.9463725915167801,39.55562684078115,75.00353065230473,67.49885944945635,126.92860686235488,-26.920286566944398,-5.309728144407481,E2:shaded,E2
sensor:P3,D,5038,15,0.8746983645465135,63.805331179247574,103.0247145213299,1.109902926178929,156.4481080391281,225.39063016973455,384.9928232649382,841.1305003002157,0.7730402589493446,0.9402661081434895,45.658305454697846,83.55297436162112,70.6801158782635,130.2181960112678,-14.319460299444955,17.61063997515258,E2:shaded,E2
sensor:P3,H,5038,15,0.8716077082667784,65.4597097774068,104.28756456232053,-5.565248024625995,154.90192335435225,226.36389364967735,392.41182606979686,847.5778426585958,0.7674154250754897,0.9380922797663982,47.506267373851934,85.3550206932615,71.81147841743717,131.6547709917988,-21.770018038401528,12.315352200345718,E2:shaded,E2
sensor:P3,S-geo,5038,15,0.8895388724338558,56.32897187956918,96.73146964642866,8.30396588345963,134.39842792666667,207.91633815333316,384.00869432400003,822.5152223333331,0.8008325165611416,0.9482957082309065,39.801509809044184,73.6548124426294,66.01606827243113,122.23096640565497,0.20027365703422653,16.226045558211197,E2:shaded,E2
sensor:P5,A,5038,15,0.38622576149682175,154.16110680409835,227.0420439101408,127.23943404786928,383.89495930963335,479.8269576010832,743.0862204994567,879.1512898763333,-0.29013523031618427,0.7355204458825976,102.76108520550119,214.17836730597787,152.50600178130534,293.3445269961322,74.57464305014783,190.69342814859763,E2:shaded,E2
sensor:P5,B,5038,15,0.36899741280968035,157.26637348242633,230.20647226648646,132.51808387517474,390.13769906666676,487.0693316499997,750.6860139366669,886.6896853333333,-0.32751171957406233,0.726606661556696,105.9568216296552,217.54267663227597,155.12070310615724,297.2707385921783,79.07416390503793,196.90633962053795,E2:shaded,E2
sensor:P5,S,5038,15,0.8860336968963218,58.91900987279286,97.8340855513053,11.675039051038198,137.69583333333338,209.1391666666666,388.72833333333335,792.125,0.7971776845388011,0.9438584265851443,43.77041113033509,75.76853992838298,68.31241085323475,123.02675767149218,3.696440300981975,19.965147576842085,E2:shaded,E2
sensor:P5,R,5038,15,0.378187511213545,154.55394094410553,228.52392776622432,126.17503877229186,387.7342513515159,484.7566336004196,748.0196913831402,883.9967558191872,-0.3073065330618657,0.7323123966867126,103.44490775285247,214.20924470470288,153.35603591689338,295.4978671416677,73.56988234730073,189.93902918526965,E2:shaded,E2
sensor:P5,P-cs,5038,15,0.8825834428990034,58.23698411979145,99.30397444598223,-10.584106223746137,136.73819003064054,212.6894800285453,388.825605014826,862.6667651377738,0.7897611464919698,0.944208174096857,42.291906925994404,75.71376196087678,67.81799582618756,126.44696399011606,-21.59033659110621,-0.5311719362358924,E2:shaded,E2
sensor:P5,P-sim,5038,15,0.8807207452691994,58.54753092636319,100.08855474587698,-16.060993128940428,137.13834232786377,213.68771322703896,388.8675528137069,874.4630966677696,0.7853391867499908,0.9441112494482903,41.74083853778132,76.72971939917572,67.98065272715994,127.6894172268613,-27.372806637667033,-5.3624244393153875,E2:shaded,E2
sensor:P5,D,5038,15,0.872372149364155,65.36750947531633,103.53201996763391,2.7599596978299337,156.50500691360546,223.60344606602695,395.75434769783345,794.9584728818799,0.7713603713838101,0.9380276956689749,47.80942152518966,84.31824161879761,71.66577799552522,130.67825872667686,-12.27379284197023,18.99494224258514,E2:shaded,E2
sensor:P5,H,5038,15,0.8693382052294709,66.63157723132996,104.75536379264572,-6.7903279044894695,155.46940490148305,224.98299576326522,392.24087576913536,805.6526321580665,0.7668769305093539,0.9364015181186203,48.746420057800194,85.8230443320274,72.3933397984702,132.25251255613958,-22.44070963003578,10.266181834446405,E2:shaded,E2
sensor:P5,S-geo,5038,15,0.8879129441987991,57.039683810248206,97.02411511594599,7.108734815210491,134.47341004333336,208.45526477999957,386.0865300866669,801.478029,0.8000127133680887,0.9464154606464897,40.70337486184401,73.98935197664908,66.15563436530783,122.50817725340539,-0.8421816636564498,14.986011525917169,E2:shaded,E2
sensor:P7,A,5038,15,0.38951327254210066,151.8523328859082,226.80589915284293,128.21452324132053,384.51663981106674,481.8231424968665,744.6650390630001,878.8991129556666,-0.2762778471517734,0.7401466180047853,99.0863124307587,212.50909986300206,151.8406175450112,293.0952725990211,74.42009278230285,191.72067552372127,E2:shaded,E2
sensor:P7,B,5038,15,0.37239107684722383,155.10510265424514,229.96449438856567,133.2033709110931,391.1048514333334,487.93709858333324,752.00945073,886.6589436666667,-0.31264666244383427,0.7311597823198784,102.28654764942296,216.28663222641597,154.40415504404427,297.1610840952404,79.21141370046877,197.4279881151931,E2:shaded,E2
sensor:P7,S,5038,15,0.8882860928957035,58.743793402028636,97.02191750613528,12.360326086956524,138.2229166666667,209.98374999999962,386.14158333333336,774.7583333333334,0.8003039418159467,0.9455631095260458,43.87217321802122,75.6748428654376,67.49306730346713,121.76964546559242,4.173535088363291,20.971262379765264,E2:shaded,E2
sensor:P7,R,5038,15,0.3822505372866236,151.9970407978799,228.15102340151265,126.92584295265189,388.5038809990161,485.56719854251116,749.263663534969,883.8471962088076,-0.2916864001347049,0.7375932519695476,99.27682732273252,212.41718568725716,152.69484960782637,295.1882897934042,73.296181669361,190.74718198529447,E2:shaded,E2
sensor:P7,P-cs,5038,15,0.8861823269366624,55.86873261203643,97.93120182419385,-9.887773573596682,135.2605059440749,212.8674730890592,389.16772918331725,816.643145768151,0.7938715505309772,0.94680205301361,38.913142727880576,73.92020552430452,66.40817880493425,124.90528840411544,-20.392882661639494,-0.613296578707143,E2:shaded,E2
sensor:P7,P-sim,5038,15,0.8847016196236102,56.03698006202393,98.56615977246065,-15.260539546684406,135.7190536562981,213.30096801585015,386.0570808117657,825.5820990938543,0.7900559462697726,0.9465134783122169,38.429454047696275,74.56741999584627,66.63725199094924,126.15380737016739,-26.184736671903327,-5.5665205148440995,E2:shaded,E2
sensor:P7,D,5038,15,0.8759790450130716,63.400536759532926,102.22656515678892,3.47265783079237,155.27489295664336,225.69397688394648,385.55616532942435,777.8563068196197,0.7755464835015695,0.9410300173967211,44.969385518756,82.97295850565644,70.29318364929551,129.31768458999713,-10.868088498520482,19.057423221062425,E2:shaded,E2
sensor:P7,H,5038,15,0.8732658353607434,64.77968157753398,103.33872200449281,-5.805129860132144,156.0489757395763,227.8106524414726,389.56111450364045,785.8306326588399,0.7702014231661862,0.9392449493007836,46.773587954299515,84.4158298001097,70.93647895300155,130.78018991433103,-21.339516774739685,11.204329659405685,E2:shaded,E2
sensor:P7,S-geo,5038,15,0.8902815295362482,56.59835442651587,96.15150920403347,7.5867760727643825,136.06448614,208.62099230666647,389.2919542950002,780.7071918333334,0.8023086034323819,0.9478552856591432,40.727293873503704,73.37306303001145,65.94562888444966,121.33077500229022,-0.600715075311324,15.816951700755906,E2:shaded,E2
sky:sunny,A,4496,3,0.9796258939397776,22.644205102608467,39.39867064155194,4.424887977947434,36.692173258166605,49.012819417083364,201.30142435666758,412.4393107096667,0.9614257318355994,0.9934536344000413,18.18886191665989,28.643838991571464,22.769430755107592,57.30545610757838,-15.024517640205268,17.319895314330804,E2:shaded,E2
sky:sunny,B,4496,3,0.9758435482539624,25.8054022448102,42.900154721751086,7.563404771055755,45.16810083333331,64.83685399999999,196.89822033333581,416.89147066666663,0.958668326661199,0.9908248621109869,21.542490550042412,32.449111418269275,26.956179837494172,59.31828960817411,-9.056080735449735,19.696527842239174,E2:shaded,E2
sky:sunny,S,4496,3,0.9725258218758869,29.234994995551602,45.75142674365349,11.848549636714116,47.36875,90.34583333333333,208.4152083333338,402.40416666666664,0.9584605250521566,0.9913151903205175,22.272577396098416,34.697591145833286,26.226008524647746,59.46721875347967,-6.846539463141016,28.26039351851852,E2:shaded,E2
sky:sunny,R,4496,3,0.9785877632564137,23.83521745887268,40.38994905671899,3.209257387156899,40.666577500404685,52.262338461774725,199.2828350604408,414.9023498889007,0.9595410375686989,0.9924834251098261,18.806655423133673,31.722315596548604,23.013683260587264,58.6887009136398,-15.713660603420104,16.101870642039906,E2:shaded,E2
sky:sunny,P-cs,4496,3,0.973648111527718,27.335285288834587,44.80723645370069,5.060033462893892,47.32175766666671,93.5580573065059,200.1482558527338,410.84303727994796,0.9560977560367862,0.9908446084301973,21.429951296444923,34.80990660695822,26.927157274730725,61.13508005748067,-11.543147029585057,19.51298672474897,E2:shaded,E2
sky:sunny,P-sim,4496,3,0.9771212275144571,24.188180593728035,41.750208330866506,1.794818098191323,38.21686604833337,83.96049995449143,202.6513233128177,405.98956698773026,0.9584962244298348,0.9935541829560592,17.953831635172147,31.108881955122108,22.593891165633202,59.44165994442795,-17.57162075070056,17.063208224635602,E2:shaded,E2
sky:sunny,D,4496,3,0.9671675559074104,33.32810326989354,50.014265343064025,-7.809083575598777,53.906761894226065,97.0211654408846,210.11994320710485,379.57853984729394,0.9482811799300409,0.9920058764703706,17.795020766003784,42.70934162822738,25.16155473298142,66.35466026920636,-27.09074919536236,7.017763417626279,E2:shaded,E2
sky:sunny,H,4496,3,0.9657228347662664,36.18446236461896,51.102804673671294,-19.83470120803819,61.5597075822173,86.30640734831273,211.90669047457672,354.11681051057025,0.9426851088721682,0.992505718915724,20.784492687939625,46.29661028234522,24.36222972966235,66.20556995273168,-41.342479596494805,-4.685560047075599,E2:shaded,E2
sky:sunny,S-geo,4496,3,0.9785786940584199,24.206377123939795,40.39850177520184,4.977299325481911,38.87076949999994,71.66948975,197.0609092433338,398.25065666666666,0.9587017949814884,0.993798259153588,17.480862799153424,34.468068654326835,22.1619949897362,59.294268253437785,-10.322839962660238,14.30657532201059,E2:shaded,E2
sky:mixed,A,5964,4,0.7161547711093161,117.92483975146283,161.12704773092887,66.84137384379204,277.2753226721667,357.36582071936635,444.7841011554034,661.9477945966667,0.5170536384373099,0.8496472440241299,77.05844042694011,167.76583835288346,113.90024229744438,204.56948876549248,40.240981040861016,83.61994713866471,E2:shaded,E2
sky:mixed,B,5964,4,0.709647166369145,118.94488054873686,162.96362807205026,70.3486487898502,281.49144309999997,363.3667531499998,450.8567519199998,668.4107846666666,0.505691119032849,0.8439380637772881,78.47203731560374,168.31134885497517,116.04267035333473,206.35947199232194,43.523936445346635,86.83815834934093,E2:shaded,E2
sky:mixed,S,5964,4,0.8429467658664546,75.46469162195395,119.85360252865271,-0.38874846300022103,177.95916666666656,241.08416666666633,453.76658333333324,830.775,0.674313896327585,0.9328435173233873,53.25021815962731,110.16010294437191,76.49447431015743,167.60439890641564,-13.166991604477614,15.576036851456312,E2:shaded,E2
sky:mixed,R,5964,4,0.7135374096943952,117.65984600546501,161.8682262580809,66.07106230156427,279.9893476834761,361.3279774785514,448.9057932740112,666.2635307890666,0.5098493522850294,0.846656797306722,78.00394142078612,166.0307276943762,115.02749882808511,205.48966862302288,39.519232152426426,82.51626010403446,E2:shaded,E2
sky:mixed,P-cs,5964,4,0.8270150437781723,80.07974109434141,125.78585856556565,-29.727756372826214,191.67525792764374,264.80860512621314,463.9076933991187,898.7681091389682,0.6399068822424762,0.9301275705187558,56.33762454650795,118.51219109579098,79.6462483475458,176.2354245552377,-53.48788984972016,-10.301994817850877,E2:shaded,E2
sky:mixed,P-sim,5964,4,0.8226102722112731,81.43692429117667,127.37725457244034,-34.57562111431138,194.55484121587662,266.2524598686798,458.979865438606,909.8962966085962,0.631480840458063,0.928356604360093,56.7400372365392,120.8728205374172,80.97974348051783,178.2854225076495,-59.27636339444548,-14.374012315734017,E2:shaded,E2
sky:mixed,D,5964,4,0.8288680296491518,83.05508218664343,125.11034617909414,-29.04725735557095,196.209816238378,255.53936522033337,428.1530368582323,867.4772189712681,0.6591852193674587,0.9296777022604984,59.37496521327622,118.52793014965035,80.2296397632873,171.45296864680853,-50.347297471246755,-12.173149250091019,E2:shaded,E2
sky:mixed,H,5964,4,0.8196917867164111,86.47253488159232,128.42081015475748,-37.960159365645595,202.20234479629195,261.0360794218358,409.0462144835563,876.201758247407,0.6450892870219044,0.9248844641775309,61.53961877612818,122.74055794163809,82.9188367154776,174.96265200715706,-59.727439012468786,-21.1416313469148,E2:shaded,E2
sky:mixed,S-geo,5964,4,0.8420411321865994,75.02562047342947,120.19866843147842,-3.1870739334227554,179.30145891666663,243.01934290499997,454.09600342333295,838.170482,0.6731296505631921,0.9328143887385065,53.04448799721587,108.93279472912324,76.51106194353322,167.9088403518575,-16.67465359171643,13.71095545794105,E2:shaded,E2
sky:cloudy,A,5140,4,-1.5717059209422386,238.40862914514736,309.28485414253896,224.3890935028527,516.366493733534,729.0056888838167,863.1701188152362,879.1512898763333,-2.9632953600463474,-0.2194673977692687,163.0541671444139,311.73560294590806,195.82340803257136,406.4396153380867,153.36936774324317,288.87132403561003,E2:shaded,E2
sky:cloudy,B,5140,4,-1.6338841193897844,241.8532091748379,313.0014377022927,228.588448693904,521.4492586000003,736.8984196833333,870.6274057066663,886.6896853333333,-3.08606314706711,-0.2565157789446417,165.8763828535353,314.9459673887774,198.55692787491543,410.37148686277374,156.92885360435028,292.90454260543305,E2:shaded,E2
sky:cloudy,S,5140,4,0.672184063565535,66.99549043450064,110.42388730668517,17.585302367055775,175.4062500000001,269.52750000000003,439.62054166666644,709.5666666666667,0.6093226094241573,0.8678440238765833,33.40076388888888,93.77730040792537,41.53601974108024,143.43554942858225,6.656737465181064,32.04391599307159,E2:shaded,E2
sky:cloudy,R,5140,4,-1.6060871869086344,238.4666548186558,311.3454124760359,223.2756512172522,519.8945219339724,734.3796933506878,868.3521846297905,885.0834587930731,-3.027217531648569,-0.2334351490363149,163.2394631145025,311.55725421427775,196.96118364590225,408.7892709697285,151.32347201382066,288.53528402631764,E2:shaded,E2
sky:cloudy,P-cs,5140,4,0.6762555279356257,62.96086081414054,109.7360140620249,-13.68956317454389,149.25942078123074,244.35594969784307,477.9793581619473,748.9488916386606,0.5984231462689966,0.8405312569327343,33.218691466343266,88.06376596714807,45.626721039389906,145.711806441261,-23.822068249488805,-1.4236800806380252,E2:shaded,E2
sky:cloudy,P-sim,5140,4,0.6693719516311151,64.87426800600117,110.89650195609084,-18.862112849232517,151.38685333475837,244.0306651366455,486.60387757719343,757.4301466018837,0.5935577759454798,0.8082426571360539,36.858386261043705,87.31656770712252,49.53958569612673,146.30092491374333,-29.60976353547546,-7.583801204614898,E2:shaded,E2
sky:cloudy,D,5140,4,0.6292723138068803,72.04988967448227,117.4290400924464,20.4212968655521,194.38338651061468,278.9475042851183,429.10542930754383,693.6412868284845,0.5087142015508821,0.8765539436951426,31.830976686795793,110.05916397340442,40.14394822952447,161.95864207066936,4.996090323071238,32.71831466864875,E2:shaded,E2
sky:cloudy,H,5140,4,0.6266507824841868,72.50531186527945,117.84349741357401,14.602918345671906,195.050308268687,280.93954384659196,432.3049971103127,704.0830459255112,0.5034898980622527,0.8709225314017869,32.42257810030343,109.44520118676363,41.049388657196694,162.63161694544976,-0.17117331318219767,27.842786867015757,E2:shaded,E2
sky:cloudy,S-geo,5140,4,0.6754008502261624,66.1296776654799,109.88076882183013,14.299034338592742,172.56563302666672,265.64652667333337,443.0408771949999,715.8364011666667,0.6098269447987872,0.8712163817885897,32.55073827052631,92.89890207824003,41.002636687925786,143.34293723160425,3.6276344386838515,28.034547305696712,E2:shaded,E2
sky:rainy,A,4552,4,-2.5316902590564476,232.49031277515596,290.8936093637204,223.5763399386428,472.49640258830004,618.9216636147667,701.2719393719667,738.8631144206668,-6.322610881063285,-1.9821397525676479,164.47019652938266,305.6199844094758,185.89856851139655,374.64806358865195,158.18968094711155,292.3820978029024,E2:shaded,E2
sky:rainy,B,4552,4,-2.6144376232929227,234.42463045327426,294.2816915375988,226.8003076304857,480.00346366666673,625.3731269333333,709.8430010066667,746.8116046666667,-6.432592599682081,-2.0446225372212212,163.60416243399996,307.969130623792,186.96649671845572,378.92506279583097,159.34176963600004,296.6850612384138,E2:shaded,E2
sky:rainy,S,4552,4,0.6923605569978835,54.86370658859938,85.85466239186768,18.526792411680805,112.6195833333334,156.62874999999997,359.037375,661.2041666666667,0.49965667952493187,0.7174429615450651,36.223258333333305,73.62872754027258,47.068001002280674,117.55840021437554,6.477551889714989,28.982136063963843,E2:shaded,E2
sky:rainy,R,4552,4,-2.573067636287063,231.7025974268415,292.5927058320456,221.566053159481,477.90108079547946,623.7216056655275,707.2079265665099,745.7438728043296,-6.327474682988538,-2.0201426564720504,162.5301110130869,305.9390823379453,185.68814378028625,377.43203515887046,154.51517947861484,292.10585959581476,E2:shaded,E2
sky:rainy,P-cs,4552,4,0.7062216882823777,49.37621393677047,83.89821905056462,-0.1583810769900948,105.83064554782251,148.4921957745536,352.5850426608548,685.5768847194747,0.5634181754817427,0.7247729860170671,28.602328672156865,70.12299283170245,41.06238777342994,117.34860176043706,-4.303990450330365,3.0409977950331237,E2:shaded,E2
sky:rainy,P-sim,4552,4,0.7061946728739912,49.18598796918263,83.9020765384314,-4.270373730474115,105.60347304226065,150.83148680371707,345.9383172990494,696.9206590796161,0.5676028405744612,0.7225133105178656,29.16367334110374,70.50491726461985,42.041363269573345,117.45452747940571,-7.988840017733725,0.1645600495137364,E2:shaded,E2
sky:rainy,D,4552,4,0.6445071212440241,61.41644588854953,92.29078272065493,31.84884324336631,137.64124752965594,167.7714350672102,351.73625732023584,649.5925800409141,0.42579093631105636,0.6718703684615361,35.34010284145443,85.75859242267461,46.988577359360534,126.52288906976005,18.879798018400198,43.23904078436995,E2:shaded,E2
sky:rainy,H,4552,4,0.656175063044478,59.974573442485095,90.76356853022422,26.794358728025347,133.8395943355806,161.81472417899877,339.7491223990566,668.0173877907491,0.4593085232978216,0.6808286710093118,34.71606651424992,84.54838514536272,46.62142723071312,124.72288988396525,14.681413311104803,36.82258038422804,E2:shaded,E2
sky:rainy,S-geo,4552,4,0.6961574882134942,54.05130925539052,85.32320203000512,16.346890978003298,111.88012833333335,155.04210815833338,354.38532887599985,669.0730484666666,0.5160499703425009,0.7191070745286483,35.09767209879999,73.17674622853781,45.946919519948736,117.35059275815983,4.10552983172243,26.839780700989756,E2:shaded,E2
sky:cloudy+rainy,A,9692,8,-1.7662156757832128,235.62899892267515,300.7871960853278,224.0073710282052,487.02000976599993,644.17999877935,798.3831558433034,879.1512898763333,-3.0054949411849656,-0.92822029630725,178.21882665936948,292.6136591930447,212.03131530856993,370.7642132394884,170.18389382705328,276.2337368752989,E2:shaded,E2
sky:cloudy+rainy,B,9692,8,-1.8321879637185545,238.36426052228344,304.3528427872546,227.74862016308685,492.1650341666666,651.0067689999997,805.3147003333333,886.6896853333333,-3.096468867451338,-0.9824252179600299,180.46376666975297,295.32267139437863,214.9689615932257,374.8895323712135,173.24380663948483,280.35535030800145,E2:shaded,E2
sky:cloudy+rainy,S,9692,8,0.696435085144196,61.29760763770509,99.64192611916964,18.027487951365835,133.2358333333333,229.434583333333,408.5455416666669,709.5666666666667,0.6432155778762474,0.7734892934234405,41.22699798174135,79.93024999757995,62.303949891012046,126.80469867144339,9.546826520772035,28.303409673165035,E2:shaded,E2
sky:cloudy+rainy,R,9692,8,-1.8011887053846523,235.28980904404386,302.6826373999473,222.4727116424509,490.3404496554046,648.7722770763453,803.0562149877495,885.0834587930731,-3.0416769890630957,-0.9531985533675452,177.36334226212318,292.8797680610569,213.11430609078792,373.3159220518645,167.7471773792002,275.5985523762921,E2:shaded,E2
sky:cloudy+rainy,P-cs,9692,8,0.7036598655838815,56.580618079329504,98.44905754510316,-7.334431013166994,128.4894932025192,213.13326766121455,440.15413392188765,748.9488916386606,0.642578243076223,0.7875882516512348,36.80871472850943,75.94676945803299,58.86263917905823,127.26288574459025,-15.480055119337182,0.2854497332262267,E2:shaded,E2
sky:cloudy+rainy,P-sim,9692,8,0.6994988587477617,57.50602092308764,99.13782556042422,-12.008873428206078,127.60276408842549,209.99279510396795,447.374236548981,757.4301466018837,0.6391435768249736,0.7748108727589054,38.065931672675156,76.36263622671363,60.159773472105286,127.91040048898968,-20.357941099076715,-4.076082406479308,E2:shaded,E2
sky:cloudy+rainy,D,9692,8,0.6540888470796522,67.05572581629347,106.36496674072065,25.788423476345564,158.7538712359985,240.08169264668774,409.65786622003276,693.6412868284845,0.5586588865298316,0.7784033672216655,40.625513791300854,92.48412091553585,59.87621993659046,139.3424487455467,14.5405503135408,36.0108777328398,E2:shaded,E2
sky:cloudy+rainy,H,9692,8,0.6565222589557602,66.62005378639377,105.99017890506448,20.32881977163898,155.35142345839716,235.51577157124783,412.77196588118426,704.0830459255112,0.5575917702812521,0.7799394420536847,40.45283093314572,92.01121852040967,59.71636392998503,139.71049143341415,9.295483210092343,30.39148101977455,E2:shaded,E2
sky:cloudy+rainy,S-geo,9692,8,0.6996816307105427,60.45688226693194,99.10767197943993,15.260842368163198,130.43576151666664,226.3255848499998,414.044516461,715.8364011666667,0.644536305537617,0.7791372701340483,40.349961213254986,79.24561018281948,61.337816781663356,126.51494480340911,6.852018854320501,25.158156820071145,E2:shaded,E2
shade:shaded,A,1264,15,0.22584999832566788,20.109193528456487,27.14401259171161,6.620599732020834,42.64304186516669,50.69729849491666,83.40646491996986,188.6604184473333,-0.1671233623757151,0.41799583349363256,14.570028075564766,25.929219576354015,20.3597942445828,33.21132621882263,-2.1671176871162463,16.471701026551546,E2:shaded,E2
shade:shaded,B,1264,15,-2.1525073683449154,42.0811504274789,54.77590274009997,41.05371690374473,95.10055326666672,110.90233901666666,145.85677287333317,179.90179166666667,-5.204039259340184,-0.5586148159192613,30.27861438130035,53.671191828427894,40.190767629175305,67.0010658224536,28.646442919741343,52.82202649609865,E2:shaded,E2
shade:shaded,S,1264,15,-1.151721061220654,31.336553929324896,45.25373964859452,26.49317312763713,63.3833333333334,97.44395833333317,170.57491666666627,221.92916666666667,-5.34163848216681,0.4065758364811359,20.444180003051603,48.368799266100744,25.77206081049404,66.8056411989742,13.071398631972869,44.253646704557895,E2:shaded,E2
shade:shaded,R,1264,15,0.25202526989630225,19.448942643898143,26.681175004194078,-7.832956759081651,39.60342812062729,52.15746732699266,84.71576827330355,196.5195937948583,0.05079757658830173,0.35463034206081356,15.393276005196132,23.657722645977852,21.28323997448723,31.61454820012598,-16.92828748272789,2.2749761333055734,E2:shaded,E2
shade:shaded,P-cs,1264,15,-0.07685700409197893,20.022095470759798,32.01404176182208,6.07811324881963,45.460958214352125,66.54354023570835,126.57421609281819,179.90179166666667,-1.9929341121468405,0.6424686319507693,12.791339036662928,30.430092287487987,19.4201427137771,46.2722046885687,-5.422991526986955,19.916234101458258,E2:shaded,E2
shade:shaded,P-sim,1264,15,-0.011082541074909136,20.434216265771664,31.02092860538849,-14.436166136616684,50.204408282426726,67.21910844241833,94.34749012176582,214.73827573712998,-0.47075746977755756,0.2869189305770109,14.084057605953014,26.5379355913063,22.975823417967398,37.95917064014845,-23.283492299573275,-4.645678026972516,E2:shaded,E2
shade:shaded,D,1264,15,-0.17447977383899071,23.539240240272644,33.43368601637599,17.305675077596927,46.96990275800822,67.96301554072107,124.66811104691989,176.87931205130616,-2.1687033440229753,0.5532095682359294,16.307820987574317,33.849110559987245,21.892885596060676,47.06667135135291,6.836986038932672,29.302571921662985,E2:shaded,E2
shade:shaded,H,1264,15,0.16502594543636095,18.74355678858211,28.190188437339415,-10.28882491440162,44.03637110731242,61.26814777346704,89.61090620261598,207.93138406588108,-0.1798618063971856,0.3988342516281299,13.661385805153392,23.657856682172568,20.9372157019601,34.71861989133224,-18.95132493519119,-0.9655537202544501,E2:shaded,E2
shade:shaded,S-geo,1264,15,0.506500081264317,16.922283805907174,21.67230137236245,10.401695025738398,32.625662383333335,42.17722319166665,58.68436666833331,131.3381558333333,0.18914427202231499,0.6706662569960427,13.939192750065473,20.06193249251468,17.640555738461014,25.636520798058243,4.538930066813198,15.533878474142098,E2:shaded,E2
shade:unshaded,A,18829,15,0.33618870696965475,162.51155327877782,234.7295430974215,136.92146883194783,396.52597412100005,492.84488281279965,746.7732532553333,879.1512898763333,-0.3626798793307859,0.7080581273403126,106.55246848315709,227.59250724868164,157.8139339006486,303.1707956501298,79.29152546552154,205.08149446025558,E2:shaded,E2
shade:unshaded,B,18829,15,0.3216187662149764,163.48639203097906,237.29159080410696,138.35495389685968,403.0951168,499.3673815999998,753.6513430800001,886.6896853333333,-0.3928419075585119,0.7007621612428255,107.51140386208061,228.94682078784626,159.53514030929782,306.5328538483292,80.64174411472824,206.52316857257304,E2:shaded,E2
shade:unshaded,S,18829,15,0.8794075778455942,60.19413165283893,100.04731648238086,10.102789397098679,142.44333333333347,216.43666666666664,392.1325000000008,830.775,0.7868230438530054,0.9419671839920907,43.34356221973593,78.09685749308733,68.72954096027934,126.01136158988686,1.3075920415446654,18.805982500814245,E2:shaded,E2
shade:unshaded,R,18829,15,0.3279012739311349,162.60652017502488,236.19025293925108,136.6006914890759,401.0629928817786,497.12453785244094,751.6004971935663,885.0834587930731,-0.3804302967262113,0.7045752056673643,107.04159318211444,227.6781990616781,158.57931524950055,305.1829715704297,78.86166855821249,204.7356264137635,E2:shaded,E2
shade:unshaded,P-cs,18829,15,0.8746791883650855,59.55642000941693,101.98986915042033,-12.433328046298202,141.5861838933483,222.2121095554136,402.496500661113,898.7681091389682,0.7742467505923565,0.9414802451580122,41.6020131013242,78.86333497349199,69.0808404486171,130.0384478836059,-24.382102035056175,-1.9914811841488698,E2:shaded,E2
shade:unshaded,P-sim,18829,15,0.8729962221961303,59.68859754846136,102.67240968869635,-15.75069619746689,143.07212320426842,222.97539895238694,405.09627486028194,909.8962966085962,0.7709427623197137,0.9409814858191171,41.38982630215274,79.27349151964852,69.4342516921628,131.07476320562694,-27.99974511229143,-4.868512924900612,E2:shaded,E2
shade:unshaded,D,18829,15,0.8639261679275401,67.07803966319155,106.27539868373692,0.9735757501821788,162.6663141709054,229.95953302922211,395.77551270787563,867.4772189712681,0.7572421521892276,0.9348679224725558,47.744032114387224,87.73647399374364,72.91565493547418,134.17018697688835,-15.311483077753117,18.276500267057763,E2:shaded,E2
shade:unshaded,H,18829,15,0.8606183855983665,68.95502760519646,107.55935280849502,-5.646474162492787,162.56642470793508,233.6128809177169,395.59019253365733,876.201758247407,0.7502878749457749,0.9328533941503909,49.60303970485164,89.81245572557577,73.78160551380748,135.92434139928713,-22.63924204266857,12.929762605874183,E2:shaded,E2
shade:unshaded,S-geo,18829,15,0.8797532058312594,59.41043971996412,99.90384161013927,7.25760957160078,141.79934468000002,216.54055195333288,394.88949772800095,838.170482,0.7869025433538184,0.9424053147220601,41.990844402435975,77.44296054749734,68.28923074362613,126.13832090316174,-1.1996195764395017,15.781977579289338,E2:shaded,E2
horizontals,A,20152,15,0.38732678631856465,153.27651587820662,227.0291995318593,128.5041529356189,384.4366634117333,481.7252593995501,744.5540482173203,879.1512898763333,-0.28407524542389434,0.7372134732745083,100.92944902992298,214.10153999943637,152.46381623882806,293.2237486102286,74.80630191445313,192.19818120842675,E2:shaded,E2
horizontals,B,20152,15,0.3721331907696971,155.59918465002502,229.82699259040888,132.04168498679886,390.8404776333336,487.7021679500003,751.4533578800003,886.6896853333333,-0.3168231771256414,0.7305208225217252,103.33083885282826,216.6136826079868,154.577692371615,296.99977235030866,78.03317231324252,196.2871315059859,E2:shaded,E2
horizontals,S,20152,15,0.8871541166567499,58.33705694511567,97.43391011188905,11.198640162662318,137.83458333333346,209.93125000000003,386.59020833333454,830.775,0.7987662589390184,0.9451399103668593,43.00513896767533,75.40094362235617,67.71514750609488,122.41884039959217,3.051985559223239,19.369520350796662,E2:shaded,E2
horizontals,R,20152,15,0.37973562420532025,153.30067926392212,228.43134170092281,127.26687961581086,388.6631924447018,485.51360422573646,749.0997475820982,885.0834587930731,-0.3003370943614499,0.7342497011509251,101.07495488183248,213.98044094742264,153.0869429447336,295.50373507738493,73.62220918145398,191.03699711536757,E2:shaded,E2
horizontals,P-cs,20152,15,0.883605471277279,57.01043911126011,98.95404559035029,-11.196493347458272,136.93966639253563,213.22092143559163,392.8264887725219,898.7681091389682,0.7902959695874425,0.9455453437732219,40.54196947032389,74.85651768497681,67.31046753086873,126.31604013105107,-22.25406286695754,-1.3591632960091413,E2:shaded,E2
horizontals,P-sim,20152,15,0.8821118854168207,57.155033307291795,99.5869157455167,-15.607855469554297,136.14070035005358,213.03676507959477,393.44127087414006,909.8962966085962,0.7859954672838587,0.9455418747373557,40.17976655720268,75.65950792764843,67.58117565132015,127.27490560467075,-26.96889407413741,-5.298035173644399,E2:shaded,E2
horizontals,D,20152,15,0.8736235542813713,64.26596650824231,103.10989384083423,2.064009413865818,156.23784538351816,225.34685198699066,388.72484893202926,867.4772189712681,0.7721506931537432,0.9393883766021524,46.311383205838204,83.69835450167851,71.03982430928906,130.27950893590358,-13.059024278145461,18.135750164545055,E2:shaded,E2
horizontals,H,20152,15,0.8708340427263841,65.70509637370344,104.24165665420678,-5.882507238057019,155.33225181288006,226.33842460559643,391.85082374899895,876.201758247407,0.767401499359073,0.9376641158462711,47.69479757259098,85.40302280331974,71.74276321738823,131.7695435629752,-21.89476373064383,11.320277971892507,E2:shaded,E2
horizontals,S-geo,20152,15,0.8886927319770636,56.68086418141479,96.76739122665286,7.506863490505711,135.4152754466667,209.32212114000012,387.0541338196669,838.170482,0.8000685770197533,0.9473961702403111,40.267635495403475,73.60697532629712,66.03229396213543,122.3095822152785,-0.4906580833895512,15.45413399673775,E2:shaded,E2
overall,A,20152,15,0.38107153576021113,154.80328623563327,227.89817856787957,131.57519826512564,384.10479288726674,482.5678383383334,743.5854068602513,881.3700154623334,-0.2976151568545027,0.7352759860333319,101.69918328012119,216.3682977531946,153.1610929536621,294.3341847757555,77.40265175570097,196.00758584519963,E2:open,E2
overall,B,20152,15,0.37290430975990974,154.45302975139373,229.39689442843007,130.58350782165974,389.40623640000024,487.4021397333334,749.6157425700006,887.7881103333334,-0.31651019928892404,0.7311422215340557,101.75206240954051,216.01110575663506,153.8022433282786,296.77639571297675,76.26658558477162,195.23930695649955,E2:open,E2
overall,S,20152,15,0.8888887160037207,57.72273440151946,96.56054521003293,9.740462997523174,135.44875000000027,209.096875,386.3521250000007,826.6083333333331,0.7996458659523669,0.9466688741851679,42.23368347952215,74.62351719729882,66.63048001626606,121.3631681246241,1.6275578502585601,18.268213896741383,E2:open,E2
overall,R,20152,15,0.37526158725921666,154.11481706922433,228.9653324829267,129.73811175763066,388.6699362176166,486.7119149445958,748.7545945957746,887.0803982700434,-0.31167859852342045,0.7323296680914895,101.51672688304602,215.57032189032665,153.3644112125927,296.2956526252177,75.40988974038875,194.40759650592798,E2:open,E2
overall,P-cs,20152,15,0.8849151534704922,56.53749318234159,98.27197800287111,-12.628452685101191,136.33514925198008,213.78918028117548,390.5617653955281,891.7964248904148,0.7919515530432492,0.9460062347363403,39.39111728166791,74.78221034520774,66.69030337129324,125.03568790213106,-23.598434010777027,-2.9920847157785038,E2:open,E2
overall,P-sim,20152,15,0.8837779281367855,56.42244206129639,98.75632783656741,-14.258854632558123,137.31153448257186,215.79264571478112,389.5859775286501,902.3624875579942,0.7888069249869911,0.9464567148340303,38.72701011935197,75.42785165112336,66.6931708383363,126.07023691109549,-25.48527862780543,-4.0563857976122994,E2:open,E2
overall,D,20152,15,0.8743744484938848,63.788935062706095,102.67379551743986,0.23422805960711532,157.82843988088518,224.20512342381667,388.32744235377817,854.856379400119,0.7726848962975335,0.9400615739569848,45.14275310402357,83.83731547318601,70.63288969834657,129.64319611484936,-14.970933004471659,17.12250672456095,E2:open,E2
overall,H,20152,15,0.8720428516347527,65.29841391188793,103.62222242947782,-3.7943213991695997,156.26988435216666,225.8381289537643,389.85566171181785,861.885840244365,0.7689729467350507,0.9386899839111241,46.809728633458825,85.46121804087498,71.42340903431052,131.00583431185086,-19.48542537092711,14.035806447025823,E2:open,E2
overall,S-geo,20152,15,0.889160429539273,57.175827268616196,96.44240749340265,8.58347528809483,135.0938569333334,209.36572049,387.351361463,828.660599333333,0.8001798940897917,0.9473119424731264,41.323962069980276,74.11574797608858,66.41266482360936,121.45031642269196,0.6439836893152873,16.831032391567476,E2:open,E2
sensor:P0,A,5038,15,0.39746046578573035,155.38487140105124,228.74512638282923,128.3089738439225,383.60572265640025,484.09499165883256,742.06594104045,881.3700154623334,-0.26245439725382386,0.7422506330569355,101.71614671879327,217.5274621796015,153.7124946321888,295.4752376556055,71.76977366634455,194.65914568060106,E2:open,E2
sensor:P0,B,5038,15,0.3896989162463249,154.89713852219364,230.21369035237993,127.41224815419048,390.23002590000004,488.85623721666644,747.58720711,887.7881103333334,-0.28116797821768696,0.7391507032185384,101.49470265241735,216.83909136953886,154.42320878965745,297.80854322606547,71.11589713607366,193.9745336289093,E2:open,E2
sensor:P0,S,5038,15,0.8924739990544905,57.12553024549654,96.6308551982117,6.569203330053909,134.99041666666668,211.54770833333302,390.12137500000006,795.7833333333333,0.8044430664798624,0.9486733500220985,40.490986442383566,74.46097143226218,66.6816128459656,121.41387550138606,-1.9019216701368575,15.29309685998442,E2:open,E2
sensor:P0,R,5038,15,0.39197357664139265,154.7074521537929,229.784273772463,126.44112846427245,389.48435423534164,488.13064568490756,746.86560063615,887.0803982700434,-0.27650274608821923,0.7401811720037862,101.43298547019769,216.4863949943969,153.93593196303823,297.31354570954403,70.11520296060898,193.0576283381612,E2:open,E2
sensor:P0,P-cs,5038,15,0.8877482213779706,56.56239897861031,98.73149010694029,-15.902160904135046,138.0616791213301,215.8703360070466,395.85812316000545,838.0084030721287,0.7952143273071667,0.9477807741358775,39.20347717222898,75.42014873782898,67.34980085742016,125.42684854420077,-26.776939693111913,-6.468948976800353,E2:open,E2
sensor:P0,P-sim,5038,15,0.8863133518250029,56.624129719036645,99.36050892437517,-17.62658120981565,141.1675470109865,218.99466372490488,398.0869631462377,846.1922017728424,0.7914692005903962,0.9474552611281835,39.028264173645994,75.66979955818131,67.65053909898299,126.27059547876776,-28.610212861690343,-7.944149108684255,E2:open,E2
sensor:P0,D,5038,15,0.8755341347555641,65.49331660017181,103.96429368102963,-3.259562775061314,160.78052788805908,226.45532097700826,392.3119012472208,796.3719565614279,0.7752369176265129,0.9396562015314895,47.07148800254643,85.35676768786296,72.12699513821448,130.65519239619346,-19.662801680717653,15.78068460418631,E2:open,E2
sensor:P0,H,5038,15,0.8720095869109784,67.45621938452406,105.42601635139306,-7.480576340105781,161.2637800863651,229.89394657228374,397.1540273525089,803.4910916553613,0.769378792552406,0.9365931663317747,49.061800362601474,87.40233695330484,73.6403387039929,132.40048147793004,-24.528510461496523,12.7298621647136,E2:open,E2
sensor:P0,S-geo,5038,15,0.8925385126185691,56.68657492577973,96.6018625073035,5.3080349192956735,135.74459165000002,212.2595341733332,389.54084623433334,797.5978133333333,0.804809143944747,0.9488880013209076,39.72397915418207,74.14157603442992,66.60523215348015,121.49378636460195,-3.029629847301814,14.089917246836004,E2:open,E2
sensor:P4,A,5038,15,0.3555901027348227,155.64024243459374,228.5749714943454,136.7650436904351,386.7528981524335,483.00264770495,745.6596041263402,879.9696492513333,-0.35203106693342506,0.7191925702133316,102.60031999406506,216.96550166362053,153.78475870223252,295.28149292407653,84.07207826716817,199.45057604259162,E2:open,E2
sensor:P4,B,5038,15,0.3463181458462298,155.69072136657059,230.2135001978316,135.89532772769275,392.84066083333335,488.3865540666661,751.9053472700003,886.3881103333333,-0.37254373174266664,0.7166664231901279,103.71372584641895,216.6952499482028,154.68522731070206,297.5173238743975,83.17331345214816,198.91461098717687,E2:open,E2
sensor:P4,S,5038,15,0.8844141261754987,59.10176517165196,96.8054824265071,15.052282903556163,135.06125000000011,208.56145833333323,379.78116666666693,826.6083333333331,0.7945641907146634,0.9433273854133586,44.68605554800506,75.47977636480853,67.42420419101585,121.40995383948857,6.418604300599133,24.670029976095993,E2:open,E2
sensor:P4,R,5038,15,0.34859457901917523,155.2748246967684,229.81229378262796,135.15592008799428,392.1734726330609,487.70411744085294,751.2725945113647,885.7584253394934,-0.3684354072435171,0.7183041671484318,103.31652264880825,216.18078109778713,154.2725033901977,297.08040594808136,82.45264201131991,198.1439788939465,E2:open,E2
sensor:P4,P-cs,5038,15,0.8827915240801858,56.55073564246195,97.48259523288186,-7.06386058480347,134.80891365664365,208.36236116259326,389.3198947349082,891.7964248904148,0.7898617337617028,0.9452787527933528,39.7008167610765,74.21784180773614,65.64798796530356,124.27724734036994,-19.05564505016509,3.8125848535919364,E2:open,E2
sensor:P4,P-sim,5038,15,0.8820982981896747,56.09592736829066,97.77044912556016,-8.772155345739838,133.22388769033586,208.0808224097032,389.6191035813843,902.3624875579942,0.7872966820972909,0.9455406102879449,38.89737383542287,74.308076175248,65.52021853055638,125.06682907386853,-21.312265596766306,2.65966941344634,E2:open,E2
sensor:P4,D,5038,15,0.8729671454215853,61.86291404586791,101.48587533533424,6.208223055899272,154.90735988509633,219.1685676546023,380.6468057309602,854.856379400119,0.7704990246883373,0.9400213963179146,42.384984449376546,82.23294227518669,68.83634226563268,128.92103881688064,-8.793747198770152,21.647703448318254,E2:open,E2
sensor:P4,H,5038,15,0.872177187549794,62.66092327873247,101.80093287745879,2.066816887618684,153.90410050790064,222.01965135456908,385.6671491348619,861.885840244365,0.7668277184975653,0.9407971133702716,43.11740317343275,83.30788175766932,68.51705526987264,129.7221560354446,-13.249947152569288,18.163123974398545,E2:open,E2
sensor:P4,S-geo,5038,15,0.8850110263167636,58.47749114729044,96.55520098024601,14.041235536466043,134.8956427466667,208.16076687166628,381.1417045693334,828.660599333333,0.7949594094702819,0.9440541063429795,43.97640285083635,74.85100047191402,66.76015878657681,121.27938227979413,5.712516975350932,23.08901724872118,E2:open,E2
sensor:P6,A,5038,15,0.3771893293496478,154.3590563421752,227.06110550001318,131.43348485801215,383.2181009930668,481.9495115148665,742.2111517333801,879.8246582029999,-0.3022356878552266,0.7324880895948893,101.2222351616837,215.21728917965572,152.56699434196057,293.2940904071049,77.76576734113047,195.07840485186344,E2:open,E2
sensor:P6,B,5038,15,0.3686509548335951,154.1263499415457,228.61224558352464,130.51101405508282,388.7457481333334,486.036762483333,748.2258056033334,886.192277,-0.3197947208234125,0.7284902014596752,101.4235792972734,214.7512811656363,153.27627532791942,295.80069065927137,76.8128811137717,194.3391714698575,E2:open,E2
sensor:P6,S,5038,15,0.88792719063846,57.355072248016526,96.31964093641713,9.66796923094626,135.03166666666664,207.4581249999999,382.9568333333335,805.6125,0.7984822477892115,0.946263642283573,42.03566715409798,74.03453273158844,66.35000093046567,121.29441860332663,1.7119088866214702,17.91504454651358,E2:open,E2
sensor:P6,R,5038,15,0.371730120586899,153.64921462425045,228.05407938667634,129.4659467441173,387.74950456835234,485.05709734832845,747.2170517110103,885.1815361724459,-0.3135552672689391,0.7303254992120883,101.02980700544948,214.0963050250236,152.80777211009047,295.16924310000064,75.76545407916397,193.2726750886446,E2:open,E2
sensor:P6,P-cs,5038,15,0.8833588509027482,56.70515170063397,98.26313602718507,-12.711515699623186,136.1252966353147,211.99307236332052,385.6534060225473,871.782077072877,0.790409283637356,0.9450863237450264,39.40263715597679,74.80837935658049,66.59135271439813,124.97571398103737,-23.66215774805041,-2.7364267585708624,E2:open,E2
sensor:P6,P-sim,5038,15,0.8823302893438332,56.51250722106326,98.69543564761494,-14.382797980730743,135.58514266415258,213.34889523470184,386.4350713793821,882.2427874978587,0.7870740697192788,0.9456998128034856,38.96223239953387,75.35797290024198,66.60937604004044,125.9105128531724,-25.67393895054961,-3.858627821907829,E2:open,E2
sensor:P6,D,5038,15,0.8736377547036165,63.619516759106325,102.27591950698083,0.0934305315080779,155.38182542070206,221.4694450992366,386.1724431893609,834.0580798571066,0.7719477498193302,0.9395258271690875,45.021423546615154,83.66343700910866,70.33200847810824,129.37575948170476,-15.171664218061613,16.29548803255969,E2:open,E2
sensor:P6,H,5038,15,0.8716473302544341,65.09177962703004,103.07828372423785,-3.9496549909919487,154.72518758745986,223.79587029770587,384.7883409478503,841.2793122971084,0.7684003950413195,0.938552449091682,46.66442627851391,84.92351053277862,70.65729303592347,130.5468989875876,-19.430857628398012,13.099095534741151,E2:open,E2
sensor:P6,S-geo,5038,15,0.8882241217052668,56.70232988086025,96.1919593748302,8.172982249326571,133.96064108333331,206.0762426149995,383.93048334966693,809.033283,0.7991804481120701,0.9467831340463801,40.93394390701796,73.4441563953946,66.06037797569901,121.34301451445103,0.4733614005435692,16.160127795143147,E2:open,E2
sensor:P8,A,5038,15,0.39211429757162597,153.8289747647128,227.20634478333355,129.7932906681328,381.54232665990014,480.7188714602992,743.6468894856936,879.865722656,-0.2757936040102523,0.7410641609881303,100.74936131512399,215.64469793619304,152.29086588032354,293.714420054362,75.26975475750855,194.66514703771998,E2:open,E2
sensor:P8,B,5038,15,0.3849446409206858,153.09790917526507,228.5423001632146,128.51544134967293,387.8171323666667,486.4019623833334,749.8139242300002,886.017277,-0.29110676910341293,0.737735943132337,99.9864205937315,214.98392264151587,152.78054052240572,295.8268898189815,73.84263614480129,193.44115986151937,E2:open,E2
sensor:P8,S,5038,15,0.8903760491725339,57.30856994091283,96.48553638109907,7.672396525536361,136.21666666666667,210.42104166666635,386.4098750000001,783.9000000000001,0.802488766520673,0.9475232001836292,41.34241970709826,74.4851877059549,66.60351169058211,121.23559965024292,-0.535579486227694,16.323126384203043,E2:open,E2
sensor:P8,R,5038,15,0.38676107785451996,152.82777680208542,228.20457476657447,127.88945173413862,387.24177288583434,485.80004264262914,749.2785670904251,885.491438942228,-0.28734151032998845,0.738625147864064,99.91568276626698,214.60972709284397,152.43822835126238,295.4534279367875,73.2128845043337,192.81621923106658,E2:open,E2
sensor:P8,P-cs,5038,15,0.8855049713400787,56.33168640766012,98.60587826501686,-14.836273551843057,136.26111971715468,219.509365328986,384.62808940850573,827.2703975525857,0.7925603247086108,0.9467425874554941,38.61618034294925,75.10660358213885,66.99331504088205,125.26438085888012,-25.64484885413638,-5.171907530437429,E2:open,E2
sensor:P8,P-sim,5038,15,0.8841417229755766,56.457203936794976,99.19117237666481,-16.25388399394627,137.70049007771684,219.89890544903983,387.1806044814478,837.5779343849772,0.7888924958428405,0.946417480563459,38.615504307056526,75.70668156070263,67.4414943627791,126.3469071748775,-27.3027392736395,-6.18867824525519,E2:open,E2
sensor:P8,D,5038,15,0.8751873217559129,64.17999284567831,102.95296100479777,-2.105178573917578,158.48706114744314,225.43903911833178,386.72158890865035,789.2976011970395,0.7742218681025022,0.9403178097050968,45.48627460527049,84.3077824795769,70.98158528424682,130.08077141708378,-17.60195421642644,15.242447907225387,E2:open,E2
sensor:P8,H,5038,15,0.8722700445558929,65.98473335726516,104.1491838226165,-5.813871153199349,157.21137156435822,226.38103082667445,390.6169281452101,795.6233058454163,0.7695426569990818,0.9378026077310118,47.5039003762866,86.15535844957644,72.02028293648824,131.4021043182919,-21.718469972433688,12.334075972435658,E2:open,E2
sensor:P8,S-geo,5038,15,0.8905247343032988,56.836913120534376,96.42008155933841,6.811648447291027,136.6422165366667,210.8993689233332,387.297248907,784.9102240000001,0.8027555927250194,0.9475421884520226,40.48792166399772,73.90088132453731,66.32963525319732,121.17905513494821,-1.2483409233429186,15.10286847247089,E2:open,E2
sky:sunny,A,4496,3,0.9788982273551184,21.276000993814353,39.348972917788906,5.783615751191283,38.405434163333325,52.468237304500036,216.6990134683667,412.3473347983333,0.9594617738607338,0.9930293154074797,15.47724965312515,28.26733225599197,18.03890606602546,58.46061947240739,-10.877623237944183,17.784977863076136,E2:open,E2
sky:sunny,B,4496,3,0.977229046661977,23.25022936521352,40.875637389531896,4.933007380782919,43.09239933333333,57.38949491666659,220.3133757166668,415.6581373333333,0.9573696656255597,0.9916443003362462,17.351378955555543,31.12423734455127,19.90790953083534,59.95016904358869,-11.439890259259233,16.965360009329927,E2:open,E2
sky:sunny,S,4496,3,0.9747776718653876,27.91370755486358,43.019614751469746,9.218152246441282,49.38958333333329,59.835416666666646,203.9810416666667,401.1708333333333,0.9573030753728943,0.9912819537988831,21.95718564461407,33.473119491185884,25.948775432358755,59.996973029834024,-9.568457031250006,25.876583994708987,E2:open,E2
sky:sunny,R,4496,3,0.977264771447592,23.279967422786378,40.84356041503375,4.063045894835197,42.65312539790966,56.82304725532694,219.3503224766536,415.02308555902533,0.9573571975986672,0.9918004370874962,17.67711345292179,31.283116209567208,20.319015683954323,59.95893516854017,-12.277491421846838,16.114575758279717,E2:open,E2
sky:sunny,P-cs,4496,3,0.9751108318229236,24.68839552332662,42.73454873589535,2.4335424875393303,44.344347166666694,65.3043991666666,206.7066896940272,409.9385142624413,0.9548254181130141,0.9915059384625003,19.501179197739965,33.43072338595942,25.613267544254988,61.713206670657755,-13.92358925421194,16.78218582549931,E2:open,E2
sky:sunny,P-sim,4496,3,0.9765840420529297,22.74257949304012,41.450511670384316,3.13963574438283,39.94322916666664,66.87638958305836,205.9943659626576,406.2237981396691,0.9567830281887999,0.9929711640820342,17.805883711522426,30.63445394469649,23.299627993696717,60.36124778496232,-13.421401400395467,17.53024482678549,E2:open,E2
sky:sunny,D,4496,3,0.9689088754391416,29.99999040920615,47.76306042699789,-11.212934916217751,53.92129555175097,77.0818794699547,204.78795745356828,378.4479591390894,0.9465479209612342,0.9926970748344056,16.869398182990146,41.83861690542622,23.74956774471758,67.12948933531239,-30.259750702523057,3.5360051257472658,E2:open,E2
sky:sunny,H,4496,3,0.9665854212171321,33.22192680233055,49.51558639461094,-18.938583363831878,59.0839870583209,78.55147601668978,198.27874190552706,380.83783353013337,0.9473622117850292,0.9923982116848538,19.467358268957035,42.280034457015674,24.230655905978175,66.6162004848675,-37.67925333327507,-4.676312785988595,E2:open,E2
sky:sunny,S-geo,4496,3,0.9761505911665697,26.13192651977313,41.83239603554652,6.466200399177047,45.8976184,57.63133206666663,201.5025955033336,398.79883393333324,0.9572817214187721,0.9924171823891345,20.318203089885493,33.95201828465547,24.20040251480389,60.01197425618707,-10.651544881971164,20.60255987439154,E2:open,E2
sky:mixed,A,5964,4,0.7179497437818112,118.55242873250559,160.75118953722324,67.7271493257571,278.7546415197667,354.51181630453317,443.0984070635033,654.791625977,0.5082820782927191,0.8561307285833453,76.652789328906,169.6774113345727,112.33378627039578,204.9791468064011,39.27381727685573,85.70238728626954,E2:open,E2
sky:mixed,B,5964,4,0.7152308006996186,117.5214972616812,161.52414583375202,67.33697318063939,280.87976373333333,359.14947239999975,448.12852841333324,660.494118,0.4995494467292614,0.853314801167381,76.45745577551911,167.63377000223875,113.42788887862396,205.59419841777216,38.95958668998545,85.08432164553624,E2:open,E2
sky:mixed,S,5964,4,0.8482623416992792,74.4967939581936,117.90646933943721,-3.4004240722110426,174.6841666666666,243.31041666666658,433.58166666666614,826.6083333333331,0.6785394803752022,0.9343658194054092,52.64406247027395,109.36771512385936,76.33196599814374,164.54579864602806,-15.015178183398513,10.499699384787482,E2:open,E2
sky:mixed,R,5964,4,0.7163464302987128,117.3624640290543,161.2074367991047,66.4406599319237,280.00776308779126,358.2963427081499,447.50316329087696,659.87670469868,0.5010036890357246,0.8542225327007863,76.37888412013146,167.38102023445745,113.07641148960597,205.27966065035784,38.049230320278156,84.25275928074659,E2:open,E2
sky:mixed,P-cs,5964,4,0.8312685950888259,80.85630349312167,124.3337141689458,-32.683745647539375,193.54999989049605,265.4497579256495,421.75544178022756,891.7964248904148,0.6416595906579623,0.9298207513547335,57.7610586156042,120.02251916168237,79.64340739190455,173.72841981578796,-54.54692330234777,-15.608127372887381,E2:open,E2
sky:mixed,P-sim,5964,4,0.82792907493607,81.57758713737725,125.558087755595,-35.008243024985056,196.1726056221753,265.0961724280363,414.6569848011789,902.3624875579942,0.6349445681140609,0.929555727243479,57.35965656802766,121.7223325848001,80.63727845686287,175.34863287365775,-57.49491372083781,-17.45545988582523,E2:open,E2
sky:mixed,D,5964,4,0.8313313230627728,84.13099704441605,124.31060072724752,-32.933579243709964,196.20561828505242,253.26262621192157,399.36448783064014,854.856379400119,0.6583787996564595,0.9290770312010022,60.300103643145974,120.52584750974913,80.9268676618193,169.62715724837426,-54.15490759267129,-18.52364291374242,E2:open,E2
sky:mixed,H,5964,4,0.8243199200396885,86.93224346270283,126.86803293304902,-37.77318855967204,201.07523581149218,258.5289336295886,393.90149274158955,861.885840244365,0.6479915248107565,0.9262250127703845,61.70207297974522,123.98884805163864,82.92213451120591,172.18667381367314,-58.77020280964405,-23.15926991550062,E2:open,E2
sky:mixed,S-geo,5964,4,0.8475027172071131,74.47920565828862,118.20123080027,-3.810309800363289,175.26636641,242.0429969183333,436.1765227866664,828.660599333333,0.6775540046106763,0.9342168033627534,52.62552774101204,109.02450340545421,76.41856903360286,164.79782307806795,-14.563063396762258,10.447817453564165,E2:open,E2
sky:cloudy,A,5140,4,-1.6135976283946052,241.82911120112306,310.5324371835661,229.7120776976332,517.1267590329,729.8954453536167,864.1947264404696,881.3700154623334,-3.0163303708208433,-0.263570120721645,166.2961573627965,314.764152574936,197.42723709685504,407.64574544046474,159.94005750984948,292.93730917807596,E2:open,E2
sky:cloudy,B,5140,4,-1.6510927853916417,241.1196609920882,312.75198303635653,228.77376727367056,521.2137687333335,736.2323556666668,870.4971140399997,887.7881103333334,-3.0797730726839596,-0.2762310191176576,165.25454833222844,314.3624216067689,198.43880603265399,410.34369242447923,157.92307391593187,292.9392286441773,E2:open,E2
sky:cloudy,S,5140,4,0.6685337019827107,66.73976653696498,110.58782003237552,17.77062094682231,174.82916666666685,265.085625,436.48966666666655,735.725,0.6067996703283467,0.8693472490712377,33.07787097953216,93.5751238344988,41.26939126599401,143.75129101898585,6.203271529712168,32.418516681363904,E2:open,E2
sky:cloudy,R,5140,4,-1.6417492310170592,240.52424102406977,312.2003624936315,227.95479645669133,520.5486946470368,735.704666212173,869.6061183601792,887.0803982700434,-3.057112110729851,-0.2685757450021904,164.63744578864763,313.8537898575805,197.8086102858216,409.8329654872071,157.1200135363151,292.1171108670117,E2:open,E2
sky:cloudy,P-cs,5140,4,0.6732734972319148,62.53123224968056,109.79429899865566,-13.473677777571908,149.86720547229837,245.16887933130081,472.88012225342004,763.2825949624412,0.5960639117982123,0.8428779000520104,32.687046585264035,87.81038460782132,45.136064288317435,145.87582339405506,-24.416163069753143,-0.9058754595657111,E2:open,E2
sky:cloudy,P-sim,5140,4,0.6683299372920244,63.495425163984685,110.62180603794437,-16.052604148780905,152.3837846977059,242.84953750327202,481.2173274621298,770.7543633419881,0.5923038341377602,0.8193546352129825,34.80699754017057,87.4517207768839,47.923566545430745,146.37709729111745,-26.894322554647957,-3.9954333226732017,E2:open,E2
sky:cloudy,D,5140,4,0.6260495594316715,71.64944583550516,117.46125393407614,20.824011314473214,196.57719107714416,272.85182240826236,430.0244514416354,700.8197088996924,0.5041102681113518,0.8804617020995193,31.321809418673418,110.13150564515088,39.47501626465805,162.49576572757013,5.326674513102448,33.178531561719836,E2:open,E2
sky:cloudy,H,5140,4,0.623101079404544,72.34952439629343,117.92341699390843,18.874615196078395,197.81129405671524,272.2601155245885,432.60292077486775,708.3607751724026,0.4986771408395033,0.8779981388462756,31.443633578600437,110.69970136582889,39.87971185945829,163.32402529158205,4.323771835511361,31.145974594531793,E2:open,E2
sky:cloudy,S-geo,5140,4,0.6702439822141462,66.41830078198444,110.30214880662912,16.630037327678345,173.7499313933334,263.39957497666677,438.50093888399977,736.754154,0.6066346033988179,0.870075735686347,32.879045906359615,93.15588858493015,41.15417660818219,143.78146151048847,5.3226451366411425,30.94874560486482,E2:open,E2
sky:rainy,A,4552,4,-2.5673846035615737,235.91621423942348,292.67460214397966,228.65893257399077,471.8520497643334,621.1690753177,701.9053178710298,740.7161376949999,-6.520914515195851,-1.9924108867415922,167.14466125805723,308.0682450279123,187.8622620409972,376.2289974371334,163.43687989717463,295.9837555888857,E2:open,E2
sky:rainy,B,4552,4,-2.610058213903033,234.56747740687325,294.41990784676705,226.67952034316497,477.2797765333333,625.7129683999999,709.2661696599998,747.669938,-6.57961028714151,-2.0336303679129357,164.08121434533328,308.22532118599764,187.47257991742313,379.2672161793886,159.63072380266672,295.93890107732335,E2:open,E2
sky:rainy,S,4552,4,0.6907271119798057,55.00598315599449,86.1749410063557,18.406005124360053,112.59875,157.4170833333332,360.3208749999998,689.3833333333334,0.4909129299021442,0.7145737799472479,36.550387500000014,74.18178980793058,47.440611478619005,118.50868277737841,5.731391728624532,29.276894883964136,E2:open,E2
sky:rainy,R,4552,4,-2.5954839284219546,233.9215126786384,293.8250006331125,225.89526014393837,476.2762979396621,624.9455025326678,708.5805393291124,746.9442256906041,-6.538518138832108,-2.0232030507750434,163.4130146681771,307.63666131636523,186.79193402275112,378.68333705165134,158.8723829218633,295.13298150681726,E2:open,E2
sky:rainy,P-cs,4552,4,0.7049745579327975,49.36445706092607,84.16660406989234,-0.2744338127178312,104.26710095155053,148.4478925956505,352.14152783857696,714.6506756839149,0.5678334869185622,0.721704817574027,28.559178907736577,70.78003071086174,41.29343890729309,118.38408880760784,-4.048002638575329,3.26882218241561,E2:open,E2
sky:rainy,P-sim,4552,4,0.7082055095012577,48.74323374084734,83.70446281722944,-2.232138430648466,104.4149402922218,147.79108093971303,344.0337885659573,724.9648879449313,0.5813834289364903,0.7241183840915766,28.082155246593732,70.64932593155947,40.619738821176355,118.17060987555872,-5.977515250155446,2.2348909552375065,E2:open,E2
sky:rainy,D,4552,4,0.64223427406277,61.634280434197834,92.68499614122295,31.747356698948035,137.39010006989514,169.3459723826498,353.19888890904235,686.7366990475189,0.423750997701056,0.6684943230729891,35.70678136545917,86.48746873705133,47.55336781696064,127.5243816953956,19.196146480259703,42.42404426957611,E2:open,E2
sky:rainy,H,4552,4,0.6533402421785004,60.67385739028549,91.23506472486984,30.085342800914646,134.3541435746328,165.24618707054827,342.8818527907628,700.1541295287288,0.4495273919189108,0.6772876815279363,34.71752426599295,85.5213485475474,46.2131247885322,125.9038069212409,18.382124755564888,39.40992281523032,E2:open,E2
sky:rainy,S-geo,4552,4,0.6916172280480213,54.73068561485507,86.05084191177416,17.826988751337204,111.86769650666669,158.2100845633332,358.08047319033295,691.0454416333334,0.49770624036386524,0.7146654909153989,36.16926092990001,74.05074538306694,47.08141968587908,118.54226711796478,5.351470327973981,28.509768211415576,E2:open,E2
sky:cloudy+rainy,A,9692,8,-1.806353278466494,239.05202628885976,302.2766428726322,229.21745155206773,489.3738220212,646.6285585531331,800.1733992917901,881.3700154623334,-3.0763772740989452,-0.9796143192349518,181.77244235135248,295.43365014575625,213.76075257591722,372.1742150475889,176.2243510404653,280.29582544891736,E2:open,E2
sky:cloudy+rainy,B,9692,8,-1.8436679402124034,238.04232507794265,304.27961663016583,227.79017131538933,493.0410631666667,652.4072068,806.2939101433335,887.7881103333334,-3.1121513825000044,-1.0047999088095125,180.1246413221436,295.1766672816709,214.8048515166504,374.935149723857,173.6868739138978,279.85159590938406,E2:open,E2
sky:cloudy+rainy,S,9692,8,0.693672955164031,61.228810908593374,99.86793965309138,18.06903910366835,133.1695833333332,229.99374999999984,404.170875,735.725,0.6395323508516975,0.7718294863743014,41.21165072808209,79.82722480577384,62.31488516960438,127.21224659278668,9.230771111241664,28.672213160419574,E2:open,E2
sky:cloudy+rainy,R,9692,8,-1.8330045587384993,237.4231659695502,303.70857648691236,226.98750288512178,492.4674338172301,651.7977391476948,805.5865042343877,887.0803982700434,-3.0925358520105686,-0.995817194485621,179.477038414438,294.6085370660422,214.15659656384477,374.3726071140885,172.89942818684307,279.04863593486795,E2:open,E2
sky:cloudy+rainy,P-cs,9692,8,0.7014563738683068,56.347249515548235,98.59101126689015,-7.274445572865371,127.26394796087135,214.90951245002918,443.09229803263577,763.2825949624412,0.6414562676937591,0.7862895718936033,36.353276515070014,75.90250463793294,58.56916206807524,127.53694190617036,-15.537637589247328,0.5071232852322428,E2:open,E2
sky:cloudy+rainy,P-sim,9692,8,0.6996045159456555,56.56682679851614,98.89631721678676,-9.561605392183829,126.99079361131106,213.3968735012518,452.6547653132864,770.7543633419881,0.6397318342567461,0.7797887917990508,36.60600424803826,75.55302689931987,59.11985164494483,127.92061156675805,-17.97740032748684,-1.5629708538052902,E2:open,E2
sky:cloudy+rainy,D,9692,8,0.6513444116189406,66.94566612989733,106.54467153528195,25.954332010937247,159.21688567316545,236.3824691524952,413.2016637185811,700.8197088996924,0.555397594400115,0.7792603533039105,40.64352481276278,92.71952175488494,59.595140771955776,139.779662948734,14.912173152828931,35.81311444591555,E2:open,E2
sky:cloudy+rainy,H,9692,8,0.6534192327802464,66.86586403606354,106.22717913309782,24.139909465291623,156.25367427033973,233.4058599607205,415.0978043562161,708.3607751724026,0.5533971549877338,0.7817926508195865,40.08756363833094,92.72446916624695,59.26349909972555,140.0112689855234,13.601613763358898,33.595390718914025,E2:open,E2
sky:cloudy+rainy,S-geo,9692,8,0.6950091056494896,60.92902878025386,99.6498974885708,17.19220436033364,132.41069251333334,228.9758338616663,406.12357402366666,736.754154,0.6409260115390832,0.7738317642438506,40.889695604047816,79.60877686614931,61.88494995032437,127.21467818090206,8.526080361587741,27.399475379689562,E2:open,E2
shade:shaded,A,138,12,-0.05087070665071303,13.546867661734302,16.41732661766155,8.13213592383092,26.461312026999998,33.365022328483334,37.834938316519995,46.432823181,-1.3772201974180327,0.22561224493337098,9.980969569508348,17.7973979504861,12.320057807642723,20.88357542623876,2.0100159439616085,15.090745616506634,E2:open,E2
shade:shaded,B,138,12,0.39110879844390056,9.84241818115942,12.496766197219857,2.571556157004832,20.386294333333332,23.558676816666665,33.13201171999997,36.22034166666666,-0.201682152894195,0.5448408317425997,6.986004342470465,13.01777466234299,9.212718626526186,15.755449929530428,-2.6607866160513094,8.435858082135045,E2:open,E2
shade:shaded,S,138,12,-0.712212548856846,15.690972222222225,20.95591524080758,11.34604468599034,40.46375,42.901041666666664,55.43941666666665,62.029166666666654,-4.4801256340541284,0.48220193465343014,9.282626955928798,23.689151835450083,11.639957111655889,28.784580842475833,2.3975844988345014,22.15459250278126,E2:open,E2
shade:shaded,R,138,12,-0.3430503969424106,14.521258021523057,18.559828127832105,-12.127798020873428,30.16012624307906,37.89911122865894,51.310677585292794,51.73429175574233,-1.0893008765209846,0.046711303716542765,9.140439443790529,19.91769007500006,11.80724531521017,24.19240390093117,-18.21034760427654,-5.212133863626938,E2:open,E2
shade:shaded,P-cs,138,12,0.283456369410774,11.41351767927626,13.556547974659352,-6.7646136075719845,21.024318059135755,22.544558943248038,28.228657221925886,45.623542880143205,-0.6546161054270964,0.6092469183952889,8.427428580105847,14.56934946336813,9.959314562959195,16.637494541964355,-12.275563783219877,-0.2656583778428854,E2:open,E2
shade:shaded,P-sim,138,12,0.22083728294316862,11.797083104464294,14.13649933394603,-3.242270656035834,20.999823271518164,25.580905985988828,35.93466258939758,42.14990368851477,-0.6511695864568556,0.5263591312625766,8.8728221166713,14.497761021221613,10.831269106278654,16.899857725318356,-9.595537941587173,4.245186766944955,E2:open,E2
shade:shaded,D,138,12,0.5172967698897396,9.20672885193792,11.12673892194867,1.343050463069513,16.480549520010793,17.48055829192205,27.351879197045644,35.9685302124689,-0.09500687509324167,0.6792521475902914,7.029213781771736,11.844627049249517,8.627493612780583,13.63039852067245,-3.4782046239905573,7.159753908516063,E2:open,E2
shade:shaded,H,138,12,0.3243148338376436,10.964623048237723,13.164367197282086,-2.3973477610295815,19.26938814734189,22.375624840023264,37.12361643497439,39.89666236680753,-0.21592126501372014,0.5034719462314596,8.49681609650928,13.547911431430336,10.145553914810733,16.133889723958404,-7.896049594593402,4.201235612170211,E2:open,E2
shade:shaded,S-geo,138,12,0.4229049000155092,10.178671552173913,12.166102995267686,2.9351603352657016,20.19965996,22.06914937666667,27.55264751199999,29.215434333333334,-0.24689430084802882,0.612084454594668,7.905422585703336,12.746402671711268,9.638792508626723,14.552722422405187,-2.4840873113169275,9.020922734482966,E2:open,E2
shade:unshaded,A,19990,15,0.37496353783408887,155.93617823250852,228.81383544612027,132.55859249915417,386.21951538110017,484.5001696779,744.0743675130835,881.3700154623334,-0.30534898384269243,0.7304282278505357,102.39105606232278,217.9039789652183,153.67507328475745,295.65780301038467,77.96970003702414,197.33085773053247,E2:open,E2
shade:unshaded,B,19990,15,0.3666991088201824,155.62292936070136,230.32159211353832,131.6157411461941,390.7187159000005,489.5007728,750.1242752966671,887.7881103333334,-0.3225735517682607,0.7262315219920088,102.48324661881229,217.58378843568627,154.38266855184628,298.08552829004617,76.87943396260822,196.67925448641788,E2:open,E2
shade:unshaded,S,19990,15,0.887830389476502,58.06189292109823,96.93200819292186,9.724538827384709,136.29750000000018,209.8327083333333,386.9445833333334,826.6083333333331,0.7982540419036261,0.9461460948349019,42.40903202786638,75.04484712477691,66.87260399763097,121.90484186475638,1.526826125454704,18.256929391292452,E2:open,E2
shade:unshaded,R,19990,15,0.36909504381154135,155.25018623391318,229.88549728722012,130.87053638229352,390.28911235119165,488.75776763817265,749.4809438282164,887.0803982700434,-0.3176986965926671,0.7275171221911073,102.21001348928783,217.09299262333315,153.93931793343705,297.5829976401261,76.13106738808915,195.93543308146167,E2:open,E2
shade:unshaded,P-cs,19990,15,0.8837907334654007,56.90427885618121,98.66201579836122,-12.6790560839786,137.27478996341551,215.21854138220414,391.62671514577545,891.7964248904148,0.7903221807674103,0.9454464221130753,39.616957121960795,75.3536144907268,66.902380266124,125.51116085085201,-23.76445808673782,-2.9424321342271926,E2:open,E2
shade:unshaded,P-sim,19990,15,0.8826445405103591,56.78445911014027,99.14738254817493,-14.35884246491108,138.0204744662653,216.20489580040257,391.01580701826487,902.3624875579942,0.7871235847948592,0.9458949082174402,38.94577334229992,75.89055431156623,66.92048890223109,126.63011120136004,-25.684109690755303,-4.1050555310994925,E2:open,E2
shade:unshaded,D,19990,15,0.8731404160718744,64.230884425409,103.08399607307982,0.22162771584400076,158.38971615604964,224.68175349843537,388.7792640147474,854.856379400119,0.7705995436462926,0.9393480046876428,45.42734595453964,84.45226411142592,70.8444565095286,130.188685497933,-15.14787976617472,17.25600313235507,E2:open,E2
shade:unshaded,H,19990,15,0.8707911477724868,65.73683432990137,104.03410581210265,-3.819449052262889,156.91298494470055,226.38959827495827,390.61920809554084,861.885840244365,0.7664852306827648,0.9381401142873712,47.0784994105275,86.09466992036836,71.64456240696606,131.51018391247746,-19.65690337781399,14.167155547435977,E2:open,E2
shade:unshaded,S-geo,19990,15,0.8880785348856718,57.550537658622,96.82473069458158,8.619281179605819,136.00904417999993,210.13600790833308,388.17765366633364,828.660599333333,0.798221721268295,0.9467644012381724,41.58418406059312,74.62091740029766,66.66344106039585,121.98177570184548,0.637342707407734,16.89752543718648,E2:open,E2
horizontals,A,20152,15,0.38107153576021113,154.80328623563327,227.89817856787957,131.57519826512564,384.10479288726674,482.5678383383334,743.5854068602513,881.3700154623334,-0.2976151568545027,0.7352759860333319,101.69918328012119,216.3682977531946,153.1610929536621,294.3341847757555,77.40265175570097,196.00758584519963,E2:open,E2
horizontals,B,20152,15,0.37290430975990974,154.45302975139373,229.39689442843007,130.58350782165974,389.40623640000024,487.4021397333334,749.6157425700006,887.7881103333334,-0.31651019928892404,0.7311422215340557,101.75206240954051,216.01110575663506,153.8022433282786,296.77639571297675,76.26658558477162,195.23930695649955,E2:open,E2
horizontals,S,20152,15,0.8888887160037207,57.72273440151946,96.56054521003293,9.740462997523174,135.44875000000027,209.096875,386.3521250000007,826.6083333333331,0.7996458659523669,0.9466688741851679,42.23368347952215,74.62351719729882,66.63048001626606,121.3631681246241,1.6275578502585601,18.268213896741383,E2:open,E2
horizontals,R,20152,15,0.37526158725921666,154.11481706922433,228.9653324829267,129.73811175763066,388.6699362176166,486.7119149445958,748.7545945957746,887.0803982700434,-0.31167859852342045,0.7323296680914895,101.51672688304602,215.57032189032665,153.3644112125927,296.2956526252177,75.40988974038875,194.40759650592798,E2:open,E2
horizontals,P-cs,20152,15,0.8849151534704922,56.53749318234159,98.27197800287111,-12.628452685101191,136.33514925198008,213.78918028117548,390.5617653955281,891.7964248904148,0.7919515530432492,0.9460062347363403,39.39111728166791,74.78221034520774,66.69030337129324,125.03568790213106,-23.598434010777027,-2.9920847157785038,E2:open,E2
horizontals,P-sim,20152,15,0.8837779281367855,56.42244206129639,98.75632783656741,-14.258854632558123,137.31153448257186,215.79264571478112,389.5859775286501,902.3624875579942,0.7888069249869911,0.9464567148340303,38.72701011935197,75.42785165112336,66.6931708383363,126.07023691109549,-25.48527862780543,-4.0563857976122994,E2:open,E2
horizontals,D,20152,15,0.8743744484938848,63.788935062706095,102.67379551743986,0.23422805960711532,157.82843988088518,224.20512342381667,388.32744235377817,854.856379400119,0.7726848962975335,0.9400615739569848,45.14275310402357,83.83731547318601,70.63288969834657,129.64319611484936,-14.970933004471659,17.12250672456095,E2:open,E2
horizontals,H,20152,15,0.8720428516347527,65.29841391188793,103.62222242947782,-3.7943213991695997,156.26988435216666,225.8381289537643,389.85566171181785,861.885840244365,0.7689729467350507,0.9386899839111241,46.809728633458825,85.46121804087498,71.42340903431052,131.00583431185086,-19.48542537092711,14.035806447025823,E2:open,E2
horizontals,S-geo,20152,15,0.889160429539273,57.175827268616196,96.44240749340265,8.58347528809483,135.0938569333334,209.36572049,387.351361463,828.660599333333,0.8001798940897917,0.9473119424731264,41.323962069980276,74.11574797608858,66.41266482360936,121.45031642269196,0.6439836893152873,16.831032391567476,E2:open,E2
overall,A,5038,15,0.0035474172763088063,222.1826449365906,318.0564457789759,197.24918788753348,540.5417183427334,662.0285852047982,875.4978919271135,987.483728027,-0.9342732332012307,0.47540872348437163,146.94965302614426,301.7625061963319,237.79011672191814,390.42295423544,119.91658440584261,282.4908749780516,E2:tilted,E2
overall,B,5038,15,0.38411917025101194,186.6651814379067,250.04848409443665,119.21297829353723,409.9907448333334,504.1047670833332,754.2395590533333,889.129777,-0.19372909241639957,0.6811355520075526,141.73319340303408,238.4720295135822,184.9874096322009,312.05204676246797,51.907698111645765,192.55191200330526,E2:tilted,E2
overall,R,5038,15,0.07395631066213404,212.85933090116092,306.6137460481975,179.24120364986638,519.9453751174512,642.3333661575917,856.1723375927196,968.5177493492411,-0.8002757107709393,0.5175277418168756,139.52152803679274,289.3828438293622,227.23023072070816,377.6320775756618,102.79205554171232,264.00492901047517,E2:tilted,E2
overall,P-cs,5038,15,0.8195840410244164,82.79806273358146,135.33600690300844,-24.020829745748774,222.91280956666685,287.9394911833333,529.4143184501344,1015.7183407139871,0.7288397533070522,0.8942631346678006,63.03989645730159,105.42805654573432,102.82411753299729,163.73482361984924,-55.18211518178474,-0.12531641133754698,E2:tilted,E2
overall,P-sim,5038,15,0.8631016344579002,74.70886793871279,117.88946977947809,18.0615096016716,164.3842542917568,237.98401705062543,453.3293910786413,946.0849974567408,0.7728687781652887,0.9237908870876985,57.81730631193777,92.58549350898456,88.98678228253073,143.0091869042418,1.3129645257368907,35.85471801334335,E2:tilted,E2
overall,D,5038,15,0.8024692367762383,92.06653051087753,141.6097818609281,-11.733555091004282,244.78058395853174,307.1359170901635,512.9046565337521,984.246711827718,0.7010551881874102,0.884419438990099,69.99072988365153,116.6452081699248,107.06227016253276,171.42517548501908,-48.50021040989881,17.389279003624193,E2:tilted,E2
overall,H,5038,15,0.8150548488306193,96.29115944708869,137.024226040088,38.47465317374683,209.99356871365885,284.374544577707,446.6937168492772,835.9048497437157,0.6853699293432195,0.890165970977913,73.9343009223563,118.8425634835113,107.70118193048111,162.20380500984515,11.249560364285852,68.80092480925079,E2:tilted,E2
overall,S-geo,5038,15,0.8833692574000127,58.511229850550606,108.81340570596664,5.455922612771059,143.2771349833334,222.90028478833327,442.37846683200036,982.6753158333333,0.7953424641685285,0.9458847087177862,39.74552069092695,78.22145606696328,73.53703410408568,137.2628267865808,-2.546976514485517,13.155873390546596,E2:tilted,E2
sensor:Pinc,A,5038,15,0.0035474172763088063,222.1826449365906,318.0564457789759,197.24918788753348,540.5417183427334,662.0285852047982,875.4978919271135,987.483728027,-0.9342732332012307,0.47540872348437163,146.94965302614426,301.7625061963319,237.79011672191814,390.42295423544,119.91658440584261,282.4908749780516,E2:tilted,E2
sensor:Pinc,B,5038,15,0.38411917025101194,186.6651814379067,250.04848409443665,119.21297829353723,409.9907448333334,504.1047670833332,754.2395590533333,889.129777,-0.19372909241639957,0.6811355520075526,141.73319340303408,238.4720295135822,184.9874096322009,312.05204676246797,51.907698111645765,192.55191200330526,E2:tilted,E2
sensor:Pinc,R,5038,15,0.07395631066213404,212.85933090116092,306.6137460481975,179.24120364986638,519.9453751174512,642.3333661575917,856.1723375927196,968.5177493492411,-0.8002757107709393,0.5175277418168756,139.52152803679274,289.3828438293622,227.23023072070816,377.6320775756618,102.79205554171232,264.00492901047517,E2:tilted,E2
sensor:Pinc,P-cs,5038,15,0.8195840410244164,82.79806273358146,135.33600690300844,-24.020829745748774,222.91280956666685,287.9394911833333,529.4143184501344,1015.7183407139871,0.7288397533070522,0.8942631346678006,63.03989645730159,105.42805654573432,102.82411753299729,163.73482361984924,-55.18211518178474,-0.12531641133754698,E2:tilted,E2
sensor:Pinc,P-sim,5038,15,0.8631016344579002,74.70886793871279,117.88946977947809,18.0615096016716,164.3842542917568,237.98401705062543,453.3293910786413,946.0849974567408,0.7728687781652887,0.9237908870876985,57.81730631193777,92.58549350898456,88.98678228253073,143.0091869042418,1.3129645257368907,35.85471801334335,E2:tilted,E2
sensor:Pinc,D,5038,15,0.8024692367762383,92.06653051087753,141.6097818609281,-11.733555091004282,244.78058395853174,307.1359170901635,512.9046565337521,984.246711827718,0.7010551881874102,0.884419438990099,69.99072988365153,116.6452081699248,107.06227016253276,171.42517548501908,-48.50021040989881,17.389279003624193,E2:tilted,E2
sensor:Pinc,H,5038,15,0.8150548488306193,96.29115944708869,137.024226040088,38.47465317374683,209.99356871365885,284.374544577707,446.6937168492772,835.9048497437157,0.6853699293432195,0.890165970977913,73.9343009223563,118.8425634835113,107.70118193048111,162.20380500984515,11.249560364285852,68.80092480925079,E2:tilted,E2
sensor:Pinc,S-geo,5038,15,0.8833692574000127,58.511229850550606,108.81340570596664,5.455922612771059,143.2771349833334,222.90028478833327,442.37846683200036,982.6753158333333,0.7953424641685285,0.9458847087177862,39.74552069092695,78.22145606696328,73.53703410408568,137.2628267865808,-2.546976514485517,13.155873390546596,E2:tilted,E2
sky:sunny,A,1124,3,0.9744216424980998,31.703146148039743,49.44165188253362,6.810056507887901,52.45659098276676,71.80030568473325,241.52362703443288,447.71006266266664,0.9555550696307059,0.9917750923390382,25.650347285648024,37.47369585309839,29.00609669878315,66.82668915518661,-36.3222144329714,25.650347285648024,E2:tilted,E2
sky:sunny,B,1124,3,0.8220873106691713,98.62122756613286,130.39475063571857,-27.301236947508897,252.96818066666665,273.84714073333333,284.1854437466667,381.70397066666663,0.4744506147351357,0.9445165641769272,63.51171031043263,178.6285544063492,75.33650151198492,202.4134559086373,-177.54964885714287,47.77915433253205,E2:tilted,E2
sky:sunny,R,1124,3,0.9732310413839868,29.962886063890636,50.579249858671346,-10.624069810772207,67.77444547677116,92.65372772597864,222.4674046910214,428.81444323108457,0.9532038161968494,0.99784034340163,12.116241504250235,55.59511244756709,14.863330172555871,62.77801024447188,-55.579551404994234,8.56807362219197,E2:tilted,E2
sky:sunny,P-cs,1124,3,0.818641531169222,98.69152479352258,131.651425556009,-29.825667688194372,257.2745013666668,275.52413611666657,287.54305674666665,394.4842336953037,0.4548528488358222,0.9447097231181978,63.34517824535492,181.13339863004424,75.2052496713206,206.15291832237682,-180.05449308083797,43.030350633631755,E2:tilted,E2
sky:sunny,P-sim,1124,3,0.9734712040650825,32.81374102717218,50.35184810092069,4.473079245445993,59.95434488966662,78.58435789933189,215.51057637156285,441.6382081076321,0.9579599921736555,0.9918473459124578,25.441864289081682,40.68391359627418,28.87841032844337,64.993544759763,-39.532432176147196,25.441864289081682,E2:tilted,E2
sky:sunny,D,1124,3,0.7983691651138982,103.29768272487512,138.8145917176649,-45.3983907811213,271.30060238724184,302.1263451352626,309.95983921582683,405.121474439077,0.348680526277232,0.9444354888964931,63.621228421242236,199.14599279993305,75.39152422479759,225.33551462583932,-197.51141870187092,28.790784440007872,E2:tilted,E2
sky:sunny,H,1124,3,0.9647912433134469,38.65079706321835,58.00721173750348,-11.684113942911699,82.9686800151551,93.12401780723391,218.19817895545953,383.98639305420824,0.934254610647998,0.9916538079137639,20.620716386470455,64.27047834369445,29.21917589708028,71.59212683518804,-63.14041805443023,12.846124951610296,E2:tilted,E2
sky:sunny,S-geo,1124,3,0.9838807808249337,17.3304516789739,39.24900451966138,2.5713809349644157,31.018321663333346,37.003086804999924,213.32528899666656,404.8777800666666,0.9654871526672845,0.9980143487723826,10.30016074984127,27.666548883573675,14.251981807499375,58.8883282025761,-4.992213545112177,11.416505187447,E2:tilted,E2
sky:mixed,A,1491,4,0.6148592241151267,141.19823921624993,206.72939222157572,94.92168824375362,388.27756551133336,475.111230469,578.2135201011331,681.0908040363333,0.362543532046695,0.8635179411370799,71.3840689140502,226.43857477671335,115.64266739783825,280.46674059984207,52.73701901891833,141.66876327210844,E2:tilted,E2
sky:mixed,B,1491,4,0.6656800360875195,147.90119010328638,192.6076945725288,60.85673271003801,337.28027166666686,398.07812966666665,478.57299889999985,661.6774513333332,0.5198150980135499,0.8060078526484274,104.23589098639228,201.35358724079612,137.88267831757844,243.42229453155076,23.5603550581088,91.6551394686175,E2:tilted,E2
sky:mixed,R,1491,4,0.6435262383463232,137.49873663328378,198.88693813036696,78.36054273081437,370.75511770165303,459.2205958073655,558.9838097649456,664.5813289975581,0.40383745925200576,0.8791284995949922,69.5359599140741,220.5696748958415,108.83085260452181,271.0556052830265,37.04718134542262,123.97548183730667,E2:tilted,E2
sky:mixed,P-cs,1491,4,0.7725204894788742,98.45792727344288,158.87794721505756,-39.445779106380684,252.16885274229608,350.537864,578.7432360145781,1015.7183407139871,0.6136567452948112,0.9291973245930855,61.24236202286333,144.06088111034708,83.28116831539616,218.34475730390267,-92.03644344607419,3.5037712914265957,E2:tilted,E2
sky:mixed,P-sim,1491,4,0.8419317770432394,85.41315085873094,132.4386553685438,-14.314256185289182,196.3594239035271,259.7519600111101,456.72842620030474,946.0849974567408,0.6910424536185631,0.9318212267611726,54.97722883238796,122.59639849580095,81.7234262398639,177.3021372678895,-31.020798826540958,-2.179329182333067,E2:tilted,E2
sky:mixed,D,1491,4,0.7624658406210928,103.56036054940279,162.35120415741213,-39.6649619253431,252.08860835989964,371.4145934657454,581.217381593997,984.246711827718,0.6013353611889632,0.921179530469544,65.49120871724456,150.20927645119687,87.87017343156185,221.79919181295423,-88.50620668322583,0.1933011535624308,E2:tilted,E2
sky:mixed,H,1491,4,0.8332136307347064,95.1091434367816,136.0419206475658,-12.357272385440103,212.54700418102595,278.7234233548199,440.96780976779246,835.9048497437157,0.70136165107008,0.9283540655600413,59.365655604353414,138.86281087728244,83.77563925599415,180.51529857881212,-20.270223800359496,-7.4694606110643695,E2:tilted,E2
sky:mixed,S-geo,1491,4,0.8447092772396158,77.19548002316118,131.2699237479297,-4.865700028258436,179.67321900000002,270.6565354,491.52277957999974,982.6753158333333,0.6853394390379659,0.9413901574062203,46.44286966513959,114.84080523318418,75.77173858788319,179.92976192753184,-22.549546517661682,13.805130189496507,E2:tilted,E2
sky:cloudy,A,1285,4,-2.513947455802819,341.3143164103984,414.40546998310157,323.7097775036903,653.4802734374001,785.2963924155332,971.798378092627,987.483728027,-8.469425332777096,-1.0317785021073913,304.5156559629435,370.3739828083188,351.1573801568523,462.9295235529588,279.5507001285636,358.5819179935184,E2:tilted,E2
sky:cloudy,B,1285,4,-1.1781225655055363,260.3521733027237,326.2638862136634,218.7221541089494,530.5274100666675,742.7610758666666,872.468981986667,889.129777,-3.028583877453168,0.10174532078636134,191.7032260113638,329.54165465642404,223.96490184475482,421.09403802824556,123.53011572957082,294.0826703887778,E2:tilted,E2
sky:cloudy,R,1285,4,-2.275348690425097,326.71874790813007,400.0890066961792,305.1556756651274,633.1598689368674,766.0382734088578,953.0961000649974,968.5177493492411,-7.690783100369638,-0.8946923870861863,289.8839137771921,355.80698043214375,335.57404307837686,450.75108834740223,259.2229284799999,341.4284718405693,E2:tilted,E2
sky:cloudy,P-cs,1285,4,0.604492080187111,76.22678512252672,139.02901309109328,-23.464022959415864,246.5270772132732,320.415308295815,598.7061502021187,867.3521410910641,0.43112533303638134,0.6995378461651832,46.33546568722053,100.05622858843523,87.26982399032651,169.31254579098183,-42.674834503143344,-11.267894422254809,E2:tilted,E2
sky:cloudy,P-sim,1285,4,0.5979855040136695,90.09677158039558,140.16794440214343,32.323631722302046,212.66153869360042,347.6934108937735,505.1090384356431,828.5316481408088,0.5472662391182973,0.6739459615166556,62.98306914207265,111.83885467839654,76.91057307760936,174.91167791817514,8.49968995837802,53.941220358009275,E2:tilted,E2
sky:cloudy,D,1285,4,0.5610877649948919,88.73213252998285,146.45921138757953,10.339810971260484,266.59036763541354,339.98089418927714,537.655296967156,812.5289150479855,0.3688295117515935,0.7083913216075483,49.45445091819893,120.04441017853789,86.31569332809086,180.5853299262331,-19.134737922482923,36.01310899040815,E2:tilted,E2
sky:cloudy,H,1285,4,0.4234792331320786,123.87853338951204,167.85540317501537,80.38867287960305,291.18923262920964,384.7674171163425,483.7792631301431,756.051834307217,0.180646193961695,0.5291641269621807,100.23594518601216,142.9707564474452,116.02181140318847,199.764305633727,69.55831414358936,90.93621118779461,E2:tilted,E2
sky:cloudy,S-geo,1285,4,0.6472148575872403,74.75338524822308,131.30552211590725,11.216950750739304,180.69585845333336,325.7049583533333,577.3752906213334,855.5869591666667,0.5869527820585978,0.8362189888479975,37.91199547432749,104.1234442288112,51.872320671710646,169.82568033311628,-0.5887294895043674,25.281004725605296,E2:tilted,E2
sky:rainy,A,1138,4,-5.7730521993199915,381.90365348098084,442.1742746599923,376.61828101832066,673.1653446454668,794.447152302633,882.7477232663691,914.1535074866666,-31.584484284648227,-3.2089994740458456,356.79973856964205,401.57756798829985,394.1742981138552,481.2043595512446,356.05003004913397,392.7375999596897,E2:tilted,E2
sky:rainy,B,1138,4,-2.159367196039981,241.20888151304092,301.99608505734324,228.0195241398716,491.1632110333334,633.0561718166666,717.4796649399997,748.8866046666667,-6.794560667171882,-1.7322198563801505,168.79480075066655,317.23174244659225,192.54781472758953,387.85363360822544,164.23983213599996,301.8567627563816,E2:tilted,E2
sky:rainy,R,1138,4,-5.273452839795073,363.6755867856434,425.5539044514095,356.76452198066943,654.6634825504241,775.4498004851608,863.008747473106,894.4162591792217,-28.416613032620088,-2.964393478963029,335.58790318284485,385.6878780104073,374.52361859468607,467.0124882374371,334.1567580966467,374.48220527535796,E2:tilted,E2
sky:rainy,P-cs,1138,4,0.6858538755301135,54.00279238727059,95.22853734990802,1.2935293259324494,118.1162351739944,175.28427865642377,373.9448833024393,713.7579529873208,0.44981310962942095,0.7340851058927971,29.430197766033714,73.26031168291075,42.86567714176928,124.33278980870301,-3.8281516218528884,5.748727595765163,E2:tilted,E2
sky:rainy,P-sim,1138,4,0.5199656226019945,84.68828853208905,117.71652436157005,57.79686600215139,159.95639514981437,207.72341495793987,458.81188254095804,678.0516362147991,-1.007800547104186,0.6622898472235992,82.02116866803267,86.70441789586162,97.84601915866413,136.9412917909324,30.285208454526373,79.12497812917255,E2:tilted,E2
sky:rainy,D,1138,4,0.6192933288259792,69.67952324328101,104.83263553514935,33.18799808621933,148.77023762384118,185.86137090403963,390.253367750293,688.2292965625004,0.37047787215403083,0.6692951305959265,39.435339878093075,93.85054974823719,51.07122616716435,137.26308598567704,22.196510839451662,47.12731960772736,E2:tilted,E2
sky:rainy,H,1138,4,0.17780730720650662,123.62013807171446,154.05935209362744,107.28778140384055,218.93317766289712,269.0232168803591,496.09955800653273,629.586721960461,-2.5921754600372506,0.4401969414958091,117.30499640049527,128.5693086604443,130.87649266269005,176.2023764519646,98.72503899376908,114.98105793981391,E2:tilted,E2
sky:rainy,S-geo,1138,4,0.693378113686696,56.3651911611663,94.0811974211714,15.323095764212582,114.52917347333334,163.3273682049999,406.70637759732995,713.1687117666665,0.5066081260476791,0.72579972634865,34.94570081573333,73.20097299353161,46.43796515348629,125.8799539263103,6.175545333705084,22.380023208006325,E2:tilted,E2
sky:cloudy+rainy,A,2423,8,-3.3868618390598684,360.37773596727953,427.6721335966396,348.5590870371816,671.4338134766001,790.6015913898337,915.650595865427,987.483728027,-7.667226278597035,-1.845353550471419,334.32256773497335,383.5243347907724,385.53602892368593,464.7606456722691,318.63760657405095,374.99520390963454,E2:tilted,E2
sky:cloudy+rainy,B,2423,8,-1.3813655201393438,251.36122569370227,315.09898588423886,223.088809946832,506.20709433333377,660.4561015333335,809.7943361466688,889.129777,-2.7206611898497886,-0.4079581210223976,195.38103266657197,307.25632527994065,229.47091790840693,384.7180669461757,159.77961671113988,283.22523049875224,E2:tilted,E2
sky:cloudy+rainy,R,2423,8,-3.076080244833806,344.07610764507194,412.2449435906845,329.394580785675,651.0337019879447,770.2965993718514,896.9329337559014,968.5177493492411,-6.979897282261855,-1.6505893943740597,317.5567759083981,367.7303916855917,368.5612129210991,450.5917618744747,298.1791323026726,356.18548771824794,E2:tilted,E2
sky:cloudy+rainy,P-cs,2423,8,0.6519833606887919,65.78893793609606,120.45753710901829,-11.83624974409338,159.82025450043704,283.8802692800716,545.7495878036318,867.3521410910641,0.544570895493984,0.7232648634962221,46.127419942359985,84.72228129043681,81.94008794900599,148.11672480354164,-24.556359607669187,-1.3166477664050502,E2:tilted,E2
sky:cloudy+rainy,P-sim,2423,8,0.5939951350486659,87.5565925837085,130.10667962049348,44.28753622517804,175.01206779790252,280.07609241338173,486.89403361215426,828.5316481408088,0.4507484702837216,0.6467541525103478,72.67025440055716,101.83372711067042,97.70897746045175,155.7873441297298,25.056088229441208,64.25956317995893,E2:tilted,E2
sky:cloudy+rainy,D,2423,8,0.6033574566314707,79.78377538253477,128.59782459381273,21.07082085026303,194.84427683853505,300.2120907136024,499.0080645811283,812.5289150479855,0.48077384201547274,0.6910844464067197,53.57327652732829,104.06730473452268,86.61363579849642,158.63162459846345,1.9808449910030632,38.35613904562804,E2:tilted,E2
sky:cloudy+rainy,H,2423,8,0.37425249291829843,123.75717397075282,161.52269006068676,93.02226161281902,242.70832266289884,344.6677982439957,488.60277096907055,756.051834307217,0.02410282793369608,0.48012408173530463,110.09573434882049,136.06603993047662,133.89373393807344,183.76302479774915,81.61594381849696,104.4056056289377,E2:tilted,E2
sky:cloudy+rainy,S-geo,2423,8,0.6809881862284269,66.11708113304742,115.32868974484681,13.145466237876153,143.87246282666663,258.8150611833336,459.3352151860006,855.5869591666667,0.6249243624645372,0.7531891880714913,44.68828206405394,86.38648289782495,70.79755497655819,146.39621541015742,5.510438380598128,21.899750428293945,E2:tilted,E2
shade:shaded,A,93,12,-3.5512438730285707,19.24174497601434,21.528373342200375,19.211475060623656,34.7138124086,38.736784922066654,46.303409566613325,49.885007730666665,-7.060068858657699,-2.4344589338956175,15.331484499011012,24.610176007618367,16.832025921232887,27.363240896525564,15.292601797760502,24.59043345450682,E2:tilted,E2
shade:shaded,B,93,12,-3.5874188733109458,17.955897645161293,21.61376181250729,16.913979021505376,33.91911513333333,39.22988446666665,50.04976934666667,50.90589466666667,-9.459513722025934,-1.843659459598636,13.446649328888537,23.00578518798449,16.38259699564472,26.436068551851914,11.386017892494554,22.53516591564598,E2:tilted,E2
shade:shaded,R,93,12,0.004786820476807785,7.724735110950404,10.067096276750453,-2.502799250211902,17.41793119642686,19.609436184779263,24.50389754989386,28.85638895582467,-0.8234206093655745,0.317076319295827,4.953542605665306,10.979439302459603,6.641153013351686,13.23208831435239,-6.598910714821616,2.771153690879344,E2:tilted,E2
shade:shaded,P-cs,93,12,-0.3151342654647227,9.339446418464693,11.572607116607987,1.8411315047123424,19.803721678821347,22.031909992985977,28.343474172892787,28.952197994493186,-2.8117060323054996,0.363489263077678,6.808190738686622,11.850823407171404,8.956264910513656,14.209813788523613,-4.107725917458754,7.018853130250585,E2:tilted,E2
shade:shaded,P-sim,93,12,-0.18226348592946495,9.054867363928363,10.972442180098847,3.202818783120165,17.543426462866663,18.94994298389987,22.45289831982738,26.418444838668577,-2.30862826487975,0.48094541639072474,6.199137938613099,12.153073442317536,7.975726334442886,13.647936502513597,-2.3259056141434375,8.502926479652555,E2:tilted,E2
shade:shaded,D,93,12,-1.6687550391884987,14.290368114123293,16.48543908186073,12.171489589298583,26.04679316308891,28.174027878400498,33.84047810602439,34.90117509047191,-6.170066977044689,-0.32067156306019245,10.533830607712572,17.594217212403443,12.643868340861568,19.506960555725637,6.885644058117842,16.91299226176129,E2:tilted,E2
shade:shaded,H,93,12,-0.19531977333541728,9.73241931808237,11.032862724824321,6.356916366861593,16.56293506055408,17.450451999558933,19.74679297569315,21.08735849682878,-1.9797869218973987,0.2864489731517569,7.423385540505696,12.250216641632333,8.850990133724073,13.153419082643651,1.5602600200526262,10.654090161497567,E2:tilted,E2
shade:shaded,S-geo,93,12,-0.8723825611255482,12.212754166308246,13.808403093618747,10.74278992688172,19.85937412,22.219548119999995,26.149555373333335,26.32748383333334,-3.90543071156232,0.053677002917848486,9.108811974456898,14.865502547756035,10.911689597115195,16.032618550210742,6.227151256261932,14.245984181015308,E2:tilted,E2
shade:unshaded,A,4936,15,-0.020222877573776943,226.35871533794364,321.30901536622736,200.91059104478754,542.0138326008333,668.1535481768333,876.5655576579165,987.483728027,-0.971358804330596,0.4601756874619239,148.75857183221618,308.5980809886563,239.44115411625765,395.8360655794855,121.83436925653392,289.60897233229775,E2:tilted,E2
shade:unshaded,B,4936,15,0.36946698510215004,190.13041084721246,252.5976453905269,121.30856651468947,411.7542195000001,508.47759499999995,754.6897393333331,889.129777,-0.2206413998152533,0.6740304365788395,143.82869639327402,244.29103613941638,186.46199484923847,315.39741748319716,52.58317730871003,196.9381771810557,E2:tilted,E2
shade:unshaded,R,4936,15,0.05179148187132476,217.0883349827972,309.76140715074024,182.97829157318583,521.2827162776966,648.6926142680644,857.2932908714056,968.5177493492411,-0.8404125618468309,0.5054204715493082,141.87634057814694,296.3114391915849,228.62361164997466,382.4782801527528,104.17850745400484,271.6486596570497,E2:tilted,E2
shade:unshaded,P-cs,4936,15,0.8152907691709261,84.30761143928297,136.7161066417726,-24.563516394175867,225.7286711234703,289.39194483333324,535.405162098833,1015.7183407139871,0.7220092530491741,0.8920206011238301,64.09765098438987,107.56398464645227,103.71764876904552,165.8488074544955,-56.71211317293452,-0.11580838656991409,E2:tilted,E2
shade:unshaded,P-sim,4936,15,0.8598488416319743,76.05546873824073,119.08957025855014,18.361088578624493,166.17097471039423,238.7974151773717,456.7609425924758,946.0849974567408,0.7672066337067022,0.9216834408883671,58.69730209024687,94.42676479909127,89.60677180552057,144.96436741712006,1.260971429091753,36.5647893778676,E2:tilted,E2
shade:unshaded,D,4936,15,0.7977961625967348,93.66098783562272,143.04414260514494,-12.23881175205527,247.24265339479342,307.7350122300867,515.1499673131435,984.246711827718,0.6920750330691284,0.8819581644238187,70.8936208483599,118.89165795516196,107.91409876045036,173.31902774040657,-50.03845096137033,17.47093612886742,E2:tilted,E2
shade:unshaded,H,4936,15,0.8106529432422971,98.06862419164835,138.42185395143798,39.12534461015265,212.3797827272708,286.9101161947134,447.5769487967057,835.9048497437157,0.6782088769134927,0.8870757086622318,75.34423438824467,121.67118525001351,108.91298702299173,164.41553005718944,11.250728888317148,70.15888736131105,E2:tilted,E2
shade:unshaded,S-geo,4936,15,0.8806176288537433,59.4583793526892,109.91209414816704,5.336154013615735,145.07648023333334,225.91259617499998,444.9847984916658,982.6753158333333,0.7903314292499765,0.9446675985057718,40.26586835136484,79.68505830937475,74.15522872117145,138.68721840100983,-2.8536556331928358,13.178769096193188,E2:tilted,E2
overall,A,12690,4,-2.762776649466143,341.2637333638105,422.1233993360326,324.1999476876229,724.7928605140665,765.7306840005166,840.5437139482941,948.7446207686667,-9.610698494003028,-1.3114566876242444,286.6926592547301,433.5207429110384,370.4629938542473,494.48604340719567,262.10118020019445,427.02337078064187,E4:2025-04,E4
overall,B,12690,4,-2.6997374892508392,339.4497046505122,418.5724709117598,320.8293166459942,729.3766123333334,763.7342566,801.7420943333334,837.9174266666666,-9.347373667300133,-1.303552250695057,288.69632685160485,428.7077294393759,370.6659125026768,487.4832380252891,260.43427038995134,422.5614741178593,E4:2025-04,E4
overall,R,12690,4,-2.7884207164510797,341.4360072871836,423.5593840828052,322.83164231132633,730.4659690291273,770.6605470626807,827.256469796655,931.3125866365388,-9.687514274755515,-1.3265119413446294,287.5296583632473,433.53012647552544,371.6820333786354,496.2622568777406,260.11819652592874,426.7330431676481,E4:2025-04,E4
overall,P-cs,12690,4,0.6230872562918799,82.08234922741563,133.59974138480635,-17.70845679314145,203.63294643960376,304.73993296499685,517.6740861557761,1008.7874933845542,0.368440185909245,0.7830689276062546,48.72548370068027,112.59129041758781,74.91550393609448,179.14589364666784,-31.206816999701715,-2.962442101360149,E4:2025-04,E4
overall,P-sim,12690,4,0.6212978232901827,81.44779482374037,133.91650529360274,-21.135619489484505,206.97192100605596,304.52102488283055,510.9348441903082,982.3015031570983,0.3631900664068405,0.7822352012702748,48.565495889529835,112.63456216290274,75.96901825900281,179.88896718752162,-34.08962128399085,-7.099586500433443,E4:2025-04,E4
overall,D,12690,4,0.6145314084975738,89.54895202915124,135.1075769012607,6.272072675141827,209.9553428531708,296.2913482248906,498.12834526140387,994.2311015021378,0.3598156637193459,0.7816496249398476,58.19444215250249,119.44102104500512,83.46699611110259,180.36494578934264,-9.351795863670116,23.31948953363585,E4:2025-04,E4
overall,H,12690,4,0.6177712494734411,87.27565774244529,134.53859316720133,1.5690063472432325,208.58463902909594,300.7388910694064,495.782964774603,972.0933359676229,0.3558658268790319,0.7921365398114342,54.140225797752436,118.67184551533919,80.56802581975921,180.92050188190902,-13.326362431699597,17.068628239385358,E4:2025-04,E4
overall,C,12690,4,0.6077128503296236,97.30647576122931,136.29729842423643,30.996638245915417,224.34213999999997,287.87821999999994,456.2417876666671,843.50674,0.3733328106013812,0.7314224901239812,67.85137282764393,128.33010884573144,87.79227838172481,174.32297664934822,14.435781034663501,51.880195666491424,E4:2025-04,E4
overall,S-geo,12690,4,0.6237632958345742,85.04179892376673,133.4798737955858,8.362351482653011,213.94724356666669,296.4137752,497.34866084000015,990.910975,0.3630525105418744,0.7907928991881933,52.66500612652841,117.13113612778814,79.09101086767753,179.9083948417182,1.3909086597755926,16.194725497512273,E4:2025-04,E4
overall,A,17782,5,0.4309987422673426,156.4302024370803,244.72336972054995,108.93361078557766,491.01012980146646,573.1980948895167,669.0709403485762,834.3665934246667,7.681600897601614e-05,0.7933946649085885,76.05432096609728,240.9131852970303,139.39849959962862,320.02256622829213,33.04923908128793,188.7796066258164,E4:2025-05,E4
overall,B,17782,5,0.4284505779762272,159.86694324387958,245.27073120613002,109.77656005364975,486.5321405333333,574.78162125,666.6275306666665,714.7063146666667,0.009907687282052158,0.7776448976209702,82.73596750714229,240.93920997218186,144.614181263339,318.44550922355927,35.06112330423409,188.41231065605953,E4:2025-05,E4
overall,R,17782,5,0.42885607884437815,156.99763441351087,245.18370886164706,106.5627799703222,492.2571315958906,577.1606979627261,669.9842337551827,815.7308942433727,-0.0020955102220125976,0.7909662061024304,77.66458755541508,240.38449518914942,140.21535788163953,320.3700010413396,30.620534398855487,186.70583407724342,E4:2025-05,E4
overall,P-cs,17782,5,0.808137574801165,90.66886308555833,142.1064517640193,-18.795468275489668,234.32711297889432,329.8911113134033,521.6807315957949,759.1456175213333,0.6661457981210877,0.9229293525106332,52.9002155421771,128.04569918019288,88.06376855772726,180.98030019694545,-28.809195402382414,-11.57441454428159,E4:2025-05,E4
overall,P-sim,17782,5,0.8107465863877851,87.91508657665294,141.13693820784772,-22.35907823827608,228.86020177372916,327.5020024048281,531.7922964936959,705.5325524859899,0.6688589929834337,0.9255847396834015,49.28596820751457,126.00634131672801,86.25931415910418,180.24341530701122,-32.23351187589458,-14.71519910184819,E4:2025-05,E4
overall,D,17782,5,0.8118121680354002,93.14557763557686,140.73904518896458,-7.152763756010654,247.18004623965385,327.6903533513943,462.9911390897628,687.134824589955,0.6735231906982895,0.923761093806164,52.32019835315872,131.63312715648155,86.07149652176282,178.99056995734549,-15.174775678619564,3.7781482085519773,E4:2025-05,E4
overall,H,17782,5,0.8155995261101802,90.95596805870608,139.31563129748776,-12.864834716469515,243.08399772799717,324.0376247241115,466.9372974404,669.1018691234441,0.6771804739852492,0.927642365755448,49.88002091693207,130.24210438389503,84.30390029877263,177.9758955495718,-20.507768942724148,-2.2674632406704713,E4:2025-05,E4
overall,C,17782,5,0.8121752066999762,91.49156198389457,140.6032277456195,-10.12178943539984,245.13518999999988,329.1094780000001,469.52622883333316,666.1323933333333,0.681591044894899,0.9180150303312511,53.144824672944026,128.52497671367152,89.2561491622404,176.7281295115521,-15.102714979269855,-4.2124813484675405,E4:2025-05,E4
overall,S-geo,17782,5,0.8163964706497395,83.35959526001761,139.01425720515547,8.456594475913848,246.0948511966666,339.03176885500005,487.48636355999975,695.2311888333332,0.67627649276721,0.9299781858156552,43.874711035239635,122.13799451916053,83.42708670695666,178.21736980132837,0.5577106380067214,16.33295115636155,E4:2025-05,E4
overall,A,18729,5,0.5162224596194479,106.07223895509007,234.60178872213854,89.95083071659973,490.0246988934668,693.7321492511322,807.9783240560135,872.6638102216666,0.14874681638801646,0.8390277326893446,44.313653219447,165.28694239206988,126.62317425229968,303.56366786363526,19.182103277252143,157.27513227881244,E4:2025-06,E4
overall,B,18729,5,0.495675486640221,112.51881724528803,239.53198144988662,93.2929763670422,499.35700366666674,705.9918831999989,812.800407666667,835.6660923333334,0.12080405013585427,0.8241368643642095,51.5070238959792,171.0518912669721,130.08338273642707,308.50574539925896,22.496259160761028,160.59585110691324,E4:2025-06,E4
overall,R,18729,5,0.515604108344751,106.49835559216429,234.75167165142506,86.6443781344447,489.48188256851216,695.9470175669117,809.3048190129929,853.1616550676085,0.14723889605763618,0.8392337983160982,45.39481333832812,165.72376328668977,126.8889921068843,303.8324171021573,15.929032132169068,153.89200296776065,E4:2025-06,E4
overall,P-cs,18729,5,0.9713182751906999,33.61668334596071,57.12301217169215,2.1764131832548124,62.104995338361505,113.52361840572966,244.82115077173236,518.705570011706,0.946035392268739,0.9836557869348519,26.120259565318705,42.05101363519949,42.53390004817841,70.64015990211709,-6.0703953680635525,9.969319523767645,E4:2025-06,E4
overall,P-sim,18729,5,0.9766251376172952,28.357044120032814,51.568321924592816,-0.7495859057227006,51.0548856571208,82.36794209219299,249.85762433113035,528.4140905865986,0.9542420433685345,0.990960117431827,19.988911928578013,36.70108380037978,31.632578393815628,65.67486726081238,-9.887077209957273,8.396691447842853,E4:2025-06,E4
overall,D,18729,5,0.9407207359252762,54.36138427627121,82.12206657482965,13.831837722792114,157.2677776191512,198.42587032919764,250.97068665251481,533.7212539103652,0.9071919577678035,0.968262073344398,40.601688974676264,66.95450003298666,59.2710300392996,99.8284047395713,-8.326348964551308,35.49045122594245,E4:2025-06,E4
overall,H,18729,5,0.9444602136641267,52.3569415377557,79.48964736051768,2.851843328280017,144.8641465236127,196.40785900060172,244.8599070911787,516.9017177164035,0.9128822879843754,0.9711133471996416,39.12416113432352,64.1928350514456,56.49715972947225,97.01472795221336,-21.790640974255773,27.364850260136272,E4:2025-06,E4
overall,C,18729,5,0.9484478533846665,57.29071713479988,76.58290652198112,-16.574169248206882,110.3538546666668,128.14329066666667,292.64416400000033,509.0025999999999,0.9192459652943001,0.9608634488900518,52.457492012025554,62.12858958942303,65.21397725684925,86.56871011527822,-32.659262848965874,-0.7033520659522325,E4:2025-06,E4
overall,S-geo,18729,5,0.9791371047709975,24.155274291154537,48.71870733514019,6.987538629763115,46.32464080666664,79.17742059999992,234.46095814666677,473.15517316666694,0.9549111663223674,0.9928354664960936,14.780192375275403,33.775941194147634,28.10248940670295,64.27506329191633,2.5341014553774004,11.31325022565251,E4:2025-06,E4
overall,A,19073,6,0.8663151629034002,52.10332351062024,115.3819752524297,26.037635001801924,130.39815022813306,318.9830436202663,511.0412454431733,680.9953043616667,0.7521880580342049,0.9862554441080984,24.04405397451675,83.12021094352284,36.07096769686458,160.4056568937636,-5.273419930342579,58.318929204019234,E4:2025-07,E4
overall,B,19073,6,0.8493541340324269,60.962831111746105,122.48291198814043,28.615588838829762,157.40954726666655,333.3170681999992,522.897527333333,701.5364416666666,0.7309196653859354,0.9741166569033385,32.80920703583969,91.89453497512271,49.20867345178941,167.391264514594,-3.1997238425256245,61.26309497263933,E4:2025-07,E4
overall,R,19073,6,0.8657635602842549,53.517092351256395,115.61977141597536,22.668242719852525,125.65211179741686,319.0886768340906,513.3029082444724,684.6091075613997,0.7517614386838979,0.9856755583925408,25.23748370678375,84.50108466428398,36.588478029631624,160.56136741592496,-8.590338769665811,54.89543747882563,E4:2025-07,E4
overall,P-cs,19073,6,0.9068083688128119,52.79765172983488,96.33527703722008,12.392692684999346,112.01153559101172,215.0496107702556,450.98019318442675,640.4142653559991,0.8195364109763972,0.9776037683831055,31.57046561768679,77.09495926312515,46.04472810769906,136.6331874363115,-7.351719934520056,30.211131385303368,E4:2025-07,E4
overall,P-sim,19073,6,0.9208954960503795,44.53562771177139,88.75595466137933,9.463229431285393,84.65232643858029,199.61134821184422,441.4430817722901,616.6331724596046,0.837767064530873,0.9893295595531586,22.598693183337637,69.70498839692667,31.562123029724145,129.35419076830564,-10.112444173343693,27.21727742322005,E4:2025-07,E4
overall,D,19073,6,0.9028835178467127,62.499400692188814,98.34298022417741,-1.749733540781587,126.96075658598662,214.01711315648026,424.6075802862566,615.4413561657657,0.8238182450633205,0.9709510263974893,40.79828701452585,87.87338910188102,52.394664500911446,134.48660376103817,-22.12352126631571,17.10184860820587,E4:2025-07,E4
overall,H,19073,6,0.9116739584726931,60.96326261639166,93.78670487689126,-13.470690279446794,110.97529375466235,200.35618322396397,404.3354313913317,601.2430701817902,0.8382831203906007,0.9749536101173966,39.20346049119642,87.08381566830586,48.61088816287696,128.78061059330528,-33.77678407167179,4.762561911558281,E4:2025-07,E4
overall,C,19073,6,0.8957189104998695,69.54797343067862,101.90598094391108,-15.405047038641008,153.5586079999999,224.7853333333328,401.1189151999998,538.6850666666667,0.8080360718518207,0.9649058881318701,44.83960826959313,102.50324373609668,57.32296244409433,142.7336233112845,-28.3688608308959,-3.0664465909194067,E4:2025-07,E4
overall,S-geo,19073,6,0.9145572577204601,41.84556059107464,92.24322603087612,27.144978383510725,90.60418875333333,219.56595506666628,454.9246899706667,631.7304964,0.8260798858222118,0.9905540385418241,17.56514845874061,67.94231291905359,29.963192917382294,133.82269664802894,13.188248286591346,40.442065751465094,E4:2025-07,E4
overall,A,17694,5,0.8163575615826106,66.74419690721683,126.19645148521433,59.22042240023578,232.17071228060004,310.4788238528999,499.78161905880654,640.7281941733333,0.6285808465883286,0.9551910245809606,29.122297121641758,114.2273619800059,62.17787835835345,177.36628520184652,24.733352765132885,105.31352738150484,E4:2025-08,E4
overall,B,17694,5,0.8075688312753302,72.26325717463547,129.18090613800436,58.87813404204815,239.4146806666667,314.4761616666667,495.5767446733331,589.0785193333334,0.6252259095193902,0.946128666610583,36.423819066890346,117.42981174476625,68.89042130866001,178.25749212469182,24.430662901316925,105.18586143320007,E4:2025-08,E4
overall,R,17694,5,0.8167350012042673,66.65229988806652,126.06669923206076,55.99670466670567,232.600250641078,313.176712338693,502.0427741546416,619.9201752307692,0.6294444371741859,0.9559105871374018,29.25717705628373,114.19984415617795,62.14854152345768,177.1377926666472,21.489341515794145,102.0696006603673,E4:2025-08,E4
overall,P-cs,17694,5,0.9291682858562671,47.27875633880751,78.37444776767042,20.343342702394256,118.32983180909329,164.2139103342887,349.5487464301175,492.70779481813463,0.883687835056821,0.9688700362545057,31.54683645442969,66.12126352133268,52.497743503095506,99.35510571118691,6.136360067421127,39.515264219167,E4:2025-08,E4
overall,P-sim,17694,5,0.93503619948277,42.20560764110715,75.05788625546488,19.75551683534333,109.6754657011361,160.98146894265116,348.5793599561081,504.0634753331997,0.8878393881006692,0.9769421328287232,24.407112463267136,62.490698932523806,45.18152606620003,97.56584382851585,6.067724152371441,37.878665931545186,E4:2025-08,E4
overall,D,17694,5,0.921584137875491,49.80568234911694,82.46365474392243,18.02140544178895,131.66307629501205,178.2418454403124,336.58240384167874,424.8830342354157,0.8681526601666256,0.9674159513889216,31.009090540757796,71.01108916782314,53.709839141589875,105.76928641317251,-0.7988900917104619,43.98028374145638,E4:2025-08,E4
overall,H,17694,5,0.9287433487958301,46.94373666645148,78.60919012190342,11.051757751679004,121.43658690850383,174.38890905299382,326.92534187147993,447.4784459387014,0.8756768775934581,0.9748702199967025,27.9761604540537,68.09123668123554,47.16780566263483,102.71966031728107,-7.770722115093963,37.038966393615446,E4:2025-08,E4
overall,C,17694,5,0.9243869766220487,54.2534778274368,80.97648471672517,1.2580024647903238,117.19525433333327,169.16191099999955,330.1841993333332,453.60273333333316,0.8787700564560443,0.9656114155989758,39.40767571938839,70.19360831899887,55.177050118640516,101.01091697988824,-12.607498774879604,22.266486218616052,E4:2025-08,E4
overall,S-geo,17694,5,0.9354188387513311,41.65554644845711,74.83651288992499,16.50118496577371,109.91231274666667,158.0126756283334,342.2551760143332,480.7600552333331,0.8887142449730688,0.9777210490547481,21.677736493680918,63.93767363959481,44.41183297229661,96.98342173376437,6.9226295414289964,30.73984973375945,E4:2025-08,E4
overall,A,15396,5,0.561925630912969,89.4360809872124,166.38596336541252,56.50207596860751,284.91502278683333,470.7099019368334,578.7765592444165,782.7695149743333,-0.5502957730848286,0.9850897743271311,24.68769427954112,191.14513285336915,31.185980084318214,273.8108967088684,-21.277788102037363,164.54569238830288,E4:2025-09,E4
overall,B,15396,5,0.5510215784948114,96.49210743234174,168.44398135382195,47.09750513191738,285.59040766666664,465.49574166666673,574.42458715,632.8640433333333,-0.5210277575878104,0.9377489135464864,37.25281925398717,193.21746899091482,64.15492800581528,269.6321322754214,-31.604752139792765,156.2446694152708,E4:2025-09,E4
overall,R,15396,5,0.5589266052342011,90.69129930643193,166.95452512158383,53.73687448285855,285.8216790408086,471.5907255986894,582.1973374036502,762.2496402984383,-0.5588142321305392,0.9824104353328513,25.57852083072285,193.11739698184962,32.98411307502117,274.4354744920053,-24.05052633392158,161.7887374829271,E4:2025-09,E4
overall,P-cs,15396,5,0.92416774021613,44.576459526832174,69.2260836054283,-21.854224391583745,106.23419743803407,165.3620509166667,264.05310565688995,496.9612053333333,0.8910399708602961,0.9429151132338579,36.05896136318504,52.43278178558357,60.72257130964657,76.26382085959743,-34.636037878665604,-9.245650453398712,E4:2025-09,E4
overall,P-sim,15396,5,0.9559406425343002,36.332449469175295,52.766931908805226,-14.429797938037328,72.71743272266367,105.70777035569533,208.0707976812063,493.6410847983333,0.9059938979023759,0.9852798431395976,24.173545142184295,47.98994183503589,30.986570165379305,67.49800584807294,-25.37729594493079,-1.9969058202726806,E4:2025-09,E4
overall,D,15396,5,0.8986650529511322,58.18633188159317,80.02439250980713,-34.21046662765986,114.09710609997717,180.41911981205917,289.85070517539253,467.50693458386354,0.8625329294220243,0.9158057598335648,49.98523851414583,66.93533021582071,71.94961554326693,88.80498699013407,-56.286505029719045,-9.932627145732166,E4:2025-09,E4
overall,H,15396,5,0.9253601137734289,55.50487221029997,68.67967761312717,-31.690161515122753,101.26526205705085,118.94631330948897,202.8289113085886,454.5325044870674,0.8788312100842346,0.946851871045493,47.104590009316524,62.833666214441806,57.10266465542556,77.20282134759368,-53.590284564696404,-7.604139646267845,E4:2025-09,E4
overall,C,15396,5,0.8908059323354893,60.638569729735,83.06963185222268,-17.61687990016888,121.76948166666662,175.62931833333332,299.92597333333316,492.3377333333333,0.8676118352458595,0.9059686395435069,52.583302525526626,69.0139985875288,72.37738583006829,92.89080587828401,-26.675254314785356,-8.235072796948142,E4:2025-09,E4
overall,S-geo,15396,5,0.9583277682511311,32.238963062618,51.31757708351832,15.473817557209667,73.01514131666666,114.13053535,208.67742115333309,542.6508343333333,0.9088107326210553,0.9908167167092927,16.975087524467053,46.816691052768284,24.39347216541216,69.28429115484529,5.425392445386773,25.020854775840686,E4:2025-09,E4
overall,A,13041,5,-0.22866894991799347,180.23273828935618,239.18626175724978,136.32853202803628,411.42276204433335,474.5486653643333,653.9525992838667,790.9907674153333,-6.2050315005577295,0.5893003268882202,111.75868571749659,256.4997175585005,150.9705183068759,307.3882145218551,24.60198444788965,249.87240358589892,E4:2025-10,E4
overall,B,13041,5,-0.11513069598871617,175.7143646034124,227.86712613054254,118.84796017573561,401.35384899999997,446.46892933333334,519.0640584666667,535.8757823333333,-5.220089345849642,0.5325284891795784,117.63136763241037,241.08648051572828,157.39471168085703,285.6061677135377,7.521482167513457,232.13143497129178,E4:2025-10,E4
overall,R,13041,5,-0.21911457712198468,179.16651509608738,238.25446692442011,132.47094740096614,414.295710889356,476.6266258234407,633.3035382937413,770.4739803697034,-6.140746937518459,0.586501712505796,112.2060660470264,254.17754211072224,150.21985990073554,306.0138561277806,20.92010113006565,245.8943078689339,E4:2025-10,E4
overall,P-cs,13041,5,0.780625283667985,63.2147628661153,101.06762860725915,-19.002413372172096,147.32407819759237,242.19488516538178,378.9572394,752.8593027495455,0.6613275634305835,0.8414039479729825,36.25808797041478,94.20242813290425,54.082136075926414,139.93536285571457,-45.358789889748216,7.410592302184783,E4:2025-10,E4
overall,P-sim,13041,5,0.8238868364902419,60.045390749989295,90.55547205540584,-9.367859569408678,135.14316422676325,205.38819805102958,330.8437659117616,634.6096131183231,0.7249991417843824,0.8913968240267831,38.52756912889462,87.00681371601027,53.81364101238277,124.6932093233732,-33.32114588618978,12.665315010177261,E4:2025-10,E4
overall,D,13041,5,0.7423010992739367,76.81782781982287,109.54058921470978,-8.186780225350514,158.70406449278764,245.6241094594834,397.08065173501507,731.4105248801601,0.6115019345426598,0.7907337652460229,56.15009771526145,106.31511404462329,71.37788918094735,147.44346806155446,-50.81420479993842,35.033103342629914,E4:2025-10,E4
overall,H,13041,5,0.7747831705215059,76.17865716025196,102.40453970993812,-0.8237546944658353,162.8078735249968,210.0470463803232,317.429810445983,596.8638094637131,0.5373193410997636,0.8333089444636218,57.85992124776009,102.75922302732266,75.9179423504506,134.76110573818752,-41.941810199054544,40.865781776135265,E4:2025-10,E4
overall,C,13041,5,0.7553291701848821,72.54156295762861,106.73574533823658,5.522000154264868,154.91280666666665,242.9520333333333,373.0488440000002,767.6695199999999,0.6246876612081782,0.8244530246356283,49.677009780161285,105.4782869964286,65.18197486613818,147.10843734597816,-22.280633539030692,32.235768962848965,E4:2025-10,E4
overall,S-geo,13041,5,0.8328737692737106,57.768358756468174,88.21472790428882,20.57784684838342,126.50556316666666,192.77367466666658,345.6265844800004,707.4787692,0.72968201355341,0.8828249275925056,42.61495040311474,76.36170503778588,56.553290129756284,117.22692759776777,2.3879739692825606,32.17176449361307,E4:2025-10,E4
overall,A,9655,4,-1.6658159992721813,198.70569818293075,251.3711562020752,186.68562065367965,406.79318562833333,442.33531026223335,649.6506852217265,713.7232137043333,-77.03716980665266,0.0330042446513964,123.13405737522261,275.57609154212565,164.81856049945165,315.9699554145674,98.79738836258882,275.57609154212565,E4:2025-11,E4
overall,B,9655,4,-1.2646551543800175,186.92652162708066,231.68685680431693,166.8741989841578,393.1471805333334,420.46506139999997,449.8960395599999,479.63989066666676,-64.5944589450409,0.14719612054694686,119.61934852993106,255.39804900967545,154.78127383709045,289.6946697583517,78.2175158079664,255.3909405989106,E4:2025-11,E4
overall,R,9655,4,-1.6154523554983,195.18790037160554,248.98533264435088,181.76154611013297,407.28605320132846,444.8228617339833,628.2368878585728,691.9129299953294,-75.65576914560283,0.05543419009234041,121.12236161798029,270.5282962582072,162.89582129285898,313.1620578485016,93.45183613512478,270.52057336352857,E4:2025-11,E4
overall,P-cs,9655,4,0.7289963105497199,50.99937873886063,80.14712706770624,2.731592172206449,113.91334772651786,162.38550963701567,330.3006678583662,671.1293281286771,-0.47105269271785,0.7754152745617782,33.0395966873397,68.5421842359472,43.20380886264789,104.36485122216787,-18.18298328331516,23.991249386497024,E4:2025-11,E4
overall,P-sim,9655,4,0.7478582769381551,51.33904456040539,77.30769344441924,11.459680005697416,116.32184522520265,164.50353295721908,279.859765009404,579.1489170838065,-0.9569079625632795,0.8285522332490461,35.17091159467249,66.25364473950616,49.84514759667453,96.92174683560694,-5.969655300104597,30.524535011720364,E4:2025-11,E4
overall,D,9655,4,0.6644924089497808,66.7146509227363,89.17672790221106,27.35712353182657,128.223391722806,160.29809732784244,305.7923236404039,645.4264960149264,-3.2899210950938187,0.6944134682800877,59.329382583518196,72.6758022168739,73.95919871752963,101.8746277422523,-4.945499844112876,60.1927267003097,E4:2025-11,E4
overall,H,9655,4,0.6551532851756858,69.17697596516442,90.40936192843242,36.549316253255085,139.62153724416365,177.53114885635839,270.55597998036677,539.1821668701723,-4.555019291808538,0.7429532870386193,63.90729802213326,74.2422036772146,79.54878011208277,100.30638049295258,6.443260910229823,67.15210893381148,E4:2025-11,E4
overall,C,9655,4,0.6045491006860546,76.77690268076614,96.81588983783948,41.09011675173936,121.82646666666669,162.54601666666647,318.96502066666653,688.1568966666666,-3.166691385212811,0.6617096109136171,65.84261877725056,87.49837094709413,72.95488580074314,115.55118671548226,17.267386279039837,65.30591232622308,E4:2025-11,E4
overall,S-geo,9655,4,0.697982293067277,59.55064411244861,84.60899970214464,37.22182615179114,138.07786482666666,180.4774721766666,275.602807446,652.2599236666666,-1.213742995609052,0.7578618296083373,36.661249666018165,78.7679142207387,52.947575330084554,106.84521546312801,17.031142821471363,58.38478040192059,E4:2025-11,E4
overall,A,8766,4,-5.226030887725787,178.79810187979444,214.30718873888807,173.1555505628127,309.04808451366665,403.49318796816664,553.4057377114166,630.9132324220001,-22.627412875491917,-1.9336111982206416,144.37447717268344,212.46067255824715,181.15567074657767,246.86748480190315,128.48911741611664,212.2716122640846,E4:2025-12,E4
overall,B,8766,4,-3.569653264025849,157.57554302610052,183.6000215375732,149.8232129969728,285.5726606666667,303.75884283333335,369.38112961666667,380.525461,-17.156452055882614,-1.0735257167068832,126.88113147748726,189.32434880958888,152.7333525222118,215.7689804163309,105.09179985585921,189.07765499136585,E4:2025-12,E4
overall,R,8766,4,-4.955230504497524,173.34744045041887,209.59474602811525,166.59346283804433,307.4646690727236,381.32712499176876,532.317367955807,610.515178222773,-21.779130028548572,-1.7871249382570205,139.7529174422952,206.8473898991568,176.83813047859726,242.26040975532806,121.89226486731103,205.77324528344644,E4:2025-12,E4
overall,P-cs,8766,4,0.6088517553180262,35.39441862788793,53.71576889497522,3.7087281830505563,81.53114377417634,117.39747217698736,183.77953167715214,403.6901624757071,0.3473736804225265,0.7284069293214597,24.37372449279361,46.71679225577599,34.39011592471067,69.55912117034877,-6.989187522456462,14.362799971731722,E4:2025-12,E4
overall,P-sim,8766,4,0.5068095880224561,40.90252533903843,60.316817161900794,12.004617198092436,103.06668843219546,138.76456538401646,201.39166694961673,309.12010925038464,-0.06604858865696461,0.5451504087215426,31.538325464677857,51.41945040033791,47.13492902869952,72.4966075323865,2.745564913552539,21.225722547039968,E4:2025-12,E4
overall,D,8766,4,0.44294527027248987,49.34277070541673,64.10324826862089,28.838312035186764,104.40549765395663,122.45017694503484,166.8570833809216,391.7997052756998,-0.507266457923373,0.5313102613512382,41.80639565741697,55.93040397912265,51.657427648600795,75.09948860525527,15.601002325762543,42.01695862836822,E4:2025-12,E4
overall,H,8766,4,0.2319332889063367,57.33698995676706,75.27150078085282,38.75468442674263,118.94846862078464,153.1104217353033,231.42077511584813,322.73229613227375,-1.1076224311964182,0.39240918204734965,51.45985597214601,62.59225284252012,68.87923791509304,81.88910080010808,26.546423538738804,50.91291145864809,E4:2025-12,E4
overall,C,8766,4,0.2196232638688047,65.79018111741347,75.87230199143916,53.63490687958747,108.47985666666665,128.22471333333334,177.5745840000001,349.77007333333336,-0.8107113841264209,0.31162344217859794,58.91558974112017,73.99399583227468,66.3672799573545,86.21317413219295,49.244765666696566,58.00705571045835,E4:2025-12,E4
overall,S-geo,8766,4,0.5078294073608249,44.58851953104386,60.254423320939345,27.43962163064839,99.27363209999999,119.28044881666666,187.8851849283336,368.3959903333333,-0.19816639132138802,0.5948772422856525,34.01577720472489,56.50780523962946,44.52624975626074,74.66121799504269,20.428406571821814,33.18398732254033,E4:2025-12,E4
overall,A,132826,43,0.45287575402167324,139.1810701884589,230.8357963752147,114.79983925895992,423.2494079585,556.7113779706667,754.3024820961666,948.7446207686667,0.2387657047461292,0.6334599449492464,105.64854539874621,170.8240724408002,190.93180959100764,266.25248495670877,80.22832837948795,148.77038058619428,E4:pooled,E4
overall,B,132826,43,0.4684044148449662,140.5016495754197,227.53638777506407,109.6002282470245,412.2317906666667,538.2937315833333,757.07103725,837.9174266666666,0.26000195148000815,0.6444797491748638,108.79864449047655,170.72888800642355,188.04950281369275,262.9842164141819,76.02305323442557,143.06602641123334,E4:pooled,E4
overall,R,132826,43,0.45370395073939385,138.94972727253807,230.66101902553626,111.48197721633696,424.5388697073288,555.2167829385444,758.0356997603195,931.3125866365388,0.2386176115414168,0.6346544563632391,105.81537170269135,170.38055453888984,190.41681380299192,266.5165379397139,76.76436790411813,145.65288186591357,E4:pooled,E4
overall,P-cs,132826,43,0.9051718490738829,56.01625353770861,96.10120153020182,-3.3672039778163283,134.6827250073242,213.29964910764141,399.35061453280224,1008.7874933845542,0.8657134501546758,0.9378999223863121,46.5612787204002,66.1433539353132,79.1650041391587,112.80542155436362,-10.548894430217349,3.9063958814134665,E4:pooled,E4
overall,P-sim,132826,43,0.9133487534079723,52.104618517779095,91.86447215376502,-2.094805128819563,125.26496474132452,200.80590940480556,391.9714444524725,982.3015031570983,0.8747449570947334,0.9454199887557695,42.16883006171412,62.5470498926656,73.53805220478897,108.85119161206052,-8.783855771091462,4.870507942604347,E4:pooled,E4
overall,D,132826,43,0.893102822954811,66.69194873498753,102.03361991634414,2.8640345398793414,151.41932680903426,223.96958479905834,385.34249903851116,994.2311015021378,0.8553428314035088,0.92416722885741,57.4988323561775,76.37014587127037,86.7021282040449,117.21000854686494,-7.073220111021802,11.77570888394694,E4:pooled,E4
overall,H,132826,43,0.8988696211591175,65.6301755738493,99.24325354187617,-0.17205517199511666,148.5113717714374,214.5812086624773,366.80119807032304,972.0933359676229,0.8619229622945266,0.9294201615670314,56.564250964040276,75.36340233206636,83.46258390242515,114.27224213297785,-10.081583362059503,9.359176760371117,E4:pooled,E4
overall,C,132826,43,0.8912355063531656,70.91061368176983,102.92094084362948,2.2514740277355,147.93558,226.05075833333328,378.7862166666667,843.50674,0.853652018797995,0.9216047679031095,61.967434817343545,80.87201083252332,88.39210761097843,117.27201629824715,-6.077520920545329,10.925175697566884,E4:pooled,E4
overall,S-geo,132826,43,0.9135333699666448,50.928215653846564,91.76655812208189,17.342795870882775,126.84354300000007,204.7924499666667,389.96380783333336,990.910975,0.8753403349915936,0.945913268939822,40.629552054887164,61.63058476035346,73.40439905189648,108.70410007705487,12.79675791821402,22.103234770871694,E4:pooled,E4
sensor:P0,A,14933,43,0.4961403055570175,135.5114586705707,223.09609971558382,105.60156022609098,407.3568074541335,530.8300439449999,749.2007934574401,827.7936197916666,0.29344446613442093,0.6667078197026476,103.39537720191039,166.00189516442558,183.39983494305855,258.33797083045334,71.2969464924363,139.64348449611688,E4:pooled,E4
sensor:P0,B,14933,43,0.4894843868690454,135.62540589822135,224.56480000729562,104.8216215745476,411.2561455333335,535.636371333333,754.36970524,832.4994256666666,0.2833503656028352,0.6623647426548591,103.36244826940771,166.24456595597704,184.45082747911806,260.13778306246263,70.43700606454527,139.14380172254988,E4:pooled,E4
sensor:P0,S,14933,43,0.9145923508246597,50.392422722570124,91.85135181722025,15.53863372106873,129.23833333333337,205.83999999999995,386.75300000000016,796.1750000000001,0.876631695779551,0.9467159082613986,39.19621570770438,61.7450976411165,72.98141345878463,108.80257217533496,10.73067430721057,20.807873045966115,E4:pooled,E4
sensor:P0,R,14933,43,0.491106684172261,135.66380732765793,224.2077093090011,103.80234383351439,410.4386174776181,534.8474161943382,753.6124639162085,831.6904346396636,0.2855015351033106,0.6634655916188864,103.56143574085573,166.22241623965587,184.20437968774218,259.7162926581866,69.40095297157686,138.1240348738286,E4:pooled,E4
sensor:P0,P-cs,14933,43,0.9148322578710009,52.68007883810825,91.72225750929461,-7.113931495761117,123.43330599562597,198.45891121639778,395.99991960709883,846.2209940675082,0.876506508892203,0.9463804770977523,42.40662007366559,63.334376980757405,73.10553607063324,108.97697765854755,-14.088730729031557,-0.10769545997331997,E4:pooled,E4
sensor:P0,P-sim,14933,43,0.9148962096723521,51.93584049268556,91.68781427406635,-8.169180997610642,122.32269977714802,198.59350672127923,397.42829850466353,856.435651736746,0.8761909493328124,0.9466333630024594,41.620628612909805,62.52286306629678,73.11121528613998,109.09870909500924,-15.09584794926962,-1.1204791660165385,E4:pooled,E4
sensor:P0,D,14933,43,0.9029124454046501,64.40755277562873,97.93072044717685,-1.1110127078786258,141.95697103131167,212.10825125315515,370.7860202221091,848.1771190297378,0.8663425917558203,0.9339162589680202,54.872210406382045,74.22116351414279,81.30801623275212,113.11222407495812,-10.861341572085031,8.017179214564507,E4:pooled,E4
sensor:P0,H,14933,43,0.90053821238455,67.0511550081151,99.12091411565085,-6.768205634820722,141.5408954808692,210.469972079928,364.4317588235139,859.2416881828465,0.8642935304607285,0.9309756723995674,58.174773346925356,76.8124961942654,83.23357602097468,114.03628126246852,-16.790199026376975,2.982052534438672,E4:pooled,E4
sensor:P0,C,14933,43,0.8963036756707127,70.97740274332058,101.20893374914317,-2.2054209647412204,140.36252533333342,222.63775599999988,375.6217826666667,718.2885500000001,0.8600673632537402,0.9260142016428367,62.09383309461595,81.0547965409819,85.6147145641254,116.08785667555577,-11.795032731423657,7.596007702056963,E4:pooled,E4
sensor:P0,S-geo,14933,43,0.914998893983308,49.958220195330675,91.63248335600996,13.904209232365863,128.50760174000007,205.9382137866666,387.1970987653335,798.052232,0.8770785709708894,0.9470947996025824,38.61504352111357,61.38724599196652,72.74753823078612,108.6729414569172,9.077217743310673,19.13250014308634,E4:pooled,E4
sensor:P1,A,13442,39,0.4267679278002444,140.85154534761594,228.65709856022173,116.4353268895067,411.30676005036656,543.2266969803825,751.37992944372,829.7574910483332,0.17196669136266346,0.6285225743262398,106.66124686981688,174.1535028160598,185.82029748551855,265.7296805166497,80.59731407866047,151.11797785109184,E4:pooled,E4
sensor:P1,B,13442,39,0.4147077272172006,142.52197868943935,231.0499309677774,117.69669879834527,416.49955029999995,548.2964309166665,757.9346070000001,834.9535923333333,0.15309452584249336,0.620212113011373,108.33197623687285,176.5329033669052,187.87697616061718,268.5304161360631,81.93405936640681,152.6654659650659,E4:pooled,E4
sensor:P1,S,13442,39,0.9131890104395047,51.6012625594488,88.98295034784421,18.841760476964517,127.8004166666666,194.30416666666642,370.90337500000004,795.4416666666667,0.8669637237381062,0.9470010078813629,40.988165626630455,62.92737587498938,70.57914289241397,106.952965441349,14.438547650407079,23.456849039308814,E4:pooled,E4
sensor:P1,R,13442,39,0.4204604930525221,141.13883508300887,229.91164635462613,114.89006111940402,414.50341610509804,546.2588491011506,755.8391603836735,832.8789115520203,0.1608012390485252,0.6245612417133453,107.19928160537445,174.4734404181129,186.7214308429574,267.18064380038516,78.8805253746817,149.60252563489496,E4:pooled,E4
sensor:P1,P-cs,13442,39,0.9143697860282803,51.57047149470007,88.37571948207687,-3.9449588085466045,122.40374123988353,191.55725823391427,373.3005580018298,840.1392603436022,0.8680503293252545,0.948953726545798,41.13396610572366,62.87735154632639,69.07312758917205,106.96517215526448,-10.524858607787229,2.813005940267716,E4:pooled,E4
sensor:P1,P-sim,13442,39,0.9148458144948802,50.26125226194303,88.1297316088286,-6.359761826181893,119.96098169134773,191.07725567208027,374.9838038586744,850.5573203187172,0.8682355029218038,0.9501222698972251,39.678355039641005,61.70219698402878,68.31519722843154,107.00229390685239,-13.279113358275488,0.4999508243453585,E4:pooled,E4
sensor:P1,D,13442,39,0.9017150069154164,62.14150796877561,94.68104739266523,4.1874052858102,138.12378351538328,203.01805812500484,354.15486110127705,818.9396190297376,0.8575721507577954,0.9351277737854137,52.5067036420362,72.50107072956291,78.18085400592268,111.4030397516907,-5.644625248154809,13.440192360156137,E4:pooled,E4
sensor:P1,H,13442,39,0.9006806153726086,63.2361386560641,95.17797441959584,-2.47771498061241,137.9114091489435,201.58394399305442,350.9425661328075,830.2856916584682,0.8567881333082666,0.9334823121879509,54.01401053951746,73.41542783149373,79.05099713331647,111.92117136420244,-12.971266575696044,7.470033050284637,E4:pooled,E4
sensor:P1,C,13442,39,0.8988245622571603,65.59783585951823,96.063187702566,5.265569024338421,136.12866633333329,207.31341683333338,354.58830163333334,689.0510499999999,0.8540773868957406,0.9313100972893725,56.28793510744895,76.15623349775827,80.49998997685347,111.73340200708192,-3.321150728284413,14.560234789703442,E4:pooled,E4
sensor:P1,S-geo,13442,39,0.9154758978047222,49.719882072043646,87.8030760613904,15.332186520730325,124.55763098000011,191.977906651666,368.895704401,799.5830292666667,0.8697153228279886,0.9491394269199573,38.797884746757084,61.36765452761439,68.81837723230623,105.98581484535352,10.925647731218287,19.845584689977844,E4:pooled,E4
sensor:P3,A,14929,43,0.4921670606649622,133.49127400911672,222.18899715260815,108.02114999162814,404.97478596993335,531.6253613278,749.9506679683999,827.758093262,0.2859396026215006,0.6639919585135217,101.44129804434283,164.2963010341895,182.78962311027234,257.62457003383605,74.6316608935223,141.25613364220177,E4:pooled,E4
sensor:P3,B,14929,43,0.48237962506276655,135.0620288015509,224.31989697944087,109.91846883782306,409.63976333333335,537.6984533999992,756.7223357999999,832.795259,0.2721164527411837,0.6572192583907768,102.91892516888535,165.9661743431986,184.42390872314883,260.00845880495484,76.38975177640194,143.36488844442812,E4:pooled,E4
sensor:P3,S,14929,43,0.9133653077644489,51.539687604551744,91.7715430053798,20.57407229110191,127.2383333333333,200.91749999999885,387.5276666666667,767.8083333333333,0.8757773960321436,0.945550854181928,41.043197906949835,62.269034100047,73.63358329832907,108.50026498168457,16.26170330009073,25.214042300143426,E4:pooled,E4
sensor:P3,R,14929,43,0.485484241278097,133.77551079485178,223.6461651910558,106.99577055163041,408.62015422205525,536.62985487958,755.6546114851972,831.741563345457,0.27608656985138147,0.6595872378168065,101.66905645747158,164.59531217311326,183.78124642855764,259.3269556033075,73.37862861065827,140.35090536420302,E4:pooled,E4
sensor:P3,P-cs,14929,43,0.9153495238080203,51.68275576666514,90.71452233482245,-2.072107046259544,121.1116593873963,199.24374540318388,388.23545640597933,812.5059270102688,0.877933923629114,0.9471204921071419,41.68384944438191,61.91460595282229,72.30433195117642,107.57707316307861,-8.900882669140918,5.012988003260376,E4:pooled,E4
sensor:P3,P-sim,14929,43,0.9158128949892784,50.63258816068942,90.46589894386956,-5.1227633785190285,119.69297282701307,197.42859216802566,390.1049783571542,822.9132833118231,0.8777873906310503,0.9476122053590756,40.59545926242897,61.04910695448328,71.76470730024897,107.43606054854637,-11.985536508954599,1.9399842856018519,E4:pooled,E4
sensor:P3,D,14929,43,0.9034825014511786,63.002516455200315,96.86461222372996,3.9333544030284324,139.7113035963276,211.50336686444348,367.3120010532794,813.2104523630711,0.8666880621964921,0.9348588069653619,53.36476520473541,72.74345925818528,80.29076732091964,112.09960040047254,-5.475268094124937,12.297761957406511,E4:pooled,E4
sensor:P3,H,14929,43,0.9020795369639923,64.55261212804876,97.56607736207448,-3.8125926688070204,139.93451093654886,210.59825823786284,362.4676228658235,824.5443714203249,0.8653602527442917,0.9326830194272918,55.40418689920727,74.43244800281174,81.56305156082206,112.72059922536221,-13.38364351124737,5.14171531981088,E4:pooled,E4
sensor:P3,C,14929,43,0.8986469381588997,68.98979120962912,99.26143556828993,2.8255511333418393,140.29967599999998,218.30919333333307,367.0464274666659,683.3218833333334,0.8629924007500177,0.9283559158457328,59.908175818402256,78.9440719523127,83.90752890507024,114.03159128260936,-5.226155284217437,11.465941385848353,E4:pooled,E4
sensor:P3,S-geo,14929,43,0.9152542972132265,49.573251487531195,90.76553213055466,17.51999738666089,125.58073879333335,201.1307264533329,388.08633098666644,769.8442324333332,0.8772143781003349,0.9475190499314178,38.77275140562033,60.653104903404,72.30253285343093,107.7255023531356,13.046968647903505,22.166361497825022,E4:pooled,E4
sensor:P4,A,14914,43,0.4566549102505112,134.06518249878505,223.08411009215519,116.88456105808129,407.7518721519333,532.4321012371664,749.5129379878898,828.7943318683334,0.24132104716163405,0.6389278388492647,101.43508546588113,165.52526007349243,183.21657848864004,258.40042092257704,84.72670839247641,149.12861307097435,E4:pooled,E4
sensor:P4,B,14914,43,0.44855742079911354,135.0549668365798,224.74027728888237,116.07677184727298,412.04958976666666,537.8754547999998,756.3849041799999,833.1660923333334,0.22948154813169122,0.6345847384068969,102.65395392251679,166.45879082429326,184.6695411361426,260.41253943874534,83.71187700878133,148.45894942846797,E4:pooled,E4
sensor:P4,S,14914,43,0.9073868082428257,54.31645098145486,92.10160317040811,26.754783848345802,126.87958333333334,198.71229166666632,387.7349583333317,761.95,0.8676652796422465,0.9406183945833003,45.0185356653926,64.34158112694799,74.26043331373165,108.63923327307644,21.732513490023628,31.974965421185217,E4:pooled,E4
sensor:P4,R,14914,43,0.45026082158541336,134.79698492429566,224.39289854906474,115.31359714798555,411.39872195157113,537.23277770825,755.753675841489,832.5427726706164,0.23173676842090898,0.6358698731257262,102.40564045895556,166.13610879659618,184.38876641298657,260.03854083101527,82.96512088449052,147.68649158125578,E4:pooled,E4
sensor:P4,P-cs,14914,43,0.9127014127147136,50.796161136236236,89.41993953540359,4.102976932658853,119.76051598696823,194.2598943870727,390.71872436002934,802.7225936769355,0.8733185685322824,0.9459345545673846,40.77768807508634,61.277711331283584,71.00453425760497,106.62724821075778,-2.5737932033623627,11.250165678348347,E4:pooled,E4
sensor:P4,P-sim,14914,43,0.9137774683818839,49.256775208356515,88.86712885739131,3.0943825575900883,118.72799996172151,194.74873556930567,392.99361791875464,812.9009502883239,0.8743214950203603,0.9469187477080289,39.049941621352595,59.783207401326614,69.94407882341979,106.2610432798631,-3.7604099110673097,10.38098763511798,E4:pooled,E4
sensor:P4,D,14914,43,0.9029315902932087,59.51263601830649,94.29088701400507,10.130685591558029,136.05750913610194,207.95667966286595,366.91431855439936,801.5437856964046,0.8644262547515983,0.9351536169150274,49.62962830425136,69.34543908997722,77.43976012013563,110.18444947525606,1.9445462209396287,17.77880061734495,E4:pooled,E4
sensor:P4,H,14914,43,0.9034644646415939,59.948034272059665,94.03171751412718,4.534124255421068,135.48380835981584,205.81517300322218,361.40234327053076,812.6211775906004,0.8649134677648145,0.9353351941921246,50.34318043550906,69.77103549384536,77.45325735913865,109.96214334633622,-3.872946834677846,12.714977495956546,E4:pooled,E4
sensor:P4,C,14914,43,0.900963758660318,63.25829475966325,95.24185352507703,8.995736793484596,134.274413,208.1472975,364.7360665333325,671.6552166666669,0.8638120920347468,0.9321884862130636,53.6578534011176,73.60549778794817,79.05263774014811,110.245918977571,0.9976685342627462,17.34004627280748,E4:pooled,E4
sensor:P4,S-geo,14914,43,0.9083969041442875,53.274505819186736,91.59796806536886,25.39138626455875,126.13479887666675,198.6067035049998,388.02435754933225,762.69518,0.8685837195721827,0.9417903504774896,43.88643051678587,63.210554970728175,73.57561116110641,108.14412798133377,20.577654037136536,30.42342584394992,E4:pooled,E4
sensor:P5,A,14933,43,0.48319838562717765,134.03889185438507,221.85091135346045,107.48819562729915,404.0640901695336,529.1720670570666,748.3919905596533,829.3214314783334,0.2767447705835017,0.6556750565979309,102.4014620472692,164.2970044310402,182.64520407699956,256.9871644307624,75.00999583959661,140.18951729546222,E4:pooled,E4
sensor:P5,B,14933,43,0.46896790180219006,137.464159841498,224.88457749335348,111.94105749587887,409.40104673333366,536.2634115333334,756.6777639066668,835.6660923333334,0.25767104268338575,0.6466148602555917,105.51514676552162,167.94097392199672,185.17483352599191,260.4803679374878,79.0785583113305,144.90104211027204,E4:pooled,E4
sensor:P5,S,14933,43,0.9088116195682143,55.1077428546233,93.18994115741998,22.624824369447474,130.51333333333346,204.56583333333333,390.1120000000005,785.1750000000001,0.8706610327972469,0.9413497217063117,45.3940254085133,65.40800051697538,75.48964008307642,109.81852722331027,17.895043835730725,27.69251029861125,E4:pooled,E4
sensor:P5,R,14933,43,0.4763009752799887,134.90784577413288,223.32645330849473,106.42225515829033,406.90687605441366,533.7470515755087,754.0612090382527,833.0343974591624,0.2665155002790663,0.6518802495157128,103.360123780092,165.22328918384315,183.82508656769443,258.79335130388597,73.68938920828619,139.11378296359703,E4:pooled,E4
sensor:P5,P-cs,14933,43,0.9120831334471022,53.47417343696179,91.5030113360527,-0.028420431337996096,122.51545905690026,198.91829716632282,389.7144716074923,835.2209940675082,0.87302467593348,0.9443594104507772,43.67486276948157,63.92692467025143,73.47181068285549,108.59344792278306,-6.687824401673361,7.165730375854733,E4:pooled,E4
sensor:P5,P-sim,14933,43,0.9130708529000664,52.130951316354626,90.98755514466262,-4.579745341868461,120.96160057867195,198.62500394667117,390.03473886131076,845.8601666192219,0.8737667165570009,0.945694686166709,42.11192919427437,62.60468256256292,72.40544406246806,108.10328501379409,-11.462520113088956,2.7975818852797567,E4:pooled,E4
sensor:P5,D,14933,43,0.9007876583238502,64.34679015414387,97.20355228767195,5.976083709560488,139.58199490105457,211.97498305710315,370.0038765855572,837.1771190297378,0.8634632251996752,0.9322698810234668,54.96586863811891,74.03576277897403,80.70769443221899,112.82919130071717,-2.640113547352091,14.069906599302398,E4:pooled,E4
sensor:P5,H,14933,43,0.9001579899558023,65.32943727546903,97.51152403004781,-3.3985996583062725,139.52950076156387,209.63304550271783,364.62080079627054,848.6615651302079,0.8630020134225901,0.931309233197257,56.50911070188517,74.8083367371977,81.39697632226759,113.17659063048094,-12.50059731154989,5.4132169400039505,E4:pooled,E4
sensor:P5,C,14933,43,0.8981526494621322,67.88908982461369,98.48592180673404,4.871384041033897,140.24485200000012,212.03380799999994,367.1526952000004,707.2885500000001,0.861480474693916,0.9284101288139928,58.35056626766684,78.1597353727465,82.7475666552167,113.45307264052133,-3.3941192865712,13.401249040235259,E4:pooled,E4
sensor:P5,S-geo,14933,43,0.9122326077532054,52.39184105005409,91.42519255058568,17.503827596782912,125.89548106666675,203.41373983333327,388.4519415026669,791.0587905,0.873938095865914,0.9444631029484188,42.38178844637664,62.87213770180089,73.07719537483464,108.42845588312775,12.985318142000047,22.538800630209426,E4:pooled,E4
sensor:P6,A,14926,43,0.4740503980133105,133.94113663278097,222.05202616787588,110.43548899916934,404.6927286781667,528.7249369304167,747.51729736325,829.023461914,0.26537554172243416,0.6505650899507556,101.47021784473534,164.7304786338726,182.5476579278087,257.03442061462,77.61367577313528,143.4948788393089,E4:pooled,E4
sensor:P6,B,14926,43,0.46663310914982814,134.7056609235767,223.6123066091849,109.54715335523277,409.2179596666667,533.8959304166667,754.3519008333333,833.307759,0.2541933561863939,0.6465297310843346,102.32396272077416,165.36845630619922,183.91486859197957,259.0720056095848,76.46457876773891,142.74509112709407,E4:pooled,E4
sensor:P6,S,14926,43,0.9108429591721908,51.95901165766485,91.42405874105542,20.279531669918548,125.91250000000005,202.12812499999995,388.7114583333333,765.725,0.8714196113633245,0.9437595799686891,41.76560999049376,62.56389459071523,72.86849762241326,108.40344290458074,15.673228908420882,25.216298309235448,E4:pooled,E4
sensor:P6,R,14926,43,0.4688493510323155,134.47468396284265,223.14724696014682,108.50770609965993,408.2368620998447,532.8888983188017,753.514372863897,832.313096608711,0.2569397748950393,0.6481288515361303,102.1950441614945,165.0142505997877,183.52492374914857,258.58240861448087,75.44071809029121,141.70457429535503,E4:pooled,E4
sensor:P6,P-cs,14926,43,0.9126390664899318,51.835114751819944,90.49848481304261,-2.366731982520985,121.4305656500058,196.62847207205854,390.569911633314,815.7709940675081,0.8729844021448421,0.9456881283686615,41.68561444448261,62.388164325821684,72.16083530295391,107.71456277049946,-9.12864540906727,4.71362652339788,E4:pooled,E4
sensor:P6,P-sim,14926,43,0.9133636382704221,50.469213406383375,90.12240607084924,-3.328719782346103,120.12823055959356,196.33916539627623,389.7399295431651,825.9761067348221,0.8732986086871323,0.9464266880830096,40.11914406609393,61.06663046960288,71.4001106345572,107.55643956299103,-10.165018584162434,3.8388586553091675,E4:pooled,E4
sensor:P6,D,14926,43,0.9017216975745974,62.20738860982195,95.9867966045088,3.6158713772471254,139.13099764511279,209.70020587240361,366.6551580289511,817.7271190297378,0.8634195706996033,0.933586907746661,52.54893642472196,72.16951943091061,79.12259602659455,111.88628939325294,-5.172625602432496,11.831566347462669,E4:pooled,E4
sensor:P6,H,14926,43,0.9008359105945319,63.61719156838635,96.4183930511507,-1.9407911796411577,138.46238584251404,208.35342063590429,364.26274253404324,828.7822474625425,0.86245981379779,0.9322785771136335,54.40343725057269,73.44505788980841,79.96027758806784,112.34395367184126,-10.973245350189428,6.842559473649043,E4:pooled,E4
sensor:P6,C,14926,43,0.9000591909833271,65.51795162507295,96.79526325414407,2.5242036293048513,135.77584666666672,212.3011391666667,367.5630583333333,687.83855,0.86290353615361,0.9309962577885038,55.80815424138862,75.8154271654362,80.64977436348917,111.95852616191361,-5.864749134362669,11.293913462709268,E4:pooled,E4
sensor:P6,S-geo,14926,43,0.9116313333906692,51.23286993258557,91.01895100633294,18.508505560579145,124.79317574999996,201.79872472499994,387.95995023333325,767.8540094,0.872416850383011,0.9447712289438192,40.97800831366064,61.88765509053729,72.4121877220586,108.13020313482798,14.056359599100668,23.359167588430612,E4:pooled,E4
sensor:P7,A,14913,43,0.4886863165021683,132.91084804475702,222.11095906974228,108.60561906445027,405.77322428366693,531.5058789061999,749.4640734051457,828.498901367,0.2806785450531209,0.6613832058747932,100.75949039272415,163.76016619113702,182.62828797412666,257.29179019962424,75.89315663582005,141.1978617773195,E4:pooled,E4
sensor:P7,B,14913,43,0.47531707721741856,136.24187790512428,224.9959725917891,112.99544915700355,411.67351659999997,538.4179163999999,757.1334500933331,834.395259,0.26246041946974813,0.6519031034214267,104.19029967159442,166.92300340944595,185.061351090848,260.52301725315635,80.24206035787164,145.85946182855244,E4:pooled,E4
sensor:P7,S,14913,43,0.9104875695296429,53.5381354907431,92.93257149267758,23.549975369770937,131.9016666666668,205.3033333333333,390.0679999999978,783.4875000000001,0.8726854974665016,0.9421407061665902,43.39954164609438,64.08970873303815,75.25220211053156,109.44024142623557,19.04139915145456,28.4901394893404,E4:pooled,E4
sensor:P7,R,14913,43,0.48237285033966737,133.58924154902687,223.47801405131037,107.35577039493558,409.39215123015117,536.131622738408,754.6540329628349,831.6454975993211,0.27163171825432736,0.6576475901308638,101.5565700373199,164.27597227255012,183.65185171547682,259.0953094009862,74.52368941392568,140.1395441382874,E4:pooled,E4
sensor:P7,P-cs,14913,43,0.9146201733339455,52.2622661949547,90.76197009107453,0.9245062378076331,123.16085440355948,199.78107435811833,389.7218317893263,833.5334940675082,0.8770482775965891,0.9461185586541261,42.66640330163407,62.46703592866249,72.58436161895304,107.39202621090391,-5.549042169513937,7.881263719230345,E4:pooled,E4
sensor:P7,P-sim,14913,43,0.9157783037637626,50.620910039336344,90.14430022757689,-3.831411814505558,121.62110688642824,198.11340797138303,386.8507932619461,844.1541983200983,0.8778017959068484,0.947489135442781,40.703643324671006,61.04415704006874,71.73021012251284,107.16932148962155,-10.465804618262014,3.20614360881341,E4:pooled,E4
sensor:P7,D,14913,43,0.9033282464573921,62.85883544037888,96.57752643747628,6.976917205659552,140.78263916614765,211.4793202210007,368.2933916409063,835.4896190297378,0.8670223103370195,0.9340005764520593,53.51803064107081,72.40370031138909,80.08249540254513,111.9578422830188,-1.5773646136236974,14.934455008502512,E4:pooled,E4
sensor:P7,H,14913,43,0.9029180196904023,63.99110800823856,96.78222296688591,-2.5557663507105337,139.96896408375068,210.63437987266042,359.6649384294221,846.9557986020387,0.8669300961471319,0.9332410538106526,55.07075786142151,73.47883090607571,80.68599548024126,111.98779078932405,-11.510633039395678,6.281834984517389,E4:pooled,E4
sensor:P7,C,14913,43,0.89768249056316,68.83041749124826,99.35763829325022,5.833548091275662,141.40348666666674,220.03416933333335,367.7174270666668,705.6010500000001,0.8618005590658943,0.9276848156626939,59.667040402141495,78.69785896787793,84.21078355379088,113.95179286271824,-2.3158400981469534,14.428544110406506,E4:pooled,E4
sensor:P7,S-geo,14913,43,0.9146207996999026,49.90050146592408,90.76163716516712,18.00701556726976,126.74824730000022,205.0061309866666,386.11382252399926,789.6420939000001,0.8770116453728799,0.9466669791988684,39.47712950473617,60.67685321356077,72.31998337830746,107.74347342967364,13.466699499585978,22.78725877010147,E4:pooled,E4
sensor:P8,A,14906,43,0.49023035275482063,133.802222073204,222.28541464697594,108.44625866034029,405.96034342466663,529.1831227623334,749.5693471271836,830.7294108076667,0.28457507521734554,0.6623686150102104,101.28059161183816,164.72355262742704,182.4470497735082,257.70977956810344,74.9996369938191,141.9461595466572,E4:pooled,E4
sensor:P8,B,14906,43,0.4841164195721449,134.04909111609663,223.61443405920525,107.20737616922958,409.2761293333333,533.6000751666668,756.4017690166667,837.9174266666666,0.27505228130381404,0.6596163658659188,101.61839166488427,164.8531294569233,183.44583326391356,259.5138814275143,73.65931491135034,140.92019721282523,E4:pooled,E4
sensor:P8,S,14906,43,0.9143070437044428,50.447337476689675,91.13738085971282,17.74738863058743,127.4666666666667,203.47708333333338,387.3416666666667,761.3416666666666,0.8760882465629745,0.9465114155386501,39.769608869779454,61.4492127773016,72.72855145132681,108.01803495263151,13.0747828247336,22.891349801394927,E4:pooled,E4
sensor:P8,R,14906,43,0.48538465648149876,133.92708438520083,223.33940050446884,106.58799957892893,408.66953729237235,533.0647943042903,755.9617699609732,837.3727967658716,0.2766634795177239,0.6605802779140307,101.57951827596328,164.69051104569462,183.18675097642318,259.23116987001856,73.02910429056008,140.30562057255474,E4:pooled,E4
sensor:P8,P-cs,14906,43,0.915404725793944,51.40012360769435,90.55178836725165,-4.90030156706592,121.91879604436096,199.10797459931985,390.4031039118353,811.3876607341747,0.8769897996544405,0.9471706992202216,41.2292152904678,61.81516944815643,72.22374370769886,107.55971468350212,-11.533487113449178,2.030683443849277,E4:pooled,E4
sensor:P8,P-sim,14906,43,0.9155966005310844,50.46490202064626,90.44903756946262,-5.592722028024081,120.32256088658934,198.27794713821038,391.639997607972,821.5260132430174,0.8770635888846909,0.9477728445425773,40.44653491457415,61.047868749215816,71.94076188353235,107.72088493286839,-12.393616084099143,1.4306129465091584,E4:pooled,E4
sensor:P8,D,14906,43,0.9040070701664105,62.46993910684041,96.45918856634441,1.1508288315060438,140.81677281086584,211.28042064407384,367.56952672086095,813.3437856964043,0.8671487998562003,0.9346640532143882,52.926891301965995,72.32250396073509,79.80862291093779,111.9450760447894,-7.998350686201359,9.80198321967696,E4:pooled,E4
sensor:P8,H,14906,43,0.9021573089532884,64.57154880711477,97.38412694607405,-4.121502632124062,140.08871636030236,211.19625173575773,363.52768449989816,824.3328833427718,0.8656233037770836,0.9324887360742371,55.50553557224679,74.27284081373885,81.55417826854183,112.57126513426505,-13.568457315097152,5.069324615336654,E4:pooled,E4
sensor:P8,C,14906,43,0.8985037156006124,68.70748517637661,99.18569768558302,0.014457780983245308,137.97979333333328,219.58444166666675,368.99419333333475,683.4552166666666,0.8628288847119032,0.9282155433666943,59.75432620347688,78.63071245879004,83.60187636525457,114.03916661492482,-8.830511348598899,9.339115607584992,E4:pooled,E4
sensor:P8,S-geo,14906,43,0.9147489762442507,49.826541708802026,90.90207192367804,16.54237581119927,126.60287761666667,204.30217574999998,387.3310657700005,762.3868282666665,0.876584942822652,0.9469301967290916,39.02183167929954,60.84325310737465,72.39278149099039,107.88704578774967,12.02026208333281,21.528826707532584,E4:pooled,E4
sensor:Pinc,A,14930,43,0.2906320213013869,174.16227769162182,284.59266345559,151.43005571715767,559.3546484376,664.2497930905499,827.8543629966528,948.7446207686667,0.011222563948532768,0.5307680814913666,130.04031120266566,217.42985388916853,233.96277558559396,327.0184609876344,107.00656079813282,196.58657667698603,E4:pooled,E4
sensor:Pinc,B,14930,43,0.47215718680991436,173.9696455505665,245.49362366671798,97.01184965077131,421.9982013333333,546.340879733333,762.87884394,828.4976166666665,0.29514622088143744,0.61776266843574,147.5495902428807,200.32437571563008,210.72026624106664,278.22737219153504,56.05469937934334,136.69700913318232,E4:pooled,E4
sensor:Pinc,R,14930,43,0.3360824948396416,168.47302826752684,275.3245701427127,133.79496142856425,540.9010091332904,645.4223473103275,810.3872282567464,931.3125866365388,0.07420864747516011,0.5605217290820256,126.37555318109,209.68477231352534,225.9385276420299,316.2949286557648,89.55548298257678,178.86552377457517,E4:pooled,E4
sensor:Pinc,P-cs,14930,43,0.8465148459426146,87.98452888617666,132.37960999209128,-14.952585036856998,211.79462414310814,290.6884981288828,470.7661241675937,1008.7874933845542,0.7940842635729491,0.8898923334656224,75.23791915092012,101.93974505416388,112.63474076387315,152.00175766690307,-34.15038355648529,1.7238427657596667,E4:pooled,E4
sensor:Pinc,P-sim,14930,43,0.9043534884228831,62.97752912958307,104.50148875523759,14.610756388422596,155.4325043260947,224.31898473956653,422.76459783273134,982.3015031570983,0.864794784138669,0.935605513433167,51.28998891444003,75.23719106974218,86.31720994939052,121.80989005372217,5.0631579460177365,24.215651182996087,E4:pooled,E4
sensor:Pinc,D,14930,43,0.8298519245809013,98.80748829276844,139.38031143044194,-8.941765917514463,230.93632774208186,308.0393819032533,462.32901167144587,994.2311015021378,0.7743901956875044,0.8741278835129055,86.12847544548909,112.59373066077008,119.76152205105986,158.68603564876855,-30.504212470472854,10.447634669537655,E4:pooled,E4
sensor:Pinc,H,14930,43,0.8803468649514187,78.12525848613149,116.88262351595633,18.759995024341304,188.69282273857925,248.7361848711247,395.633892901925,972.0933359676229,0.8391399301283462,0.9135487257478676,65.25149880972995,91.1470350329503,100.13799834774551,132.79772952833633,4.6550632707316675,33.856260019190124,E4:pooled,E4
sensor:Pinc,C,14930,43,0.8421658233213304,97.88266528453363,134.24200641867571,-7.5531722292474335,215.1540156666668,298.76882566666654,447.0345833333332,843.50674,0.7925622110633064,0.8831450326290826,85.63995640220068,111.61798464393132,115.92767226039578,152.36729325287502,-25.084813385881972,8.097941630161229,E4:pooled,E4
sensor:Pinc,S-geo,14930,43,0.9138164874773275,52.35536343716522,99.19733511549829,13.184349124970922,132.2101781066667,227.53681114499994,419.3192589916661,990.910975,0.8738269368063991,0.9454287359910298,40.74848871224275,64.19918941257943,79.68074139345978,117.98325591213258,7.577005990775435,19.004025008751107,E4:pooled,E4
sky:sunny,A,39678,12,0.9840312376311858,24.822976048462294,37.4547366252917,-3.2442560113608456,45.56235534669998,57.851569417333344,161.503913289584,493.6410847983333,0.974726521068459,0.9920439785859906,19.347492192908838,30.246049497799593,26.214439215144097,47.38996628033814,-13.572508510644967,7.993095409927004,E4:pooled,E4
sky:sunny,B,39678,12,0.9668653609469902,33.94659656414134,53.95258286692312,-4.105184138179007,66.44270143333334,119.02453121666667,229.14914145000043,496.9612053333333,0.9538488952304268,0.9775113434540993,28.45831301988656,39.5743508071342,45.00157528286278,62.58806381955937,-16.182767532007443,8.249121009595251,E4:pooled,E4
sky:sunny,R,39678,12,0.9835203412854546,25.712333987325124,38.04917329355234,-6.317654341225983,46.19852524207124,59.83356819824635,161.28859266485023,496.35101230206726,0.974457030840182,0.9914228256290734,20.31069123003878,31.196539415754906,27.381937126293316,47.60042258327061,-16.63812787566768,4.8278987329332885,E4:pooled,E4
sky:sunny,P-cs,39678,12,0.9708117412681729,32.60583112306114,50.63784464971703,-6.632528872533491,63.29683086666665,105.52342198333331,210.90046116999997,496.9612053333333,0.9594361923026308,0.9791628972990173,27.93658569796677,37.32096268964541,43.478409154454695,57.87215342765297,-17.450332137540745,4.732503160680625,E4:pooled,E4
sky:sunny,P-sim,39678,12,0.9876139154657209,23.454947420166302,32.98664436607217,-5.835789611272366,44.662669880733326,55.74219340016669,111.29636315204537,493.6410847983333,0.9820500380641825,0.9925538376619928,18.721502104062505,27.963786581537825,25.482486374456798,39.597863654321955,-15.608246260859929,4.411619679403504,E4:pooled,E4
sky:sunny,D,39678,12,0.9612860185780049,41.85859189525213,58.31832436507719,-20.435069222186375,77.95295162489077,107.41690818260273,235.75650009127835,467.50693458386354,0.9431758267075517,0.9743456270284442,34.85913174483791,49.46273476385794,48.44165167449605,68.64226291909019,-33.716971126868586,-7.295398795193608,E4:pooled,E4
sky:sunny,H,39678,12,0.9727014658301928,39.36406642875476,48.97120406866335,-28.086742437063975,79.1385734818976,90.32364420581892,117.9066632909477,454.5325044870674,0.9624066431113962,0.9807071765947762,32.39734826782684,46.5647582805976,41.46954264831422,55.786219917419025,-39.48396937447375,-16.188024053230993,E4:pooled,E4
sky:sunny,C,39678,12,0.9522981089126759,48.86627672422753,64.73496487412866,-20.601190254311373,96.28838833333337,119.71966999999997,225.32825486666792,492.3377333333333,0.9328809957050862,0.9666389258922772,42.277063056466005,55.91368682636608,55.20500542113338,74.45341950271971,-28.160461127005924,-12.2282835301827,E4:pooled,E4
sky:sunny,S-geo,39678,12,0.989322658336896,18.109553812069663,30.626875166835166,13.013777624276258,37.320357236666716,50.85708812000002,135.68161027333377,542.6508343333333,0.9823882390751532,0.9947213422796493,14.113779426829097,23.07449771180572,21.350168565671584,39.40544077838058,8.240021163672788,19.40244735199199,E4:pooled,E4
sky:mixed,A,53341,16,0.4558802934969821,132.44205514703012,225.9683818011386,100.60302745473138,437.00775553366674,564.726318359,751.627998861133,872.6638102216666,0.2838033657510437,0.6210984648840879,103.19997376986706,164.1801832967047,181.7598588868752,264.4754214307376,69.64667057740238,134.9111625187173,E4:pooled,E4
sky:mixed,B,53341,16,0.438582757110877,137.55792217765895,229.5320426256181,98.62761239433871,442.870508,568.8234723333333,757.9594223333331,835.6660923333334,0.2698310415236985,0.6025837012198924,108.67860689492709,167.81686603409364,186.60884382835349,267.379256942217,65.44488926638495,134.34578940856693,E4:pooled,E4
sky:mixed,R,53341,16,0.4548737951433728,132.88867102479958,226.17728043322262,97.42474479677624,438.49302725577263,567.8479862258177,753.9700253070329,853.1616550676085,0.2824516308878381,0.6206347931009382,103.80096629761998,164.19867899799215,181.95136825256435,264.6584985758576,66.16357934626727,131.94452517113098,E4:pooled,E4
sky:mixed,P-cs,53341,16,0.842340326667739,75.0501047078327,121.63561608629925,-0.06430230412725318,194.63811364276108,289.5017254498084,468.3246559602688,759.1456175213333,0.7684112121072284,0.8992084229354534,59.2899884345165,92.98840601890551,97.04088527707876,144.60154132252774,-14.363787404660778,13.846616866468903,E4:pooled,E4
sky:mixed,P-sim,53341,16,0.8543235702488609,70.47143077188709,116.92169229427664,0.2297852950009288,183.3733923679703,273.92323530601584,459.85666798746126,705.5325524859899,0.7844684523838849,0.9103602725632631,54.724728564222104,88.91239728720578,92.53488885972243,139.61590580687343,-12.730211670665765,13.337650632828439,E4:pooled,E4
sky:mixed,D,53341,16,0.827336647653847,84.86441163029356,127.291830651396,5.818072562991506,212.43105408766667,296.13057928357745,437.1738832409948,731.4105248801601,0.7600094065643517,0.8789642710876101,69.72272057456863,101.83932920191756,106.1686865039809,146.95354780205577,-10.178647807343433,20.793005221016642,E4:pooled,E4
sky:mixed,H,53341,16,0.840167705645664,81.80102251283016,122.47084515065924,1.304574363023797,204.75134370848644,282.5593556063415,424.54700622917164,669.1018691234441,0.7773188352715926,0.8899362459980665,66.36878246850475,99.13784004166237,100.99020144326887,142.60331177226172,-12.469740861262816,14.80711318452318,E4:pooled,E4
sky:mixed,C,53341,16,0.8327116998463131,85.66174935559677,125.29485334208597,-4.80303470444798,211.11216666666678,289.68107333333336,427.2711079999999,767.6695199999999,0.7643662391315297,0.885505448823003,70.30913023479657,102.75287216138538,103.49644833486556,145.91786272913643,-13.774610988167453,4.559471477886896,E4:pooled,E4
sky:mixed,S-geo,53341,16,0.8534345115253992,68.75075043574239,117.27793431475162,18.546862260469815,189.90383656666666,285.82570899999996,449.69406117999995,707.4787692,0.7839038090052362,0.909266395947874,52.867071457008144,86.85680347177761,93.01471776846682,139.92034525486775,9.697366589184675,28.746593378301235,E4:pooled,E4
sky:cloudy,A,17298,6,-1.7106483957339735,232.7348432685144,305.21568687288243,213.9686392952946,523.3745121259668,660.621541341083,787.4781669106566,898.7275960283333,-3.6116414976479145,-0.5657296997438059,176.56745000839112,281.1851698856038,231.66831404672328,360.1405752505501,154.53756926346267,265.6297888705101,E4:pooled,E4
sky:cloudy,B,17298,6,-1.5783158198937675,226.75678231863782,297.6722249281794,203.4018029708905,507.8566133333336,642.9939766833332,789.7073568033333,837.9174266666666,-3.3855745255197363,-0.42580640468917563,165.08431613935423,277.6541843903611,217.33323187794014,355.1637874710647,139.26448361500042,259.22404819390914,E4:pooled,E4
sky:cloudy,R,17298,6,-1.7130640913940387,232.02869533267707,305.3516587707013,210.73238340629646,523.8320148828751,659.9477638238487,791.2687112356828,882.8822272881085,-3.623464280195091,-0.5540927867909444,174.37545296544062,281.32003086388335,230.52484755275708,361.13830287408183,150.35705983419564,263.26485209923584,E4:pooled,E4
sky:cloudy,P-cs,17298,6,0.7124698200640884,65.53444031288515,99.40585726439453,-17.4331330527752,157.25886273584882,222.02278517471467,363.8198745613498,671.1293281286771,0.6525914108617261,0.7324797348361818,54.02021444880909,80.39097460748877,81.70300855593474,117.80695943875867,-21.79782623150604,-12.237412151247607,E4:pooled,E4
sky:cloudy,P-sim,17298,6,0.7125928372247236,66.3934739227979,99.38459004547113,-13.883219502256093,158.4837363075547,220.98580708347532,355.57735942921585,579.1489170838065,0.6537019470499646,0.7323016001052198,56.116817832011826,78.99755574621135,82.09260968969909,117.31429742587942,-20.170544202816444,-6.4178203674224905,E4:pooled,E4
sky:cloudy,D,17298,6,0.7073531939988674,71.31759671098058,100.28642528969992,5.277345493637181,154.6823049186549,213.32917285130972,323.727230154154,645.4264960149264,0.6365779978778037,0.734074229503378,60.870280923188396,83.89443742474103,85.65859262529642,115.20884520619174,-0.2946990542121728,10.611118095295566,E4:pooled,E4
sky:cloudy,H,17298,6,0.7003271407694545,72.6628865668828,101.48315550904424,8.593609986605065,163.77946261857738,220.51909125064793,320.5245314198491,583.3191897741394,0.6083335536024163,0.7359872428766668,63.73220083474258,82.84772953035316,88.57077961703575,114.72298216222579,2.3246806685992705,14.520497846805728,E4:pooled,E4
sky:cloudy,C,17298,6,0.6782033523992457,75.03643686462287,105.16252728645453,13.314207940771409,162.866079,228.54978583333315,355.5140051333329,688.1568966666666,0.5852428863988387,0.7175466823932455,61.1216776590687,89.278338206744,84.91647053329277,125.09369750500345,0.5375264679380787,28.96720722554483,E4:pooled,E4
sky:cloudy,S-geo,17298,6,0.7189500216217857,68.7050674246655,98.27929558293287,14.38320399710162,159.89757384333345,214.61527369333328,323.12934219499994,652.2599236666666,0.6587145616661614,0.7387350123883021,57.619183863395435,81.42950833983176,82.15879101700412,114.99536949329729,8.312377774368437,21.245717028852685,E4:pooled,E4
sky:rainy,A,22509,9,-7.196164010610094,284.8416101446028,345.4988425182024,280.3160260089987,565.1992122399334,700.6186897787333,771.0432493486933,948.7446207686667,-57.182949815043386,-2.7863929953577484,233.3439902219177,347.1932666627216,277.31014070906025,413.6904062215312,230.82645843858924,341.58189024802726,E4:pooled,E4
sky:rainy,B,22509,9,-6.3767189421468515,269.02230665984234,327.77278786081104,263.9524435939872,518.1397855333333,681.2245091999999,774.0252006666666,811.9370386666667,-51.88240563065427,-2.4975159715641846,213.40682285504593,336.1135138363055,250.34576497101912,402.3398444551255,210.10740576827135,330.3309852450019,E4:pooled,E4
sky:rainy,R,22509,9,-7.138301130441397,281.39302118061994,344.27711446014143,276.1737489147177,562.3742194222875,699.0782176250751,777.0748975512745,931.3125866365388,-56.775774609281605,-2.777927302466266,228.5343844883386,345.3700983580349,273.8933641847876,414.06985106079486,225.30402881730322,339.374450958567,E4:pooled,E4
sky:rainy,P-cs,22509,9,0.49716053430167684,44.86287002292742,85.57678265308843,5.371252823240015,88.84759387516159,136.60194419641957,414.997865467983,1008.7874933845542,0.1726207774855936,0.5935499446994787,25.914570602919348,71.61842885132798,35.09793779097703,132.3216093723989,-9.484571944382447,18.028918934794667,E4:pooled,E4
sky:rainy,P-sim,22509,9,0.4579697905523281,48.10128192213693,88.84909788986612,8.050238912650894,102.50223890900354,158.3898861684006,414.41582680094746,982.3015031570983,-0.11210395113368339,0.49079888989436116,29.966622706726465,74.27137349819151,43.23678717358305,134.3392369312888,-9.480313323372746,22.144446129834524,E4:pooled,E4
sky:rainy,D,22509,9,0.3605712793276863,63.84802544651507,96.50222931807807,35.07981684928067,117.56942315972975,151.97593771382068,403.28061825377375,994.2311015021378,-1.079144875189514,0.4337362368717478,47.05249633964623,86.68605390477296,58.118147679396195,137.63405538830327,17.171228581231333,49.952348249485155,E4:pooled,E4
sky:rainy,H,22509,9,0.2835713990992249,68.20539869923864,102.14749816326609,38.79927138016146,136.05542581296513,187.27898883166114,409.2915578076755,972.0933359676229,-1.6413732473694884,0.40002987469333784,51.43344284890456,90.13439949097334,66.66564151508216,141.0520090369231,18.06595942192601,55.79479826070515,E4:pooled,E4
sky:rainy,C,22509,9,0.3532402979160111,71.64216037006196,97.0538465983661,50.75115826243095,121.97996000000005,181.9808673333329,365.77455679999855,843.50674,-1.085452565949639,0.44573542437723684,54.05576465441844,96.31647300363407,63.14815051749069,134.80511236181945,42.34930606880631,59.65910111400556,E4:pooled,E4
sky:rainy,S-geo,22509,9,0.44913314089344847,52.88312501567038,89.57041765810882,24.394895072737928,104.41736062666665,145.2454123666665,407.71385221066646,990.910975,-0.27288370101334886,0.49229501085429606,34.14645894189139,79.13938966172866,44.0844547073462,134.4842646996745,14.467088052345082,34.53505607101636,E4:pooled,E4
sky:cloudy+rainy,A,39807,15,-2.831548756660831,262.1987871882741,328.60120160972923,251.48498887046392,548.3736710612667,684.7484851075,776.6348717451673,948.7446207686667,-6.971841659630585,-1.550528416706146,221.77470152999712,306.18485001110804,278.58326632076063,377.1265141689779,210.02392383835456,297.3649126594892,E4:pooled,E4
sky:cloudy+rainy,B,39807,15,-2.5219614081986066,250.65596305057377,315.0462143858228,237.64036326896078,514.7443852666668,668.510040933333,777.3464783000001,837.9174266666666,-6.191145169617407,-1.3512963593389078,208.10237902483746,297.91662396010946,260.21289084833506,367.59347137070375,193.08714965737678,285.97741529712096,E4:pooled,E4
sky:cloudy+rainy,R,39807,15,-2.8159199877948944,259.9419168894723,327.9303397357318,247.73642028998663,545.1685399878927,680.3862760193683,779.7380793591072,931.3125866365388,-6.904300078146283,-1.5466740793442628,218.88138528020073,304.7478054487547,276.9694582548551,377.1733244520471,205.5232941063126,294.50108209981113,E4:pooled,E4
sky:cloudy+rainy,P-cs,39807,15,0.7006894704145175,53.84563242340192,91.84234557591991,-4.5383175257767725,122.20098030882487,190.07135074435465,378.8562345172644,1008.7874933845542,0.5486081879487933,0.79591233884226,38.26310469252526,70.94202698551989,59.115724071786765,121.44417437325176,-14.48306866303772,5.415837380143122,E4:pooled,E4
sky:cloudy+rainy,P-sim,39807,15,0.6893021977191685,56.05009336804929,93.57310907924688,-1.480872792854697,130.05399833739148,195.5106992909894,377.53451193353106,982.3015031570983,0.5310129486393906,0.7841301943537045,41.42496427925392,72.17166878826136,62.3551576634386,122.42018483870515,-12.614397411000951,9.323451971266058,E4:pooled,E4
sky:cloudy+rainy,D,39807,15,0.658063439781873,67.0939028985392,98.16456316059494,22.129251634370704,132.4894280891732,187.0664191771747,363.95969397490217,994.2311015021378,0.4906982131627544,0.7546780688630911,54.790944976868204,81.36677462741274,72.38834239806376,124.97777290202384,10.291541351053919,34.64879513493335,E4:pooled,E4
sky:cloudy+rainy,H,39807,15,0.6318389840444124,70.14238528789159,101.85934260166474,25.67350126973519,147.84020125231558,204.30467142990364,353.5982653129595,972.0933359676229,0.43838919667333676,0.7370941643409143,58.65955413647156,83.57721910657507,78.8613637103179,127.00558351462917,12.256503425620497,39.16965415594614,E4:pooled,E4
sky:cloudy+rainy,C,39807,15,0.6404739731906982,73.11713197814383,100.65773106095148,34.483055500000546,139.69800933333335,205.5959199999999,357.64840150666697,843.50674,0.4724825656911587,0.7294996984352541,59.58766565482758,88.41367507591943,76.04631569517505,124.85021725415686,22.332730747025614,46.98967644222091,E4:pooled,E4
sky:cloudy+rainy,S-geo,39807,15,0.690088739832365,59.758497683562894,93.45459226132486,20.04434787685889,129.48442873333337,191.4938611399997,365.96575393866766,990.910975,0.5280729285717559,0.7868265523573849,45.112209449131726,76.07024689322343,63.603157777991676,122.54708722042209,13.303911910178785,26.708732554075382,E4:pooled,E4
shade:shaded,A,4032,43,0.10419463679830188,16.94567384168509,21.133253248532075,8.622311173336675,32.3614992525,41.44882200886664,54.398630442406684,92.458174133,-0.1581491359730861,0.28615169185632167,14.229186616168016,19.67174527532023,18.021533018024233,24.07169348113965,4.411697666375946,12.981895443475212,E4:pooled,E4
shade:shaded,B,4032,43,-3.5817136753820416,35.98325261559337,47.79401339591565,32.46256623811321,81.92785733333334,96.33190813333333,139.46903558000002,169.78600766666668,-5.260890357810505,-2.466140839576997,31.41661197173372,40.6389069233414,41.777307817380624,53.39145839608937,27.44825054330521,37.68203654743389,E4:pooled,E4
shade:shaded,R,4032,43,0.13846562572614196,15.662511849788759,20.725061753814064,-7.4539842288887765,34.42029360390896,40.72166810710192,60.591666460728604,105.54765309167666,0.00407718369867032,0.24948067278925853,13.37828163484036,18.083616940996258,17.976200190846107,23.40884309719062,-11.705138450235419,-2.9962005837455705,E4:pooled,E4
shade:shaded,P-cs,4032,43,-1.4344935046790344,24.122333583630923,34.83885220368773,10.461019675143898,58.01569087744823,77.8304799365094,116.30287193000004,168.05998999999997,-2.794079122966031,-0.563753403981153,20.05343432776913,28.85851190833212,28.65260906503216,40.97025190225329,3.6491235613284267,17.462848647392764,E4:pooled,E4
shade:shaded,P-sim,4032,43,-0.1592014153481054,17.651166585251,24.040249997660307,-5.940050418911514,37.77012762332768,48.90280887068543,74.8614031829152,125.84131829520172,-0.5145179652014042,0.14096957467492324,14.539149325384178,21.243937793068625,19.80352411740329,28.319809740004327,-11.186656905563723,-0.45685147373888196,E4:pooled,E4
shade:shaded,D,4032,43,-1.5619201905180677,26.42837094298651,35.73899423679156,19.57040932909677,59.060618414605706,76.51168105721683,112.86379734473256,162.2379854795301,-2.914496168652649,-0.6973726806998661,22.462130648753316,30.79743454825165,29.86964768652388,41.56037166709716,13.537706117154361,25.4892326419337,E4:pooled,E4
shade:shaded,H,4032,43,0.0570593870739009,16.337640953745744,21.682117767709713,-3.148968134717574,32.47740581251258,43.30706430162466,68.94496872171212,118.78555845988342,-0.2135789566479245,0.28388071202417225,13.720721723293291,19.195422480131946,18.06834083377624,25.3678812134197,-7.85629853069621,1.819850134029908,E4:pooled,E4
shade:shaded,C,4032,43,-9.84730777914152,61.36717726178219,73.53947239661699,58.636001085310625,120.03725866666669,145.69289916666665,191.33394786666685,242.3616,-16.348606515575458,-5.668978611541331,50.97022951707573,73.22124556529361,60.252077982264645,87.08790049271519,47.32045675972586,71.37668517186891,E4:pooled,E4
shade:shaded,S-geo,4032,43,0.18278690767790196,16.26103312917026,20.18492714118438,8.779700687369164,30.873108466666668,38.37375137499998,58.29873513000001,108.96146806666667,-0.07582514119229031,0.3651768605406826,14.589017511305437,17.957897247070058,17.95671285285548,22.363916145594928,5.251585819407692,12.240908340852211,E4:pooled,E4
shade:unshaded,A,128526,43,0.42748881304615216,143.21600477257456,234.62197249292308,118.28797822566821,430.3969726565,561.7395558675834,755.5006449381666,948.7446207686667,0.20610777681607922,0.6135872175916467,108.57034390839242,175.98193650031416,193.88857926910015,270.7315996339875,82.58315987996183,153.261120004428,E4:pooled,E4
shade:unshaded,B,128526,43,0.444357481285759,143.97708980560657,231.1396379310522,112.16744047161383,417.59526633333337,543.5836788333334,758.1436363333333,837.9174266666666,0.2310754261096082,0.6266254215521868,111.2029089133072,175.14297254157816,191.05666413769637,267.24461139070013,77.47377117259428,146.80404580738437,E4:pooled,E4
shade:unshaded,R,128526,43,0.42833460614696894,143.03291699521458,234.44860034252525,115.39543621764354,431.3835417552362,562.000215675711,759.3064762465688,931.3125866365388,0.20561551421949398,0.6152813341830922,108.83665578465231,175.48886690588503,193.516190605378,270.8428542704663,79.54947665698465,150.57254739130437,E4:pooled,E4
shade:unshaded,P-cs,128526,43,0.9011725347649284,57.07408265800932,97.48000017043009,-3.83483796353314,137.9539856458409,217.54009330022546,402.04565993485005,1008.7874933845542,0.8599584127704292,0.9350087541745079,47.19692624420074,67.63379447376056,80.12510720386594,114.45739086290035,-11.33586181294615,3.60467357264328,E4:pooled,E4
shade:unshaded,P-sim,128526,43,0.9095162039740932,53.239403994976314,93.27432159949055,-2.0050504921794587,128.17185486996257,204.7736737185223,396.0452127209113,982.3015031570983,0.8690366170512924,0.9427695665619487,43.005776496550865,64.06559338346892,74.62294362628269,110.61006288935641,-8.9577354137168,5.203186946979931,E4:pooled,E4
shade:unshaded,D,128526,43,0.8885590857428817,68.03263085789098,103.51398455729735,2.30201263165542,155.07942910913806,227.4733856441036,388.75378079320603,994.2311015021378,0.8486997303834013,0.9207892084906979,58.49305422728973,78.05321334744461,87.85867256525934,118.95289362382111,-8.106822415878229,11.546554896362714,E4:pooled,E4
shade:unshaded,H,128526,43,0.8943234777016247,67.25762648084536,100.80125734808038,-0.11568376060741777,151.84607140625462,217.25608038925745,370.4833152779185,972.0933359676229,0.8555135076501027,0.9261926635221472,57.795732608270306,77.31911193701833,84.65224999049452,116.03564729274963,-10.382268022343874,9.754799928579294,E4:pooled,E4
shade:unshaded,C,128526,43,0.8880423931332533,71.22575874642709,103.7536768604345,0.35996382069665206,149.6366333333334,229.44509166666668,381.76386833333333,843.50674,0.8489291477708518,0.9198911152075716,61.899045858108195,81.58282898317484,88.76091138482646,118.46747922817663,-8.296601123446521,9.434608427714677,E4:pooled,E4
shade:unshaded,S-geo,128526,43,0.9096704926737311,52.0547049985376,93.1947641845438,17.590595292571447,129.71766530000002,208.716196125,394.1519590416667,990.910975,0.8696895892535971,0.9432603934754238,41.401021732675666,63.18122105952623,74.5152406327692,110.42889117959263,12.900364596993224,22.519362590935074,E4:pooled,E4
horizontals,A,117896,43,0.47735548339405254,134.7511537534465,223.10609312434613,110.16109721749206,406.4490519206667,531.6595957441666,749.7613100175333,830.7294108076667,0.2679196637513817,0.6544827832395083,101.98066396770433,165.72371769283114,183.0457217654163,258.75168631929955,76.92087712596035,143.39037704712405,E4:pooled,E4
horizontals,B,117896,43,0.46768737401164373,136.26336176320433,225.1601948176532,111.19438320089962,411.26431016666675,537.57705875,756.4135978500003,837.9174266666666,0.2540886718194418,0.6483406213150286,103.47190059799367,167.30285892861136,184.70414978471237,261.03291609996387,77.82726126252008,144.62189187252505,E4:pooled,E4
horizontals,S,117896,43,0.9116782080435554,52.37236314274788,91.71537962029555,20.76213512644415,128.43333333333334,202.39895833333327,385.8583333333336,796.1750000000001,0.8732352016622308,0.9439242441346682,42.24829182162735,62.88511088369604,73.89774243719154,108.22786971457617,16.20982471789191,25.672711735810726,E4:pooled,E4
horizontals,R,117896,43,0.471409494275532,135.21098394065928,224.37161358328095,108.65632703067712,409.9551933623453,536.1487253077776,755.0071182988712,837.3727967658716,0.25917535066037045,0.6509981186628899,102.53417650969048,166.1435682745619,183.97251194432826,260.2087962820625,75.39993859424311,141.96156418461553,E4:pooled,E4
horizontals,P-cs,117896,43,0.9140506957663852,51.96788590053154,90.47517144909419,-1.9000656592009635,122.02951879921658,197.3326086529452,389.16172841162785,846.2209940675082,0.8753957878233438,0.9462153252814303,42.063474042869764,62.18607853822532,72.29575977079561,107.44261029305456,-8.388913189338016,5.052322608517412,E4:pooled,E4
horizontals,P-sim,117896,43,0.9146903752619031,50.727705344862,90.13786098844392,-4.210347924609288,120.41935981526109,196.89288157127146,388.7217464226399,856.435651736746,0.8758465112044532,0.947022225856945,40.76677914897357,61.17457025616341,71.68530839106668,107.3401846951984,-10.80034971703425,2.846298302852431,E4:pooled,E4
horizontals,D,117896,43,0.902675756178434,62.62493199482951,96.27615802832268,4.359086117786052,139.70056151970564,210.18285471044587,366.8983070882596,848.1771190297378,0.8651463811574711,0.9339279302908348,53.13264287819765,72.40379745009396,80.03945326023428,111.92385336101462,-4.529711634027491,12.612802644223406,E4:pooled,E4
horizontals,H,117896,43,0.9016536648995007,64.04783530886682,96.78037984541777,-2.569553894863601,139.15467537601464,209.1490016010359,361.05004666748295,859.2416881828465,0.8642476141491475,0.9324206129516515,55.01024653664132,73.71254530500504,81.07489679206417,112.11585201988841,-11.849796909517243,6.437092056568218,E4:pooled,E4
horizontals,C,117896,43,0.8986549741155364,67.49495301110022,98.24477243789029,3.493105369059678,138.53421500000002,215.53857916666672,367.4605326666672,718.2885500000001,0.8623676639223371,0.9287463570609481,58.40980670299341,77.33180904297652,82.82309779642657,112.71551399940694,-4.835489002740509,12.41188174709438,E4:pooled,E4
horizontals,S-geo,117896,43,0.9134664277952323,50.7474858885878,90.78216760932541,17.86940924128096,126.20719625000001,201.73908489166666,385.54095057000006,799.5830292666667,0.8749258199965874,0.9456448606463707,40.49003399536908,61.36742142692902,72.62920412288028,107.68703051425415,13.450393464265419,22.619491516738776,E4:pooled,E4
